,cell abundance (cells/L) (last letter: S=surface; B=bottom),A4S,B3S,C1S,D3S,E1S,F2S,H4S,I2S,J2S,K2S,A4B,B3B,C1B,D3B,E1B,F2B,H4B,I2B,J2B,K2B,A4S,B3S,C1S,D3S,E1S,F2S,H4S NOTE: a lot of debris,I2S NOTE: a lot of debris,J2S ,K2S,A4B,B3B,C1B,D3B,E1B,F2B,H4B,I2B,J2B,K2B,A4S,B3S NOTE: little biomass,C1S NOTE: little biomass,D3S,E1S,F2S,H4S,I2S,J2S,K2S,A4B,B3B,C1B,D3B NOTE: high biomass,E1B NOTE: high biomass ,F2B NOTE: high biomass,H4B NOTE: high biomass,I2B,J2B,K2B,A4S,B3S ,C1S ,D3S ,E1S,F2S,H4S,I2S,J2S,K2S ,A4B NOTE: HIGH BIOMASS,"B3B  NOTE: HIGH BIOMASS, A LOT OF DEBRIS",C1B ,D3B ,"E1B NOTE: HIGH BIOMASS, A LOT OF DEBRIS","F2B NOTE: HIGH BIOMASS, A LOT OF DEBRIS","H4B NOTE: HIGH BIOMASS, A LOT OF DEBRIS",I2B,J2B,K2B ,"A4S NOTE: Leptocylindrus danicus BLOOM, HIGH BIOMASS","B3S NOTE: Leptocylindrus danicus BLOOM, LESS THAN A4","C1S NOTE: Leptocylindrus danicus BLOOM, LESS THAN A4","D3S NOTE: Leptocylindrus danicus BLOOM, LESS THAN A4","E1S NOTE: Leptocylindrus danicus BLOOM, LESS THAN A4","F2S NOTE: Leptocylindrus danicus BLOOM, LESS THAN A4",H4S,I2S,J2S,K2S,"A4B NOTE: Leptocylindrus danicus BLOOM, HIGH BIOMASS","B3B NOTE: Leptocylindrus danicus BLOOM, LESS THAN A4","C1B NOTE: Leptocylindrus danicus BLOOM, LESS THAN A4","D3B NOTE: Leptocylindrus danicus BLOOM, LESS THAN A4","E1B NOTE: Leptocylindrus danicus BLOOM, LESS THAN A4","F2B NOTE: Leptocylindrus danicus BLOOM, LESS THAN A4",H4B,I2B,J2B,K2B,A4S Note: Thalassiosira BLOOM,B3S Note: Thalassiosira BLOOM,C1S Note: Thalassiosira BLOOM,D3S,E1S Note: VERY LOW BIOMASS,F2S Note: VERY LOW BIOMASS,H4S Note: VERY LOW BIOMASS,"I2S Note: FEW PHYTOPLANKTON, A LOT OF CILIATES (LABOEA)",J2S NOTE: VERY LOW BIOMASS,K2S,A4B Note:LARGE AMOUNT OF DEBRIS,B3B Note:LARGE AMOUNT OF DEBRIS,C1B Note: LARGE AMOUNT OF DEBRIS,D3B,E1B FEW CELLS,F2B ,H4B,I2B ,J2B NOTE: VERY LOW BIOMASS,K2B  VERY LOW BIOMASS,A4S  High biomass.,B3S,C1S,D3S,E1S,F2S,H4S,I2S,J2S,K2S A lot of debris,A4B,B3B,C1B,D3B,E1B,F2B,H4B  A lot of debris,I2B A lot of debris,J2B,K2B Few cells,A4S ,B3S ,C1S,D3S ,E1S,F2S  Few cells,H4S  Very little biomass,I2S  Few cells,J2S Few cells,K2S Few cells,A4B  A lot of debris,B3B  A lot of debris,C1B  A lot of debris,D3B  A lot of debris ,E1B  A lot of debris ,F2B,H4B,I2B,J2B,K2B,A4S,B3S  Prorocentrum triestinum bloom ,C1S,D3S,E1S,F2S  Few cells,H4S  Few cells,I2S  Few cells,J2S  A lot debris,K2S,A4B,B3B,C1B  Lots of debris,D3B,E1B,F2B,H4B,I2B,J2B,K2B,A4S,B3S,C1S,D3S,E1S,F2S,H4S,I2S,J2S,K2S,A4B  Lots of debris,B3B,C1B,D1B,E1B,F2B,H4B,I2B,J2B,K2B,A4S,B3S,C1S,D3S,E1S,F2S,H4S,I2S,J2S,K2S Few cells,A4B,B3B,C1B,D3B,E1B,F2B,H4B,I2B,J2B,K2B Few cells,A4S ,B3S,C1S,D3S,E1S,F2S few cells,H4S few cells,I2S Lots of debris,J2S Lots of debris,K2S,A4B,B3B,C1B,D3B,E1B,F2B,H4B,I2B,J2B Lots of debris,K2B Few cells
Phylum,Species,1/14/15,1/14/15,1/14/15,1/14/15,1/15/15,1/15/15,1/15/15,1/12/15,1/12/15,1/12/15,1/14/15,1/14/15,1/14/15,1/14/15,1/15/15,1/15/15,1/15/15,1/12/15,1/12/15,1/12/15,2/10/15,2/10/15,2/10/15,2/10/15,2/6/15,2/6/15,2/10/15,2/4/15,2/4/15,2/3/15,2/10/15,2/10/15,2/10/15,2/10/15,2/6/15,2/6/15,2/10/15,2/4/2015  note: a lot of debris,2/4/15,2/3/15,3/10/15,3/10/15,3/10/15,3/10/15,3/9/15,3/9/15,3/9/15,3/11/15,3/11/15,3/11/15,3/10/15,3/10/15,3/10/15,3/10/15,3/9/15,3/9/15,3/9/15,3/11/15,3/11/15,3/11/15,4/1/15,4/1/15,4/1/15,4/1/15,3/31/15,3/31/15,3/31/15,4/2/15,4/2/15,4/2/15,4/1/15,4/1/15,4/1/15,4/1/15,3/31/15,3/31/15,3/31/15,4/2/15,4/2/15,4/2/15,5/1/15,5/1/15,5/1/15,5/1/15,5/1/15,5/4/15,5/4/15,4/30/15,4/30/15,4/30/15,5/1/15,5/1/15,5/1/15,5/1/15,5/1/15,5/4/15,5/4/15,4/30/15,4/30/15,4/30/15,5/29/15,5/29/15,5/29/15,5/29/15,6/1/15,6/1/15,6/5/15,5/28/15,5/28/15,5/28/15,5/29/15,5/29/15,5/29/15,5/29/15,6/1/15,6/1/15,6/5/15,5/28/15,5/28/15,5/28/15,7/7/15,7/7/15,7/7/15,7/7/15,7/8/15,7/8/15,7/8/15,7/6/15,7/6/15,7/6/15,7/7/15,7/7/15,7/7/15,7/7/15,7/8/15,7/8/15,7/8/15,7/6/15,7/6/15,7/6/15,8/3/15,8/4/15,8/4/15,8/4/15,8/5/15,8/5/15,8/6/15,8/6/15,8/6/15,8/6/15,8/3/15,8/3/15,8/4/15,8/4/15,8/5/15,8/5/15,8/6/15,8/6/15,8/6/15,8/6/15,9/1/15,9/1/15,9/1/15,9/1/15,9/1/15,9/2/15,9/2/15,9/2/15,8/31/15,8/31/15,No sample,9/1/15,9/1/15,9/1/15,9/1/15,9/2/15,9/2/15,9/2/15,8/31/15,8/31/15,10/8/15,10/8/15,10/8/15,10/8/15,10/9/15,10/9/14,10/13/15,10/13/15,10/7/15,10/7/15,10/8/15,10/8/15,10/8/15,10/8/15,10/9/15,10/9/15,10/13/15,10/13/15,10/7/15,10/7/15,11/9/15,11/9/15,11/9/15,11/9/15,11/9/15,11/10/15,11/10/15,11/6/15,11/6/15,11/6/15,11/9/15,11/9/15,11/9/15,11/9/15,11/9/15,11/10/15,11/10/15,11/6/15,11/6/15,11/6/15,11/30/15,11/30/15,11/30/15,11/30/15,12/14/15,12/14/15,12/14/15,12/16/15,12/16/15,12/16/15,11/30/15,11/30/15,11/30/15,11/30/15,12/14/15,12/14/15,12/14/15,12/16/15,12/16/15,12/16/15
Genus,,,,,,,,,,,,,,,,,,,,,,,,,,,,,,,,,,,,,,,,,,,,,,,,,,,,,,,,,,,,,,,,,,,,,,,,,,,,,,,,,,,,,,,,,,,,,,,,,,,,,,,,,,,,,,,,,,,,,,,,,,,,,,,,,,,,,,,,,,,,,,,,,,,,,,,,,,,,,,,,,,,,,,,,,,,,,,,,,,,,,,,,,,,,,,,,,,,,,,,,,,,,,,,,,,,,,,,,,,,,,,,,,,,,,,,,,,,,,,,,,
,,,,,,,,,,,,,,,,,,,,,,,,,,,,,,,,,,,,,,,,,,,,,,,,,,,,,,,,,,,,,,,,,,,,,,,,,,,,,,,,,,,,,,,,,,,,,,,,,,,,,,,,,,,,,,,,,,,,,,,,,,,,,,,,,,,,,,,,,,,,,,,,,,,,,,,,,,,,,,,,,,,,,,,,,,,,,,,,,,,,,,,,,,,,,,,,,,,,,,,,,,,,,,,,,,,,,,,,,,,,,,,,,,,,,,,,,,,,,,,,,
Diatom,,,,,,,,,,,,,,,,,,,,,,,,,,,,,,,,,,,,,,,,,,,,,,,,,,,,,,,,,,,,,,,,,,,,,,,,,,,,,,,,,,,,,,,,,,,,,,,,,,,,,,,,,,,,,,,,,,,,,,,,,,,,,,,,,,,,,,,,,,,,,,,,,,,,,,,,,,,,,,,,,,,,,,,,,,,,,,,,,,,,,,,,,,,,,,,,,,,,,,,,,,,,,,,,,,,,,,,,,,,,,,,,,,,,,,,,,,,,,,,,,
Achnanthes,Achnanthes spp.,,,,,,,,,,,,,,,,,,,,,1452,4400,4400,8800,,,,,4400,,,,,,,,,,,,,,,,,,,,,,,,1452,4400,1452,1452,,1452,,,,,,,,,,,,,,,,,,,,,,,,,,,,,,,,,,,,,,,,,,,,,,,,,,,,,,,,,,,,,,,,,,,,,,,,4400,4400,4400,4400,,,4400,4400,,17600,,4400,,,,,,,,,,4400,,,4400,4400,,,,13200,8800,,,,,,,,,,,,,5720,5720,,3775,1888,,1888,,4400,1452,,8800,1452,,,1888,,,1452,,,,13200,13200,13200,1452,1452,1452,,,,,,,,,,,,,,,1452,,,,,1452,,1452,,2904,,1452,1452,,8800,,,,1452,,,1452,1452,1452,8800,1452
Actinocyclus,Actinocyclus spp.,4400,,,,,,,,,,,,,,,,,,,,,,,,,,,,,,,,,,,,,,,,,,,,,,,,,,,,,,,,,,,,,,,,,,,,,,,,,,,,,,,,,,,,,,,,,,,,,,,,,,,,,,,,,,,,,,,,,,,,,,,,,,,,,,,,,,,,,,,,,,,,,,,,,,,,,,,,,,,,,,,,,,,,,,,,,,,,,,,,,,,,,,1452,,,,,,,,,,,,,,,,,,,,2904,,,,,,,,,,,,,,,,,,,,,,,,,,,,,,,,,,,,,
Actinoptychus,Actinoptychus senarius,,,,,,1452,,,,,,,,,,,,,,,,,,,,,,,,,,,,,,,,,,,,,,,,,,,,,,,,,,,,,,,,,,,,,,,,,,,,,,,,,,,,,,,,,,,,,,,,,,,,,,,,,,,,,,,,,,,,,,,,,,,,,,,,,,,,,,,,,,,,,,,,,,,,,,,,,,,,,,,,,,,,,,,,,,,,,,,,,,,,,,,,,,,,,,,,,,,,,,,,,,,,,,,,,,,,,,,,,,,,,,,,,,,,,,,,,,,,,,,,,,
,Actinoptychus undulatus,,,,,,,,,,,,,,,,,,,,,,,,,,,,,,,,,,,,,,,,,,,,,,,,,,,,,,,,,,,,,,,,,,,,,,,,,,,,,,,,,,,,,,,,,,,,,,,,,,,,,,,,,,,,,,,,,,,,,,,,,,,,,,,,,,,,,,,,,,,,,,,,,,,,,,,,,,,,,,,,,,,,,,,,,,,,,,,,,,,,,,,,,,,,,,,,,,,,,,,,,,,,,,,,,,,,,,,,,,,,,,,,,,,,,,,,,,,,,,,,
Amphiprora,Amphiprora spp.,,,,,,,,,,,,,,,,,,,,,,,,,,,,,,,4400,,,,,,,,,,,,,,,,,,,,,,,,,,,,,,,,,,,,,,,,1452,,,,,,,,,,,,,,,,,,,,,,,,,,,,,,,,,,,,,,,,,,,,,,,,,,,,,,,,,,,,,,,,,,,,,,,,,,,,,,,,,,,,,,4400,,,,,,,,,,,,,,,,,,,,,,,,,,,,,,,,,1452,,,,,,,,,,,,,,,,,,,,,4400,,,,,,,,,,,,,,,,,,,,,,,,,,,,,
,Amphora spp.,,,,,,,,,,,,,,,,,,,,,,,,,,,,,,,,,,1452,,,,,,8800,1452,,,4400,,,,,,,,,,,,,,,,,,,,,,,1452,,,,,,,,,,,,,,,1452,,,,,,,,,,1452,,,,,,,,,,,,,,,,,,,,,,,,,,,,,,,,,,,,,,,8800,,4400,,,,,,8800,,,,,4400,,,,,,,,,1452,,,,,,,,4400,,,,,,,,,,,,,,,,,,,,,,,,,,,,,,,,,,,1452,,1452,,8800,,,,,1452,2904,1452,,,,,,1452,8800,1452,,1452,8800,,,,,,1452,,,,,1452,,1452,1452,1452,1452,1452,,,1452,,
Asterionellopsis,"Asterionellopsis glacialis (Asterionella glacialis Castracane 1886 , A. japonica Cleve 1882)",4400,,,,,4400,4400,1452,1452,2904,,4400,44000,,,,,4400,5852,13200,22000,4400,13200,52800,8800,13200,13200,17600,13200,26400,17600,8800,8800,30800,8800,8800,8800,13200,8800,8800,70400,26400,4400,74800,83600,61600,22000,22000,74800,30800,132000,44000,57200,154000,61600,35200,35200,136400,198000,123200,39600,17600,17600,22000,4400,44000,35200,8800,13200,8800,52800,30800,52800,154000,259600,202400,193600,127600,61600,22000,,4400,,,,8800,,,,,,,,,,13200,,4400,,,,,,,,,,,,,1452,4400,1452,,,26400,1,,,1452,,,,4400,4400,26400,,,17600,4400,4400,13200,8800,8800,4400,,,8800,22000,4400,,,,,,,,,,,,,,4400,8800,4400,8800,,8800,,,,,,,,,,8800,,,5720,,,,,,,,,8800,17600,17600,26400,127600,74800,149600,11440,108680,79200,17600,8800,,8800,48400,92400,61600,83600,61600,22000,2904,13200,,8800,1452,4400,,2904,1452,,2904,,35200,13200,1452,4400,1452,,1452,,,,,1452,,,,,8800,,,,8800,,2904,,2904,,8800,
Asteroplanus,Asteroplanus karianus,,,,,,,,,,,,,,,,,,,,,,,,,,,,13200,,8800,,,,8800,4400,8800,,,,,,,,,,,,,,,,,,,1452,1452,,,,,,,,,,,,,,,,,,4400,,,,4400,,,,,,,,,,,,,,,,,,,,,,,,,,,,,,,,,,,,,,,,,,,,,,,,,,,,,,,,,,,,,,,,,,,,,,,,,,,,,,,,,,,,,,,,,,,,,,,,,,,,,,17160,,,,,,,,,,,,,,,,,,,,,,,,,,,,,,,,,,,,,,,,,,,,,,,,,,,,,,,,,,,,
Bacillaria,Bacillaria paxillifer,,,,,,,,,,,,,,,,,,,,,,,,,,,,,,,,,,,,,,,22000,,,,,,2904,,,,,,,,,,,,,,,,,,,,,,,,,,,,,,,,,,,,,,,,,,,,,,,,,,,,,,,,,,,,,,,,,,,,,,,,,,,,,,,,,,,,,,,,,,,,,,,,,,,,,,,,,,,,,,,,,,,,,,,,,,,,17600,,,,,,,,,,,,,,,,,,,,,,35200,,,,,,,,,,,,,,,,,,,,,,,,,,,5852,1452,,,,,,,,,,,,,,,,,,30800,,,
Bacteriastrum,Bacteriastrum spp.,,,,,,,,,,,,,,,,,,,,,,,,,,,,,,,,,,,,,,,,,,,,,,,,,,,,,,,,,,,,4400,,1452,,,,,,,,,,,,,,,,,,,,,,,,,,,,,,,,,,,,,,,,,,,,,,,,,,,,,,,,,,,,,,,,,,,,,,,,,,,,,,,,,,,,,,,,,,,,,,,,,,,,,,,,,,,,,,,,,,,,,5720,,2904,,,,,,,,,,,,,,,,,5852,,,,,,,,,,1452,,,,,,,,,,,,,,,,,,,,,,,,,,,,,,,,
Cerataulina,Cerataulina pelagica,,,,,,,,,,,,,,,,,,,,,,,,,,,,,,,,,,,,,,,,,,,,,,,,,,,,,,,,,,,,,,,,,,,,,,,,,,,,,,,1452,,,,,,,,,,,,,,,,,,,,,,,,,,,,,,,,,,,,,,,,,,26400,,26400,,,396000,215600,206800,88000,13200,4400,26400,44000,30800,35200,17600,8800,202400,26400,22000,,17600,30800,35200,211200,237600,30800,17600,,,,,8800,,8800,8800,,4400,,4400,8800,,,4400,,,8800,13200,48400,17600,,,,,,,,22880,62920,17160,4400,35200,13200,13200,,8800,1452,17160,5720,4400,13200,52800,4400,8800,,4400,,,,,,,,,,,,,,,,,,,,,,,,,,,,,,,,,,,,,,,,,,,,
Chaetoceros,Chaetoceros compressus,,,,,,,,,,,,,,,,,,,,,,,,,,,,,,,,,,,,,,,,,,,,,,,,,,,,,,,,,,,,,,,,,,,,,,,,,,,,,,,,,,,,,,,,,,,,,,,,,,,,,,,,,,,,,,,,,,,,,,,,,,,,,,,,,,,,,,,,,,,,,,,,,,,,,,,,,,,,,,,,,,,,,,,,,,,,,,,,,,,,,,,,,,,,,,,,,,,,,,,,,,,,,,,,,,,,,,,,,,,,,,,,,,,,,,,,,,,,,,,,
,resting spores of Chaetoceros compressus,,,,,,,,,,,,,,,,,,,,,,,,,,,,,,,,,,,,,,,,,,,,,,,,,,,,,,,,,,,,,,,,,,,,,,,,,,,,,,,,,,,,,,,,,,,,,,,,,,,,,,,,,,,,,,,,,,,,,,,,,,,,,,,,,,,,,,,,,,,,,,,,,,,,,,,,,,,,,,,,,,,,,,,,,,,,,,,,,,,,,,,,,,,,,,,,,,,,,,,,,,,,,,,,,,,,,,,,,,,,,,,,,,,,,,,,,,,,,,,,
,Chaetoceros constrictus,,,,,,,,,,,,,,,,,,,,,,,,,,,,,,,,,,,,,,,,,,,,,,,,,,,,,,,,,,,,,,,,,,,,,,,,,,,,,,,,,,,,,,,,,,,,,,,,,,,,,,,,,,,,,,,,,,,,,,,,,,,,,,,,,,,,,,,,,,,,,,,,,,,,,,,,,,,,,,,,,,,,,,,,,,,,,,,,,,,,,,,,,,,,,,,,,,,,,,,,,,,,,,,,,,,,,,,,,,,,,,,,,,,,,,,,,,,,,,,,
,Chaetoceros curvisetus,,,,,,,,,,,,,,,,,,,,,,,,,,,,,,,,,,,,,,,,,,,,,,,,,,,,,,,,,,,,,,,,,,,,,,,,,,,,,,,,,,,,,,,,,,,,,,,,,,,,,,,,,,,,,,,,,,,,,,,,,,,,,,,,,,,,,,,,,,,,,,,,,,,,,,,,,,,,,,,,,,,,,,,,,,,,,,,,,,,,,22000,66000,149600,576400,387200,136400,,,,,,74800,30800,92400,140800,17600,30800,,,,,,,,,,,,,,,11704,,,,8800,22000,,,,,,,,,,,,,,,,,,,,,,,
,Chaetoceros danicus,,,,,,1452,,1452,,,,,,,,,1452,,,,,,,1452,,2904,,,4400,4400,,4400,4400,,,,,,4400,,,4400,,4400,,,,4400,,,1452,8800,,4400,4400,,,4400,,4400,1452,,8800,,,,,1452,,8800,,8800,2904,,,,4400,4400,,,,,,,,,,,,,,,,,,,,,,,,,,,,,,,,,,,,,,,,,,,,,,,,,,,,,,,,,,,,,,,,,,,,,,,,,,,,,,,,,,,,,,,,,,2904,30800,13200,,,,,,,5720,,5720,,,8800,39600,,,,,1888,1888,5852,,,,8800,5852,5852,,8800,,,,,,,,,,,,,,8800,,4400,,,,,,,,,,,,,,,,,,,,,,,,,,
,Chaetoceros debilis,,,17600,,,,,,,,,,,,,,,,,,,,,,,,,,,,,,,,,,,,,,,,,,,,,,,,17600,,,,,,,,,96800,26400,,,,,26400,26400,,,,,,,,,,,,,,,,,,,,,,,,,,,,,,,,,,,,,,,,,,,,,,,,,,,,,,,,,,,,,,,,,,,,,,,,,,,,88000,,,,,,,,,,,,,,,,,26400,,,,,,,,,,,,,,,,,,,,,,,52800,154000,74800,39600,,,,,,,,,,,,,,,,,,,,,,,,,,,,,,,,,,,,,,,,,,,,,,,,,,,,,,
,Chaetoceros decipiens,,,,,,,,,,,,,,,,,,,,,,,,,,,,,,,,,,,,,,,,,,,,,,,,,,,,,,,,,,,,,,,,,,,,,,,,,,,,,,,,,,,,,,,,,,,,,,,,,,,,,,,,,,,,,,,,,,,,,,,,,,,,,,,,,,,,,,,,,,,,,,,,,,,,,,,,,,,,,,,,,,,,,,,,,,,,,,,,,,,,,,,,,,,,,,,,,,,,,,,,,,,,,,,,,,,,,,,,,,,,,,,,,,,,,,,,,,,,,,,,
,Chaetoceros didymus,,,,,,,,,,,,,,,,,,,,,,,,,,,,,,,,,,,,,,,,,,,,,,,,,,,,,,,,,,,,,,,,,,,,,,,,,,,,,,,,,,,,,,,,,,,,,,,,,,,,,,,,,,,,,,,,,,,,,,,,,,,,,,,,,,,,,,,,,,,,,,,,,,,,,,,,,,,,,,,,,,,,,,,,,,,,,,,,,,,,,,,,17600,4400,,,,,,,,,,,,,,,,,,,,,,,,,,,,,,,,,,,,,,,,,,,,,,,,,,,,,,,
,resting spores of Chaetoceros didymus,,,,,,,,,,,,,,,,,,,,,,,,,,,,,,,,,,,,,,,,,,,,,,,,,,,,,,,,,,,,,,,,,,,,,,,,,,,,,,,,,,,,,,,,,,,,,,,,,,,,,,,,,,,,,,,,,,,,,,,,,,,,,,,,,,,,,,,,,,,,,,,,,,,,,,,,,,,,,,,,,,,,,,,,,,,,,,,,,,,,,,,,,,,,,,,,,,,,,,,,,,,,,,,,,,,,,,,,,,,,,,,,,,,,,,,,,,,,,,,,
,Chaetoceros distans,,,,,,,,,,,,,,,,,,,,,,4400,,,,,,,,,,,,,,,,,,,,,,,,,,,,,,,,,,,,,,,,,,,,,,,,,,,,,,,,,,,,,,,,,,,,,,,,,,,,,,,,,,,,,,,,,,,,,,,,,,,,,,,,,,,,,,,,,,,,,,,,,,,,,,,,,,,,,,,,,,,,,,,,,,,,,,,,,,,,,,,,,,,,,,,,,,,,,,,,,,,,,,,,,,,,,,,,,,,,,,,,,,,,,,,,,,,,,,,,,,
,Chaetoceros eibenii,,,,,,,,,,,,,,,,,,,,,,,,,,,,,,,,,,,,,,,,,,,,,,,,,,,,,,,,,,,,,,,,,,,,,,,,,,,,,,,,,,,,,,,,,,,,,,,,,,,,,,,,,,,,,,,,,,,,,,,,,,,,,,,,,,,,,,,,,,,,,,,,,,,,,,,,,,,,,,,,,,,,,,,,,,,,,,,,,,,,,,,,,,,,,,,,,,,,,,,,,,,,,,,,,,,,,,,,,,,,,,,,,,,,,,,,,,,,,,,,
,Chaetoceros lorenzianus,,,,,,,,,,,,,,,,,,,,,,,,,,,,,,,,,,,,,,,,,,,,,,,,,,,,,,,,,,,,,,,,,,,,,,,,,,,,,,,,,,,,,,,,,,,,,,,,,,,,,,,,,,,,,,,,,,,,,,,,,,,,,,,,,,,,,,,,,,,,,,,,,,,,,,,,,,,,,,,,,,,,,,,,,,,,,,,,,,,,,,,,,,,,,,,,,,,,,,,,,,,,,,,,,,,,,,,,,,,,,,,,,,,,,,,,,,,,,,,,
,resting spores of Chaetoceros lorenzianus,,,,,,,,,,,,,,,,,,,,,,,,,,,,,,,,,,,,,,,,,,,,,,,,,,,,,,,,,,,,,,,,,,,,,,,,,,,,,,,,,,,,,,,,,,,,,,,,,,,,,,,,,,,,,,,,,,,,,,,,,,,,,,,,,,,,,,,,,,,,,,,,,,,,,,,,,,,,,,,,,,,,,,,,,,,,,,,,,,,,,,,,,,,,,,,,,,,,,,,,,,,,,,,,,,,,,,,,,,,,,,,,,,,,,,,,,,,,,,,,
,Chaetoceros pseudocurvisetus,,,,,,,,,,,,,,,,,,,,,,,,,,,,,,,,,,,,,,,,,,,,,,,,,,,,,,,,,,,,,,,,,,,,,,,,,,,,,,,,,,,,,,,,,,,,,,,,,,,,,,,,,,,,,,,,,,,,,,,,,,,,,,,,,,,,,,,,,,,,,,,,,,,,,,,,,,,,,,,,,,,,,,,,,,,,,,,,,,,,,,,,,,,,,,,,,,,,,,,,,,,,,,,,,,,,,,,,,,,,,,,,,,,,,,,,,,,,,,,,
,Chaetoceros rostratus,,,,,,,,,,,,,,,,,,,,,,,,,,,,,,,,,,,,,,,,,,,,,,,,,,,,,,,,,,,,,,,,,,,,,,,,,,,,,,,,,,,,,,,,,,,,,,,,,,,,,,,,,,,,,,,,,,,,,,,,,,,,,,,,,,,,,,,,,,,,,,,,,,,,,,,,,,,,,,,,,,,,,,,,,,,,,,,,,,,,,,,,,,,,,,,,,,,,,,,,,,,,,,,,,,,,,,,,,,,,,,,,,,,,,,,,,,,,,,,,
,Chaetoceros simplex,,,,,,,,2904,,,,,,4400,,4400,,,,,,,26400,22000,8800,1452,1452,,,,,,4400,8800,,4400,4400,4400,8800,,3,4400,4400,22000,,8800,,13200,,1452,4400,22000,17600,8800,8800,4400,8800,,,4400,4400,4400,,8800,,,,1452,,,,,8800,17600,4400,1452,4400,,,4400,,1452,,,,,,4400,,,,,,,,,,,,,,,,,,,,,,,,,,,,,,,,,,,,,,,,,4400,,,,,,,1452,,,,,,1452,26400,4400,4400,35200,,,,,4400,,,4400,4400,,1452,,,8800,,,,,,8800,,,,,,,,,,,,3775,,,,,4400,13200,,,,,,,,4400,,,35200,22000,8800,,,,,,,,,,,,,,,,,,,,,,,,,,,,,,,,,,,,,,,,,,,
,Chaetoceros socialis,,,,,,,,,,,,,,,,,,,,,,,,,,,,,,,,,,,,,,,,,,,,,,,,,,,,,,,,,,,,,,,,,,,,,,,,,,,,,,,,,,,,,,,,,,,,,,,,,,,,,,,,,,,,,,,,,,,,,,,,,,,,,,,,,,,,,,,,,,,,,,,,,,,,,,,,,,,,,,,,,,,,,,,,,,,,,,,,,,,,,,,,,,,,,,,,,,,,,,,,,,,,,,,,,,,,,,,,,,,,,,,,,,,,,,,,,,,,,,,,
,Chaetoceros teres,,,,,,,,,,,,,,,,,,,,,,,,,,,,,,,,,,,,,,,,,,,,,,,,,,,,,,,,,,,,,,,,,,,,,,,,,,,,,,,,,,,,,,,,,,,,,,,,,,,,,,,,,,,,,,,,,,,,,,,,,,,,,,,,,,,,,,,,,,,,,,,,,,,,,,,,,,,,,,,,,,,,,,26400,,,,,,,,,28600,51480,17160,,,,,,,,,,,,,,,,,,,,,,,,,,,,,,,,,,,,,,,,,,,,,,,,,,,,,,,,,,,,,,,
,Chaetoceros spp.,,61600,,,57200,22000,22000,22000,,,,,30800,13200,13200,,8800,8800,,,52800,26400,,,39600,,35200,,88000,,74800,61600,52800,17600,83600,8800,22000,4400,79200,83600,96800,114400,8800,17600,61600,30800,61600,13200,140800,110000,22000,26400,30800,35200,57200,88000,35200,92400,149600,92400,242000,30800,17600,127600,176000,4400,74800,17600,13200,,330000,281600,66000,193600,255200,123200,123200,110000,26400,13200,,,,,,,,,,,,8800,,,,8800,,,4400,,,,,,,,,,,,,,,,,8800,,,,,26400,,26400,17600,,,4400,,39600,17600,,,,17600,13200,,,,22000,,585200,990000,136400,39600,162800,22000,,,22000,,,26400,,,,,,4400,,,,,,,,,246400,158400,118800,26400,,,17160,17160,,,131560,217360,120120,57200,79200,286000,110000,220000,440000,92400,215600,62920,51480,22000,193600,189200,66000,79200,79200,255200,145200,5852,52800,4400,,,22000,22000,26400,22000,,,,,,,17600,,5852,,,,,5852,,17600,4400,,4400,8800,,2904,,,,,,,,,,39600,,4400
,resting spores of Chaetoceros spp.,110000,,,,,,,,,,,,,,,,,,8800,,,,,,,,,,,,,,,,,,,,,,4400,,,,,,,,,,,,,,,,,,,13200,,,,,,,,,,,,,,,,,,,,,,,,,,,,,,,,,,,,,,,,,,,,,,,,,,,,,,,,,,,,,,,,,,61600,,,,,,,,,,,,,,,,,,,,,,,,,,,,,,,,,,,,,,,,,,,,,,,,,,,,,,,,,,,,,,,,,,,,,,,,,,,,,,,,,,,,,,,,,,,,,,,,,,,,,,,,,,,,,,,,,,
Climacosphenia,Climacosphenia moniligera,,,,,,,,,,,,,,,,,,,,,,,,,,,,,,,,,,,,,,,,,,,,,,,,,,,,,,,,,,,,,,,,,,,,,,,,,,,,,,,,,,,,,,,,,,,,,,,,,,,,,,,,,,,,,,,,,,,,,,,,,,,,,,,,,,,,,,,,,,,,,,,,,,,,,,,,,,,,,,,,,,,,,,,,,,,,,,,,,,,,,,,,,,,,,,,,,,,,,,,,,,,,,,,,,,,,,,,,,,,,,,,,,,,,,,,,,,,,,,,,
Corethron,Corethron hystrix,,,,,,,,,,,,,,,,,,,,,,,,,,,,,8800,4400,,,,,,,4400,,2,1452,,,,,,,,,,1452,,,,,,,,,,4400,1452,,,,,,,,,,,,,,,,,,,,,,,,,,,,,,,,,,,,,,,,,,,,,,,,,,,,,,,,,,,,,,,,,,,,,,,,,,,,,,,,,,,,,,,,,,,,,,,,,,,,,,,,,,,,,,,,,,,,,,,,,,,,,,,,,,,,,,,,,,,,,,,,,,,,,,,,,,,,,,,,,,,,,,,,,,,,,,,,,,,
,Corethron criophlium,,,,,,,,,,,,,,,,,,,,,,,,,,,,,,,,,,,,,,,,,,,,,,,,,,,,,,,,,,,,,,,,,,,,,,,,,,,,,,,,,,,,,,,,,,,,,,,,,,,,,,,,,,,,,,,,,,,,,,,,,,,,,,,,,,,,,,,,,,,,,,,,,,,,,,,,,,,,,,,4400,8800,,,,,,4400,35200,57200,162800,74800,,,,5720,,1888,68640,22880,91520,62920,,,1452,,,13200,13200,5720,,,1452,4400,,1452,,22000,4400,1452,4400,,,,,,,,,,,,,,,,,,,1452,,,,,,,,,,,,,,,,,,,,,,1452
Coscinodiscus,Coscinodiscus asteromphalus,,,,,,,,,,,,,,,,,,,,,,,,,,,,,,,,,,,,,,,,,,,,,,,,,,,,,,,,,,,,,,,,,,,,,,,,,,,,,,,,,,,,,,,,,,,,,,,,,,,,,,,,,,,,,,,,,,,,,,,,,,,,,,,,,,,,,,,,,,,,,,,,,,,,,,,,,,,,,,,,,,,,,,,,,,,,,,,,,,,,,,,,,,,,,,,,,,,,,,,,,,,,,,,,,,,,,,,,,,,,,,,,,,,,,,,,,,,,,,,,
,Coscinodiscus bipartitus,,,,,,,,,,,,,,,,,,,,,,,,,,,,,,,,,,,,,,,,,,,,,,,,,,,,,,,,,,,,,,,,,,,,,,,,,,,,,,,,,,,,,,,,,,,,,,,,,,,,,,,,,,,,,,,,,,,,,,,,,,,,,,,,,,,,,,,,,,,,,,,,,,,,,,,,,,,,,,,,,,,,,,,,,,,,,,,,,,,,,,,,,,,,,,,,,,,,,,,,,,,,,,,,,,,,,,,,,,,,,,,,,,,,,,,,,,,,,,,,
,Coscinodiscus blandus,,,,,,,,,,,,,,,,,,,,,,,,,,,,,,,,,,,,,,,,,,,,,,,,,,,,,,,,,,,,,,,,,,,,,,,,,,,,,,,,,,,,,,,,,,,,,,,,,,,,,,,,,,,,,,,,,,,,,,,,,,,,,,,,,,,,,,,,,,,,,,,,,,,,,,,,,,,,,,,,,,,,,,,,,,,,,,,,,,,,,,,,,,,,,,,,,,,,,,,,,,,,,,,,,,,,,,,,,,,,,,,,,,,,,,,,,,,,,,,,
,Coscinodiscus concinus,,,,,,,,,,,,,,,,,,,,,,,,,,,,,,,,,,,,,,,,,,,,,,,,,,,,,,,,,,,,,,,,,,,,,,,,,,,,,,,,,,,,,,,,,,,,,,,,,,,,,,,,,,,,,,,,,,,,,,,,,,,,,,,,,,,,,,,,,,,,,,,,,,,,,,,,,,,,,,,,,,,,,,,,,,,,,,,,,,,,,,,,,,,,,,,,,,,,,,,,,,,,,,,,,,,,,,,,,,,,,,,,,,,,,,,,,,,,,,,,
,Coscinodiscus lineatus,,,,,,,,,,,,,,,,,,,,,,,,,,,,,,,,,,,,,,,,,,,,,,,,,,,,,,,,,,,,,,,,,,,,,,,,,,,,,,,,,,,,,,,,,,,,,,,,,,,,,,,,,,,,,,,,,,,,,,,,,,,,,,,,,,,,,,,,,,,,,,,,,,,,,,,,,,,,,,,,,,,,,,,,,,,,,,,,,,,,,,,,,,,,,,,,,,,,,,,,,,,,,,,,,,,,,,,,,,,,,,,,,,,,,,,,,,,,,,,,
,Coscinodiscus radiatus,,,,,,,,,,,,,,,,,,,,,,,,,,,,,,,,,,,,,,,,,,,,,,,,,,,,,,,,,,,,,,,,,,,,,,,,,,,,,,,,,,,,,,,,,,,,,,,,,,,,,,,,,0.33,,,,,,,,,,,,,,,,,,,,,,,,,,,,,,,,,,,,,,,,,,,,,,,,,,,,,,,,,,,,,,,,,,,,,,,,,,,,,,8800,8800,,,,,,,,,,,,,,,,,,,,,,,,,,,,,,,,,,,,,,,,,,,,,,,,,,,,,,,,
,Coscinodiscus spp.,,,,,4400,4400,1452,1452,2904,1452,,,,,,,,,,,,,,,,,,,,,,,,,,,,,,,,,,,,,,,,,1452,,,,,,,,,,,,,,,,,,,,,,,,,,,,,,,,,,,,,,,,,,,,,,,,,,,,,,,,,,,,,,,,,1452,,,,,,,,,,,,,,,,,,,,,,4400,,,,,,,,,,,,,,1452,,,,,,,,,,,,,,,,,,,,,,,,,,,,,,,,,,,,,,,,,,,,,,,,1452,,,,1452,,2904,1452,1452,,,,1452,,,,,,,,,26400,,2904,1452,,,,1452,1452,,,,,,,,,,,
Cyclindrotheca,Cyclindrotheca closterium,,,,,,,,,,,,,,,,,,,,,,,,,,,,,,,,,,,,,,,,,,,,,,,,,,,,,,,,,,,,,,,,,,1452,1452,,,,4400,,,,,,,,,,,,,,,,,,,,,,,,,,,,,,,,,,,,,,,,,,,,,,,,,,13200,74800,325600,264000,567600,52800,8800,4400,8800,13200,17600,17600,88000,4400,4400,,4400,17600,8800,13200,255200,158400,35200,13200,26400,8800,,,,1452,35200,,,,4400,,4400,,4400,1452,57200,44000,8800,4400,,1452,,,1452,,,11440,,,,,,5720,,,8800,8800,4400,4400,4400,,1452,5720,,1452,22000,1452,1452,8800,4400,1452,1452,4400,,,1452,,,,,,,,,,,,1452,,,,,,,,,,,,,,,,,,,,,,,,,,,1452
Cyclotella,Cyclotella spp.,,,,,,,2904,,,,,,,,,,,,,,,,,,,,,,,,,,,,,,,,,,,,,,,,,,,,,,,,,,,,,,,,,,,,,,,,,,,,,,,,,,,,,,,4400,,,,,,,,,,,,,,,4400,,,,,,,,,,4400,,,,,4400,,,,,22000,,,,,8800,,,,,4400,,,,,,,,,,,,,,,,,,,,,,,,,,,,,,,,,,,,,,,,,,,,1887.6,,,,,,1452,,,1452,,,,,,,,,,,,,,,,,,,,,,1452,,,,,2904,,1452,1452,,,,,,,,,,,,,,,,,,,,,,1452,,,,
,Cyclotella striata,,,,,,,,,,,,,,,,,,,,,,,,,,,,,,,,,,,,,,,,,,,,,,,,,,,,,,,,,,,,,,,,,,,,,,,,,,,,,,,,,,,,,,,,,,,,,,,,,,,,,,,,,,,,,,,,,,,,,,,,,,,,,,,,,,,,,,,,,,,,,,,,,,,,,,,,,,,,,,,,,,,,,,,,,8800,,,,,,,,,,,,,1452,,,,,,,,,,,,,,,,,,,,,,,,,,,,,,,,,,,,,,,,,,,,,,,,,,,,,,,,,,
,Cyclotella stylorum,,,,,,,,,,,,,,,,,,,,,,,,,,,,,,,,,,,,,,,,,,,,,,,,,,,,,,,,,,,,,,,,,,,,,,,,,,,,,,,,,4400,,,,,,,,,,,,,,,,,,,,,,,,,,,,,,,,,,,,,,,,,,,,,,,,,,,,,,,,,,,,,,,,,,,,,,,,,,,,,,,,,,,,,,,,,,,,,,,,,,,,,,,,,,,,,,,,,,,,,,,,,,,,,,,,,,,,,,,,,,,,,,,,,,,,,,,,,,,,,,,
Cymbella ,Cymbella spp.,,,,,,,,,,,,,,,,,,,,,,,,,,,,,,,,,,,,,,,,,,,1452,,,,,,,,,,,,,,,,,,,,,,,,,,,,,,,,,,,,,,,,,,,,,,,,,,,,,,,,,,,,,,,,,,,,,,,,,,,,,,,,,,,,,,,,,,,,,,,,,,,,,,,,,,,,,,,,,,,,,,,,,,,,,,,,,,,,,,,,,,,,,,,,,,,,,,,,,,,,,,,,,,,,,,,,,,,,,,,,,,,,,,,,,,,,,,,,,,,,,
Dactyliosolen,Dactyliosolen fragilissimus,,,,,,,,,,,,,,,,,,,,,,,,,,,,,,,,,,,,,,,,,,,,,,,,,,,,,,,,,,,,,,,,,,,,,,,,,,,,,,,,,,,,,,,,,,,,,,,,,,,,,,,,,,,,,,,,,,,,,,,,,,,,,,52800,22000,30800,8800,,,,8800,,,,,,,,,,,,,,,,,,,,,,,,,,,,,,,,,,,,,,,,,,,,,,,,,,,,,,,,,,,,,,,,,,,,,,,,,,,,,,,,,,,,,,,,,,,,,,,,,,,,1452,,,,,,,
Delphineis,Delphineis surriella,,,,,,,,,,,,,,,,,,,,,,,,,,,,,,,,,,,,,,,,,,,,,,,,,,,,,,,,,,,,,,,,,,,,,,,,,,,,,,,,,,,,,,,,,,,,,,,,,,,,,,,,,,,,,,,,,,,,,,,,,,,,,,,,,,,,,,,,,,,,,,,,,,,,,,,,,,,,,,,,,,,,,,,,,,,,,,,,,,,,,,,,,,,,,,,,,,,,,,,,,,,,,,,,,,,,,,,,,,,,,,,,,,,,,,,,,,,,,,,,
,Delphineis spp. ,,,,,,,,,,,,,,,,,,,,,,,,,,,,,,,,,,,,,,,,,,,,,,,,,,,,,,,,,,,,,,,,,,,,,,,,,,,,,,,,,,,,,,,,,,,,,,,,,,,,,,,,,,,,,,,,,,,,,,,,,,,,,,,,,,,,,,,,4400,,,4400,,,,,,,,,,,,,,,,,,,1452,,,,,,,,,,,,,,,,,,,,5720,5720,,,,,,,,,,,,,,,,,,,,,,,,,,,,,,,,,,,,,,,,,,,,,,,1452,,,,,,,,,,,,,,
Detonula,Detonula confervacea,,,,,,,,,,,,,,,,,,,,,,,,,,,,,,,,,,,,,,,,,,,,,,,,,,,,,,,,,,,,,,,,,,,,,,,,,,,,,,,,,,,,,,,,,,,,,,,,,,,,,,,,,,,,,,,,,,,,,,,,,,,,,,,,,,,,,,,,,,,,,,,,,,,,,,,,,,,,,,,,,,,,,,,,,,,,,,,,,,,,,,,,,,,,,,,,,,,,,,,,,74800,1452,26400,35200,,1452,,,,,22000,13200,30800,13200,,,,,,,598400,224400,118800,8800,,,,,,,356400,171600,105600,13200,,,,,,
,Detonula pumila,,,,,,,,,,,,,,,,,,,,,,,,,,,,,,,,,,,,,,,,,,,,,,,,,,,,,,,,,,,,,,,,,,,,,,,,,,,,,,,,,,,,,,,,,,,,,,,,,,,,,,,,,,,,,,,,,,,,,,,,,,,,,,,,,,,,,,,,,,,,,,,,,,,,,,,,,,,,,,,,,,,,,,,,,,,,,,,,,,,,,,,,,,,,,,,,,,,,,,,,,,,,,,,,,,,,,,,,,,,,,26400,,,,,,,,,,,,,,,,,,,
Diatoma,Diatoma vulgaris,,,,,,,,,,,,,,,,,,,,,,,,,,,,,,,,,,,,,,,,,,,,,,,,,,,,,,,,,,,,,,,,,,,,,,,,,,,,,,,,,,,,,,,,,,,,,,,,,,,,,,,,,,,,,,,,,,,,,,,,,,,,,,,,,,,,,,,,,,,,,,,,,,,,,,,,,,,,,,,,,,,,,,,,,,,,,,,,,,,,,,,,,,,,,,,,,,,,,,,,,,,,,,,,,,,,,,,,,,,,,,,,,,,,,,,,,,,,,,,,
Ditylum,Ditylum brightwellii,,,,,,,,,,,4400,,8800,,,4400,,,,1452,,,,,1452,,,,,,,,,,,,,,,,,,,,,,,,8800,1452,,,,,,1452,,8800,,13200,,,,,,,,,,4400,,4400,,,4400,,,,4400,1452,,,,,,,,,,,,,,,,,,,,,,1452,,,1452,1452,,,,,,,1452,,,,,,,,,,,,,,,,,,,,,,,,,,,,,,,,,,,,,,,,,,,,,,,,,,,,,,1452,,1452,,,,,,,1888,,11440,11440,,4400,,8800,1452,4400,1452,1452,,1888,1452,,,,,,1452,13200,1452,,1452,1452,,1452,,,,,,,,,4400,,1452,,,,,,,,,,,,,,,,,,,,,,,,,,
Diploneis,Diploneis smithii,,,,,,,,,,,,,,,,,,,,,,,,,,,,,,,,,,,,,,,,,,,,,,,,,,,,,,,,,,,,,,,,,,,,,,,,,,,,,,,,1452,,,,,,,,,,,,,,,,,,,,,,,,,,,,,,,,,,,,,,,,,,,,,,,,,,,,,,,,,,,,,,,,,,,,,,,,,,,,,,,,,,,,,,,,,,,,,,,,,,,,,,,,,,,,,,,,,,,,,,,,,,,,,,,,,,,,,,,,,,,,,,,,,,,,,,,,,,,,,,,,
,Diploneis sp.,,,,,,,,,,,,,,,,,,,,,,,,,,,,,,4400,,,,4400,8800,,,,,,,,,,,1452,,,1452,,,,,,,,,,,,,,,,,,,,,,,,,,,,,,,,,,,,,,,,,,,,,,,,,,,,,,,,,,,,,,,,,,,,,,,,,,,,,,,,,,,,,,,,,,,,,,,,,,,,,,,,,,,,,,,,,,,,,,,,,,,,,,5720,,,,,,,,,,,,,,,,,,,,,,,,,,,,,,,,,,,,,,,,,,,,,,8800,,,,,,,,,,,,,,,,,,,
Eucampia,Eucampia cornuta,,,,,,,,,,,,,,,,,,,,,,,,,,,1452,,,,,,,,,,,,,,,,,,,,,,,,,,,,,,,,,,,,,,,,,,,,,,,,,,,,,,,,8800,,,,,,,,,,,,,,,,,,,,,,,,,,,,,,,,,,,,,,,,1452,8800,22000,13200,4400,,,,,,,,,1452,,,,,,3,,,4400,,,,,,,,,,,,,,,,,,,,,,8800,,8800,,,,,,,,,,,,,,,1452,,,,,,,,,,,,,,,,,,,,,,,,,,,,,,,,,,,,,,,,,,,,,,,,,,,,,,,,
,Eucampia zodiacus,,,,,,,,,,,,,,4400,,,,,,,,,,,,,,,5852,,,,,,,,,,,,,,,,,,,,,,,,,,,,,,,,,,,,,13200,,,,,,22000,,17600,,8800,,,,,,,,,,,,,,,,,,,,,,,,,13200,22000,35200,13200,17600,,,,,,,5852,17600,,,,,,,,,,,,,,,,,,,,,,,,,,,,,,,,4400,17600,,,,,,,,,,,,,,,,,,,,,,,,,,,,,,,,,51480,,7304,1452,8800,26400,,1452,8800,,,,8800,5852,8800,17600,39600,17600,,,35200,,,1452,,,,,,,,,,13200,,8800,13200,4400,,,,4400,,,,,,,,,,,,,,,,,,,,
Fragilaria,Fragilaria spp.,,17600,,,4400,,,4400,1452,1452,,,,,,,,,,,,,,,,,,,,,,,,,,8800,,,,,,,,,,,,,,,,,,,,22000,1452,1452,8800,17600,1452,,,,,,,,,,,1452,,,8800,1452,,,,1452,1452,,,,,,,,4400,4400,,,,,,,,,,,,,,,,,,,,,1452,8800,13200,,,,1452,1452,,,,,,8800,,,,,,4400,,8800,4400,35200,,8800,8800,8800,4400,,,,13200,4400,4400,,,,1452,1452,,4400,,1452,,4400,4400,,,,,,,,,1452,,,,,,,,,11440,1888,,,11440,,,26400,13200,4400,,4400,,,,,17600,,,,8800,,,,4400,4400,,13200,,,1452,1452,,,,,,,,,,,,8800,1452,,,,,,,1452,,,4400,1452,,,2904,,1452,,1452,,,
Frustulia,Frustulia spp.,8800,8800,4400,,4400,13200,1452,4400,1452,1452,8800,13200,4400,4400,,13200,4400,4400,8800,,1452,,,1452,,,,,,4400,,,4400,,,,4400,,4400,,,,,,,13200,,,,,1452,1452,,4400,8800,35200,,,,4400,,,,,,,1452,,1452,,,,1452,,,,,4400,,1452,,,,,,,,,,,,,1452,,,,,,,,8800,8800,,,,,,,,,1452,4400,1452,4400,,,,,,,17600,,4400,,,,,,13200,22000,8800,,4400,,4400,8800,,8800,17600,,,,,,,,,,,,1452,8800,,,,,,,,4400,,,,,,1452,,,,1452,,11440,,,1887.6,,,1888,,,1452,17600,1452,,,8800,,1888,5720,1452,13200,,8800,,,,,1452,,,13200,17600,1452,,,,,,8800,,13200,8800,13200,1452,1452,1452,,17600,,1452,4400,,1452,,,,,,8800,,,,2904,,,1452,2904,,4400,
Gomphonema,Gomphonema spp.,,,,,,,,,,,,,,,,,,,,,,,,,,,,,,,,,,,,,,,,,,,,,,,,,,,,,,,,,,,,,,,,,,,,,,,,,,,,,,,,,,,,,,,,,,,,,,,,,,,,,,,,,,,,,,,,,,,,,,,,,,,,,,,,,,,,,,4400,,,,,,,,,,,,,,,,,,,,,,,,,,,,,,,,,,,,,,,,5720,,,,,,,,,,,,,,,,,,,,,,,,,,,,,,,,,,,,,,,,,,,,,,,,,,,,,,,,,,,,,,,,,,
Grammatophora,Grammatophora marina,,,,,,,,,,,,,,,,,,,,,,,,,,,,,,,,,,,,,,,,,,,,,,,,,,,,,,,,,,,,,,,,,,,,,,,,,,,,,,,,,,,,,,,,,,,,,,,,,,,,,,,,,,,,,,,,,,,,,,,,,,,,,,,,,,,,,,,4400,,,,,,,,,,,,,,,,,,,,,,,,,,,,,,,,,,,,,,,,,,,,,,,,,,,,,,,,,,,,,,,,,,,,,,,,,,,,,,,,,,,,,,,,,,,,,,,,,,,,,,,,,
Guinardia,Guinardia delicatula,,,,,,,,1452,1452,,,,,,,,,,,,,,,26400,8800,13200,8800,4400,,,,,,,,,,,,,,,,,,,,,,,,,,,,,,13200,,,,,,,,,,,,,,,,,8800,,,13200,,,30800,,17600,13200,4400,,,,,,,,,,13200,,,,,,17600,13200,,,,,,,,,13200,4400,,,,,,,,,8800,,22000,22000,,,,,22000,,8800,17600,,,,,,30800,,,61600,17600,,,8800,,,1452,,,1452,,,4400,,,4400,1452,,,4400,,4400,,,2904,13200,17600,17600,,,5720,,,,,45760,22880,11440,,,,,,8800,,,,11440,1452,,,,,17600,13200,26400,,7304,1452,,,66000,17600,,,,,,,48400,30800,,,,,,,8800,,,,,,,,1452,,1452,,,,,,,,,,,13200
,Guinardia striata,,,,,,,,,,,,,,,,,,,,,,,,,,,,,,,,,,,,,,,,,,,,,,,,,,,,,,,,,,,,,,,,,,,,,,,,,,,,,,,,,,,,,,,,,,,,,,,,,,,,,,,,,,,,,,,,,,,,,,,,,,,,,,,,,,,,,,,,,,,,,,,,,,,,,,,,,,,,,,,,,,,,,,,,,,,,,,,,,,,,,,13200,2904,13200,17600,52800,35200,34320,5720,14652,,,4400,13200,26400,74800,7304,17600,8800,1452,8800,8800,13200,61600,70400,83600,44000,88000,,,66000,13200,66000,149600,83600,,22000,17600,,,,1452,13200,,,,,,,,,2904,,,,,,,,
,Guinardia flaccida,,,,,,,,,,,,,,,,,,,,,,,,,,,,,,,,,,,,,,,,,,,,,,,,,,,,,,,,,,,,,,,,,,,,,,,,,,,,,,,,,,,,,,,,,,,,,,,,,,,,,,,,,,,,,,,,,,,,,,,,,,,,,,,,,,,,,,,,,,,,,,,,,,,,,,,,,,,,,,,,,,,,,,,,,,,,,,,,,,,,,,,,,,,,,,,,,,,,,,,,,,,,,,,,,,,,,,,,,,,,,,,,,,,,,,,,,,,,,,,,
,Guinardia spp. ,61600,26400,17600,8800,,4400,,4400,13200,,,,,,,,,,2904,,,8800,26400,,,,,,,,61600,26400,,,,,17600,,,,,13200,8800,,8800,,,,,,,,,,,1452,4400,,17600,,,,,,,,,,,,,,,,,,,,,,,,,,,,,,,,,,,,,,,,,,,,,,,,,,,,,,,,,,,,,,,,,,,4400,,,,,,,,,,,,,,,,,,,,,,,,,,,,,,,,,,,,,,,,,,,,,,,,,,,,,,,,,,,,,,,,,,,,,,,,,,,,,,,,,,,,,,,,,,,,,,,,,,,,,,,,,,,,,,,,,,
Haslea,Haslea spp.,,,,,,,,,,,,,,,,,,,,1452,,,,,1452,,,,,,,,4400,,,,,,,2904,1452,,,,,8800,4400,,1452,13200,1452,,1452,8800,,,,1452,,,,,,,,,,,,,8800,1452,,8800,,,4400,,,,,,,,,,,,,,,,,,,,,,,,,,,,,,,,,,,,,,,,,,,,,,,,,,,,,,,,,,,,,4400,,,,,,,,,,,,,,,,,,,,1452,,,,,,,,,,,,,,,,,,,,,,,,,,,,,,,,,,1452,,,,,,,,,,,,,,,,,,,,,,,,,,,,,,,,,,,,,,,,,,,,,,,,
Hemiaulus,Hemiaulus sinensis,,,,,,,,,,,,,,,,,,,,,,,,,,,,,,,,,,,,,,,,,,,,,,,,,,,,,,,,,,,,,,,,,,,,,,,,,,,,,,,,,,,,,,,,,,,,,,,,,,,,,,,,,,,,,,,,,,,,,,,,,,,,,,,,,,,,,,,,,,,,,,,,,,,,,,,,,,,,,,,,,,,,,,,,,,,,,,,,,,,,,,,,,,,,,,,,26400,,,,,,,,,,,,,,,,,,,,,,,,,,,,,,,,,,,,,,,,,,,,,,,,
Hemidiscus,Hemidiscus cuneiformis,,,,,,,,,,,,,,,,,,,,,,,,2904,,,,,,,,,,,,,,,,,,,,,,,,,,,,,,,,,,,,,,,,,,,,,,,,,,,,,,,,,,,,,,,,,,,,,,,,,,,,,,,,,,,,,,,,,,,,,,,,,,,,,,,,,,,,,,,,,,,,,,,,,,,,,,,,,,,,,,,,,,,,,,,,,,,,,,,,,,,,,,,,,,,,,,,,,,,,,,,,,,,,,,,,,,,,,,,,,,,,,,,,,,,,,,,,,,,,,,,,
Lauderia,Lauderia annulata,,,,,,,,,,,,,,,,,,,,,,,,,,,,,,,,,,,,,,,,,,,,,,,,,,,,,,,,,,,,,,,,,,,,,,,,,,,,,,,,,,,,,,,,,,,,,,,,,,,,,,,,,,,,,,,,,,,,,,,,,,,,,,,,,,,,,,,,,,,,,,,,,,,,,,,,,,,,,,,,,,,,,,,,,,,,,,,,,,,,,,,,,,,,,,,,,,,,,,,,,,,,,,,,,,,,,,,,,,,,,,,,,,,,,,,,,,,,,,,,
Leptocylindrus,Leptocylindrus danicus,8800,17600,17600,,30800,8800,,2904,,1452,,17600,8800,44000,4400,,4400,4400,,8800,114400,44000,74800,79200,22000,8800,8800,8800,4400,8800,26400,17600,8800,30800,17600,22000,8800,13200,8800,4400,338800,162800,101200,118800,96800,136400,52800,26400,,26400,250800,101200,114400,,30800,,26400,,74800,35200,717200,457600,268400,299200,127600,83600,198000,105600,140800,123200,730400,510400,321200,338800,255200,272800,338800,224400,154000,70400,7612000,3872000,5170000,3300000,2442000,2244000,514800,1430000,1100000,862400,6710000,3555200,3335200,2970000,2574000,2921600,1636800,1751200,1227600,910800,17600,66000,17600,13200,30800,,,620400,92400,360800,272800,572000,563200,488400,184800,268400,79200,1161600,264000,492800,114400,61600,193600,83600,294800,96800,39600,61600,22000,,8800,13200,17600,,,,,211200,,26400,44000,8800,52800,4400,44000,39600,22000,,,,4400,,,,4400,17600,35200,,4400,,8800,,,,,,26400,,,22000,,28600,11440,,,,,,22880,40040,13200,17600,4400,8800,,22000,22000,3775,5720,10252,13200,,,8800,13200,8800,,4400,8800,4400,35200,136400,17600,22000,26400,,13200,44000,,1452,17600,8800,,8800,22000,17600,17600,,,1452,13200,,,,,1452,,1452,8800,,,,,,,,,,,
,Leptocylindrus minimus,,,,30800,,,,22000,2904,,,,,8800,8800,,,4400,2904,2904,,,,30800,,,17600,,39600,44000,52800,26400,35200,,,,83600,162800,66000,,61600,26400,,,35200,,22000,8800,30800,,13200,26400,8800,105600,,110000,,,,,118800,105600,92400,83600,35200,44000,,17600,,,167200,374000,66000,101200,,74800,,,,,,,,,,,,,,,,,,,,,4400,,,,13200,48400,8800,,,5852,,13200,,22000,4400,,,,,,,,,,,,39600,,,,13200,52800,,,,,,,17600,,,,4400,,48400,39600,,17600,17600,,,,,,,,,,,13200,,,13200,13200,8800,13200,17600,8800,,4400,,,,,,,,,,,,,,,13200,,17600,,,,,,,,13200,,8800,,,5852,,,,,,2904,,,,,,,,,,,,,,,,,,,,,,,,,,,,,,,,,,,,,,
Licmophora,Licmophora dalmatica,,,,,,,,,,,,,,,,,,,,,,,,,,,,,,,,,,,,,,,,,,,,,,,,,,,,,,,,,,,,,,,,,,,,,,,,,,,,,,,,,,,,,,,,,,,,,,,,,,,,,,,,,,,,,,,,,,,,,,,,,,,,,,,,,,,,,,,,,,,,,,,,,,,,,,,,,,,,,,,,,,,,,,,,,,,,,,,,,,,,,,,,,,,,,,,,,,,,,,,,,,,,,,,,,4400,,,,,,,,,,1452,,,,,,,,,,,,,,,,,,,,,
,Licmophora flabellata,,,,,,,,,,,,,,,,,,,,,,,,,,,,,,,,,,,,,,,,,,,,,,,,,,,,,,,,,,,,,,,,,,,,,,,,,,,,,,,,,,,,,,,,,,,,,,,,,,,,,,,,,,,,,,,,,,,,,,,,,,,,,,,,,,,,,,,,,,,,,,,,,,,,,,,,,,,,,,,,,,,,,,,,,,,,,,,,,,,,,,,,,,,,,,,,,,,,,,,,,,,,,,,,,,,,,,,,,,,,,,,1452,1452,,,,,,,,,,,,,,,,
Lioloma,Lioloma spp.,,,,,,,,,,,,,,,,,,,,,,,,,,,,,4400,,,,,,,,,,,,,,,,,,,,,,,,,,,,,,,,,,,,,,,,,,,,,,,,,,,,,,,,,,,,,,,,,,,,,,,,,,,,,,,,,,,,,,,,,,,,,,,,,,,,,,,,,,,,,,,,,,,,,,,,,,,,,,,,,,,,,,,,,,,,,,,,,,,,,,,,,,,,,,,,,,,,,,,,,,,,,,,,,,,,,,,,,,,,,,,,,,,,,,,,,,,,,,,,,,,
Lithodesmium,Lithodesmium undulatum,,,,,,,,,,,,,,,,,,,,,,,,,,,,,,,,,,,,,,,,,,,,,,,,,,,,,,,,,,,,,,,,,,,,,,,,,,,,,,,,,,,,,,,,,,,,,,,,,,,,,,,,,,,,,,,,,,,,,,,,,,,,,,,,,,,,,,,,,,,,,,,,17600,8800,,,,,,,,,,,,,,,,,,,,,,,,,,,,,,,,,,,,1452,1452,8800,1452,,,,,,,,2904,,,,2904,,,,,,,,,,,,,,,,,,,,,,,,,,,,,,,,,,,,,,,,,,,,
Melosria,Melosira nummuloides,,,,,,,,,,,,,,,,,,,,,,,,,,,,,,,,,,,,,,,,,,,,,,,,,,,,,,,,,,,,,,,,,,,,,,,,,,,,,,,,,,,,,,,,,,,,,,,,,,,,,,,,,,,,,,,,,,,,,,,,,,,,,,,,,,,,,,,,,,,,,,,,,,,,,,,,,,,,,,,,,,,,,,,,,,,,,,,,,,,,,,,,,,,,,,,,,,,,,,,,,,,,,,,,,,,,,,,,,,,,,,,,,,,,,,,,,,,,,,,,
,Melosira spp.,17600,,,,,,,,,,,,,,,,,,,,,,,,,,,,,,,,,,,,,,,,,,,,,,,,,,,,,,,,,,,,,,,,,,,,,,,,,,,,,,,,,,,,,,,,,,,,,,,,,,,,,,,,,,,,,,,,,,,,,,,,,,,,,,,,,,,,,,,,,,,,,,,,,,,,,,,,,,,,,,,,,,,,,,,,,,,,,,,,,,,,,,,,,,,,,,,,,,,,,,,,,,,,,,,,,,,,,,,,,,,,,,,,,,,,,,,,,,,,,,,
Navicula,Navicula ambigua,,,,,,,,,,,,,,,,,,,,,,,,,,,,,,,,,,,,,,,,,,,,,,,,,,,,,,,,,,,,,,,,,,,,,,,,,,,,,,,,,,,,,,,,,,,,,,,,,,,,,,,,,,,,,,,,,,,,,,,,,,,,,,,,,,,,,,,,,,,,,,,,,,,,,,,,,,,,,,,,,,,,,,,,,,,,,,,,,,,,,,,,,,,,,,8800,,,,,,,,,,,,,,,,,,,,,,,,,,,,,,,,,,,,,,,,,,,,,,,,,,
,Navicula cryptocephala,,,,,,,,,,,,,,,,,,,,,,,,,,,,,,,,,,,,,,,,,,,,,,,,,,,,,,,,,,,,,,,,,,,,,,,,,,,,,,,,,,,,,,,,,,,,,,,,,,,,,,,,,,,,,,,,,,,,,,,,,,,,,,,,,,,,,,,,,,,,,,,,,,,,,,,,,,,,,,,,,,,,,,,,,,,,,,,,,,,,,,,,,,,,,,,,,,,,,,,,,,,,,,,,,,,,,,,,,,,,,,,,,,,,,,,,,,,,,,,,
,Navicula spp.,,,,,,,,,,,,,,,,,,,,,,,,,8800,,1452,8800,,,,,,,4400,,,,,,,,,,,,,,,,,,,,,,,1452,,,,,,,1452,,,,8800,,,,,,8800,,,,,1452,1452,,,1452,,,4400,,4400,,,4400,,,,,,,,,,,,,,,,,,,,,,,,,,,1452,1452,,,,,,,,,,4400,,4400,,,,8800,4400,8800,,4400,,,,,,,,,,,,,,8800,,,4400,,1452,8800,,,,4400,4400,,,,,,,,,,,,,5720,,,,,,,,,,,11440,,,,,,4400,1452,4400,,,,,,,,,,,,,8800,4400,,1452,,1452,,1452,,,,1452,,,2904,,,1452,1452,,,,,,2904,,,,,,
Neodelphineis,Neodelphineis spp.,,,,,,,,,,,,,,,,,,,,,,,,,,,,,,,,,,,,,,,,,,,,,,,,,,,,,,,,,,,,,,,1452,,,,,,,,,,,,,,,,,,,,,,,,,,,,,,,,,,,,,,,,,,,,,,,,,,,,,,,,,,,,,,,,,,,,,,,,,,,,,,,,,,,,,,,,,,,,,,,,,,,,,,,,,,,,,,,,,,,,,,,,,,,,,,,,,,,,,,,,,,,,,,,,,,,,,,,,,,,,,,,,,,,,,,,,,,,,,,,,,
Nitzschia,Nitzschia closterium,,,,,,,,,,,,,,,,,,,,,,,,,,,,,,,,,,,,,,,,,,,,,,,,,,,,,,,,,,,,,,,,,,,,,,,,,,,,,,,,,,,,,,,,,,,,,,,,,,,,,,,,,,,,,,,,,,,,,,,,,,,,,,,,,,,,,,,,,,,,,,,,,,,,,,,,,,,,,,,,,,,,,,,,,,,,,,,,,,,,,,,,,,,,,,,,,,,,,,,,,,,,,,,,,,,,,,,,,,,,,,,,,,,,,,,,,,,,,,,,
,Nitzschia longissima,,,,,,,,,,,,,,,,,,1452,,,,,,,,,,,,,,,,,,,,,,1452,,,,,,,,,,,,,,,,,,,,1452,1452,,,,,,,,,,,,,,,,,,,,,,,,,,,,,,,,,,,,,,,,,,,,,,,,,,,,,,,,,,,,,,,,,,,,,,,,,,,,,,,,,,,,,,,,,,,,,,,,,,,,,,,,,,,,,,,,,,,,,,,,,,,,,,,,,,,,,,,,,,,,,,,,,,,,,,,,,,,,,,,,,,,,,,,,,,,,,,,,,,,
,Nitzschia lorenziana,,,,,,,,,,,,,,,,,,,,,,,,,,,,,,,,,,,,,,,,,,,,,,,,,,,,,,,,,,,,,,,,,,,,,,,,,,,,,,,,,,,,,,,,,,,,,,,,,,,,,,,,,,,,,,,,,,,,,,,,,,,,,,,,,,,,,,,,,,,,,,,,,,,,,,,,,,,,,,,,,,,,,,,,,,,,,,,,,,,,,,,,,,,,,,,,,,,,,,,,,,,,,,,,,,,,,,,,,,,,,,,,,,,,,,,,,,,,,,,,
,Nitzschia navicularis,,,,,,,,,,,,,,,,,,,,,,,,,,,,,,,,,,,,,,,,,,,,,,,,,,,,,,,,,,,,,,,,,,,,,,,,,,,,,,,,,,,,,,,,,,,,,,,,,,,,,,,,,,,,,,,,,,,,,,,,,,,,,,,,,,,,,,,,,,,,,,,,,,,,,,,,,,1452,,,,,,,,,,,,,,,,,,,,,,,,,,,,,,,,,,,,,,,,,,,,,,,,,,,,,,,,,,,,,,,,,,,,,,,,,,,,,,,,,,,,,,
,Nitzschia obtusa,,,,,,,,,,,,,,,,,,,,,,,,2904,,,,,,,,,,,,,,,,,,,,,,,,,,,,,,,,,0.33,,,,,,,,,,,,,,,,,,,,,,,,,,,,,,,,,,,,,,,,,,,,,,,,,,,,,,,,,,,,,,,,,,,,,,,,,,,,,,,,,,,,,,,,,,,,,,,,,,,,,,,,,,,,,,,,,,,,,,,,,,,,,,,,,,,,,,,,,,,,,,,,,,,,,,,,,,,,,,,,,,,,,,,,,,,,,,,,,,,,,,,
,Nitzschia spp.,,4400,4400,,,,2904,,2904,4400,,4400,,,,,,,,,8800,8800,4400,8800,8800,4400,,4400,8800,,8800,17600,,13200,,,13200,13200,,,,,,,,,,,,,,,,,,,4400,,,13200,1452,4400,,,,1452,,,13200,8800,,,,,13200,,4400,,4400,,,,,,,,,,,,4400,,,,,,,,,,,,,,,,,,,,,,,,,,,,,,,,,,8800,4400,8800,13200,4400,4400,13200,13200,4400,,4400,39600,22000,13200,,,,,,,,,,,,,,,,,8800,,,,,,,,,,,,,,13200,,,11440,,,,,28600,,,,,,,,,17600,,,17160,,26400,17600,8800,13200,,,,,,,,,,,,,,,,,,,,,,,,,,,,,,,,8800,1452,,,1452,,,,,,,,,,
Odontella,Odontella aurita,,,,,,,,,5852,,,,,,,,,,,,,,,,13200,,4400,,,,,,4400,,,,,,,,,,,,,,,,,,,,,,,,,,,,,,,,,,,,,,,,,,,,,,,,,,,,,,,,,,,,,,,,,,,,,,,,,,,,,,,,,,,,,,,,,,,,,,,,,,,,,,,,,,,,,,,,,,,,,,,,,,,,,,,,,,,,,,,,,,,,,,,,,,,,,,,,,,,,,,,,,,,,,,,,,,,,,,,,,,,,,,,,,,,,,,,,,,,,,,,,,,,,,,,
,Odontella longicruris,,,,,,,,,,,,,,,,,,,,,,,,26400,8800,,,,,,,,,,,,,,,,,,,,,,,,,,,,,,,,,,,,,,,,,,,,,,,,,,,,,,,,,,,,,,,,,,,,,,,,,,,,,,,,,,,,,,,,,,8800,,,,,,,,,,,,,,,,,,,,,,,,,,,,,,,,,,,,,,,,,,,,,,,,,,,,,,,,,,,,,,,,,,,,,,,,,,,,,,,,,,,,,,,,,,,,,,,,,,,,,,,,,,,,,,,,,,,,,,,,,,,,,
,Odontella mobiliensis,,,,,,,,,,,,,,,,,,,,,,,,,,,,,,,,,,,,,,,,,,,,,,,,,,,,,,,,,,,,,,,,,,,,,,,,,,,,,,,,,,,,,,,,,,,,,,,,,,,,,,,,,,,,,,,,,,,,,,,,,,,,,,,,,,,,,,,,,,,,,,,,,,,,,,,,,,,,,,,,,,,,,,,,,,,,,,,,,,,,,,,,,,,,,,,,,,,,,,,,,,,,,,,,,,,,,,,,,,,,,,,,,,,,,,,,,,,,,,,,
,Odontella sinensis,,,,,,,,,,,,,,,,,,,,,,,,,,,,,,,,,,,,,,,,,,,,,,,,,,,,,,,,,,,,,,,,,,,,,,,,,,,,,,,,,,,,,,,,,,,,,,,,,,,,,,,,,,,,,,,,,,,,,,,,,,,,,,,,,,,,,,,,,,,,,,,,,,,,,,,,,,,,,,,,,,,,,,,,,,,,,,,,,,,,,,,,,4400,1452,,,1888,,,,,,,,,,,,,,,,,,,,,,,,,,,,,,,,,,,,,,,,,,,,,,,,,,,
,Odontella spp.,,,4400,8800,,,1452,,,,,4400,,,,,,,,,,22000,17600,17600,4400,,,,,,4400,17600,8800,8800,,,8800,,4400,,1452,,,22000,17600,61600,,,,13200,30800,8800,22000,105600,44000,79200,35200,17600,13200,8800,,,,,,,,,,,,1452,,,,4400,4400,,4400,,,,,,,,,,,,8800,,,,,,,,,,,,,,,,,,,,,,,,,,,,,,,,,,,4400,,,,,,,,,,,,,,,,,4400,,,,,,,,,,,,,4400,,,,,,,,,,,,,,,,,,,,,,,,,,,13200,,,,,,,,8800,1452,,,4400,5852,,4400,,,,,2904,2904,,,,,1452,,,,1452,,,,,,,,,,,,,,,,,,,,,,,,,,,
Paralia,Paralia sulcata,,,,,,39600,5852,8800,13200,17600,,,17600,30800,13200,13200,44000,17600,11704,5852,,17600,39600,44000,66000,48400,17600,92400,8800,,17600,10252,,14652,,57200,39600,13200,30800,66000,,,,,,61600,,13200,,,26400,,110000,52800,,,646800,74800,,,,,,,13200,,,22000,,,13200,,,4400,,8800,,22000,,,,,,4400,,,,,,,,,,,,,,,,,13200,,,,3,,,,,,5852,22000,17600,,10252,,8800,,,,44000,17600,,,,,,,22000,22000,39600,,8800,35200,35200,22000,44000,22000,26400,,,,,5852,,,,,,,13200,,,39600,8800,8800,,,35200,,,,,8800,,,,,,,,,28600,,7607.6,1888,15215,11440,11440,,4400,13200,17600,22000,,13200,10252,,5720,27852,8800,,35200,8800,,,7304,35200,44000,4400,17600,,,,,,,10252,,,7304,17600,22000,8800,13200,22000,39600,,13200,,,22000,8800,,22000,26400,,5852,61600,,22000,26400,26400,8800,,22000,,26400,35200,17600
Pinnularia,Pinnularia spp.,,,,,,,,,,,,,,,,,,,,,,,,,,,,,,,,,,,,,,,,,,,,,,,,,,,,,,,,,,,,,,,,,,,,,,,,,,,,,,,,,,,,,,,,,,,,,,,,,,,,,,,,,,,,,,,,,,,,,,,,,,,,,,,,,,,,,,,,,,,,,,,,,,,,,,,,,,,,,,,,,,,,,,,,,,,,,,,,,,,,,,,,,,,,,,,,,,,,,,,,,,,,,,,,,,,,,,,,,,,,,,,,,,,,,,,,,,,,,,,,
Pleurosigma,Pleurosigma angulatum,,,,,,,,,,,,,,,,,,,,,,,,,,,,,,,,,,,,,,,,,,,,,,,,,,,,,,,,,,,,,,,,,,,,,,,,,,,,,,,,,,,,,,,,,,,,,,,,,,,,,,,,,,,,,,,,,,,,,,,,,,,,,,,,,,,,,,,,,,,,,,,,,,,,,,,,,,,,,,,,,,,,,,,,,,,,,,,,,,,,,,,,,,,,,,,,,,,,,,,,,,,,,,,,,,,,,,,,,,,,,,,,,,,,,,,,,,,,,,,,
Pleurosigma,Pleurosigma directum,,,,,,,,,,,,,,,,,,,,,,,,,,,,,,,,,,,,,,,,,,,,,,,,,,,,,,,,,,,,,,,,,,,,,,,,,,,,,,,,,,,,,,,,,,,,,,,,,,,,,,,,,,,,,,,,,,,,,,,,,,,,,,,,,,,,,,,,,,,,,,,,,,,,,,,,,,,,,,,,,,,,,,,,,,,,,,,,,,,,,,,,,,,,,,,,,,,,,,,,,,,,,,,,,,,,,,,,,,,,,,,,,,,,,,,,,,,,,,,,
,Pleurosigma falx,,,,,,,,,,,,,,,,,,,,,,,,,,,,,,,,,,,,,,,,,,,,,,,,,,,,,,,,,,,,,,,,,,,,,,,,,,,,,,,,,,,,,,,,,,,,,,,,,,,,,,,,,,,,,,,,,,,,,,,,,,,,,,,,,,,,,,,,,,,,,,,,,,,,,,,,,,,,,,,,,,,,,,,,,,,,,,,,,,,,,,,,,,,,,,,,,,,,,,,,,,,,,,,,,,,,,,,,,,,,,,,,,,,,,,,,,,,,,,,,
,Pleurosigma normanii,,,,,,,,,,,,,,,,,,,,,,,,,,,,,,,,,,,,,,,,,,,,,,,,,,,,,,,,,,,,,,,,,,,,,,,,,,,,,,,,,,,,,,,,,,,,,,,,,,,,,,,,,,,,,,,,,,,,,,,,,,,,,,,,,,,,,,,,,,,,,,,,,,,,,,,,,,,,,,,,,,,,,,,,,,,,,,,,,,,,,,,,,,,,,,,,,,,,,,,,,,,,,,,,,,,,,,,,,,,,,,,,,,,,,,,,,,,,,,,,
,Pleurosigma spp.,,,,,,1452,1452,1452,,1452,,,4400,,,,8800,1452,1452,8800,,,,,,,1452,,,4400,8800,,,,,,4400,,,,,,,,,,,,,,1452,,,,,,1452,,4400,2904,,,,,,,,,,2904,,,,,,1452,,,,,,,,,,,,,,,,,,,,,,,,,,,,,,,,,,,,,4400,,,1452,0.33,,,,,,,,,,,,,,4400,17600,,8800,,4400,4400,4400,8800,,,,,,4400,,,,,,,4400,4400,,,1452,,,8800,,,,,4400,,,4400,,13200,4400,,,11440,,,1888,,11440,28600,5720,1452,1452,1452,4400,8800,8800,,5720,17160,,,2904,8800,13200,4400,8800,1452,4400,13200,,,,,,,,,,1452,,,,,,1452,1452,,,1452,,,,,1452,,1452,,,,1452,,,,,,,,1452,,1452
Pseudo-nitzschia,Pseudo-nitzschia spp.,,,,,,4400,,,,,,,,,,,,,,,,4400,4400,4400,,,,,5852,,,,,,,,,,,4400,,,,,,,,,,,,,,,,,,,,,,,,,,,,,1452,,,,,,,,,,,,,,,,,,,,,,,,,,,,,,,,,,,,,,,,,,,,,,,,,,,,,,,,,,,,,,,,,,,,,,,,,,,,,,,,,,,,,,,,,,,,,,,,,,,,22000,17600,,,5720,,,,,22880,68640,22880,,,1452,,13200,22000,35200,22880,22880,44000,,,13200,4400,,26400,10252,13200,17600,22000,,22000,4400,7304,30800,26400,,13200,13200,13200,,11704,30800,22000,4400,5852,8800,4400,2904,13200,,,,8800,1452,,,1452,,,,,,1452,,,5852,,8800,1452
,Pseudo-nitzschia delicatissima,,,,,,,,,,,,,,,,,,,,,,,,,,,,,,,,,,,,,,,,,,,,,,,,,,,,,,,,,,,,,,,,,,,,,,,,,,,,,,,,,,,,,,,,,,,,,,,,,,,,,,,,,,,,,,,,,,,,,,,,,,,,,,,,,,,,,,,,,,,,,,,,,,,,2904,,,,,,,,,,,,,,,,,,,,,,,,,,,,,,,,,,,,,,,,,,,,,,,,,,,,,,,,,,,,,,,,,,,,,,,,,,,,,,,,,,,,,,,,,,,,
,Pseudo-nitzschia pungens,,,,,,,,,,,,,,,,,,,,,,,,,,,,,,,,,,,,,,,,,,,,,,,,,,,,,,,,,,,,,,,,,,,,,,,,,,,,,,,,,,,,,,,,,,,,,,,,,,,,,,,,,,,,,,,,,,,,,,,,,,,,,,,,,,,,,,,,,,,,,,,,,,,,,,,,,,,,,,,,,,,,,,,,,,,,,,,,,,,,22880,,,,,,,,,,,,,,,,,,,,,,,,,,,,,,,,,,,,,,,,,,,,,,,,,,,,,,,,,,,,
Rhabdonema,Rhabdonema adriaticum,,,,,,,,,,,,,,,,,,,,,,,,,,,,,,,,,,,,,,,,,,,,,,,,,,,,,,,,,13200,,,,,,,,,,,,,,,,,,,,,,,,,,,,,,,,,,,,,,,,,,,,,,,,,,,,,,,,,,,,,,,,,,,17600,,,,,,,,,,,,,,,,,,,,,,,,,,,,,,,,,,,,,,,,,,,,,,,,,,,,,,,,,,,,,,,,,,,,,,,,,,,,,,,,,,,,,,,,,,,,,,,,,,,,,,,,,,,,,,,,,,,,
,Rhaphoneis rhomoides,,,,,,,,,,,,,,,,,,,,,,,,,,,,,,,,,,,,,,,,,,,,,,,,,,,,,,,,,,,,,,,,,,,,,,,,,,,,,,,,,,,,,,,,,,,,,,,,,,,,,,,,,,,,,,,,,,,,,,,,,,,,,,,,,,,,,,,,,,,,,,,,,,,,,,,,,,,,,,,,,,,,,,,,,,,,,,,,,,,,,,,,,,,,,,,,,,,,,,,,,,,,,,,,,,,,,,,,,,,,,,,,,,,,,,,,,,,,,,,,
,Rhaphoneis spp.,,,,,,,,2904,,13200,,,,,,,,1452,8800,13200,,,,,,,1452,,,,,4400,,,,,,,4400,1452,,,,,,,,,,,,,,,,,,1452,4400,,,,,,,,,,,,,,5852,,,,,,,,,,,,,,,,,,,,,,,,,,,,,,,,,,,,,,,,,,,,,,,,,,,,,,,,8800,4400,,,,,,1452,4400,4400,17600,,,,,,,,,,4400,,,,,,,,,,8800,,,,,,,,,,1452,,,,,,,,,11440,,17160,,,30800,,,,,,5720,,,,,,,,,8800,4400,1452,,,,1452,,,,,5852,,,,,,,,,,1452,1452,,,,,,,,2904,,,,,,8800,2904,,,1452,,1452
Rhizosolenia,Rhizosolenia alata,,,,,,,,,,,,,,,,,,,,,,,,,,,,,,,,,,,,,,,,,,,,,,,,,,,,,,,,,,,,,,,,,,,,,,,,,,,,,,,,,,,,,,,,,,,,,,,,,,,,,,,,,,,,,,,,,,,,,,,,,,,,,,,,,,,,,,,,,,,,,,,,,,,,,,,,,,,,,,,,,,,,,,,,,,,,,,,,,,,,,,,,,,,,,,,,,,,,,,,,,,,,,,,,,,,,,,,,,,,,,,,,,,,,,,,,,,,,,,,,
,Rhizosolenia calar-avis,,,,,,,,,,,,,,,,,,,,,,,,,,,,,,,,,,,,,,,,,,,,,,,,,,,,,,,,,,,,,,,,,,,,,,,,,,,,,,,,,,,,,,,,,,,,,,,,,,,,,,,,,,,,,,,,,,,,,,,,,,,,,,,,,,,,,,,,,,,,,,,,,,,,,,,,,,,,,,,,,,,,,,,,,,,,,,,,,,,,,,,,,,,,,,,,,,,,,,,,,,,,,,,,,,,,,,,,,,,,,,,,,,,,,,,,,,,,,,,,
,Rhizosolenia longiseta,,,,,,,,,,,,,,,,,,,,,,,,,,,,,,,,,,,,,,,,,,,,,,,,,,,,,,,,,,,,,,,,,,,,,,,,,,,,,,,,,,,,,,,,,,,,,,,,,,,,,,,,,,,,,,,,,,,,,,,,,,,,,,,,,,,,,,,,,,,,,,,,,,,,,,,,,,,,,,,,,,,,,,,,,,,,,,,,,,,,,,,,,,,,,,,,,,,,,,,,,,,,,,,,,,,,,,,,,,,,,,,,,,,,,,,,,,,,,,,,
,Rhizosolenia pungens,,,,,,,,,,2904,,,,,,,,,,,,,,,,,,,,,,,,,,,,,,,,,,,,,,,,,,,,,,,,,,,,,,,,,,,,,,,,,,,,,,,,,,,,,,,,,,,,,,,,,,,,,,,,,,,,,,,,,,,,,,,,,,,,,,,,,,,,,,,,,,,,,,,,,,,,,,,,,,,,,,,,,,,,,,,,,,,,,,,,,,,,,,,,,,,,,,,,,,,,,,,,,,,,,,,,,,,,,,,,,,,,,,,,,,,,,,,,,,,,,,
,Rhizosolenia robusta,,,,,,,,,,,,,,,,,,,,,,,,,,,,,,,,,,,,,,,,,,,,,,,,,,,,,,,,,,,,,,,,,,,,,,,1452,8800,,,,,,,,,,,,,,,,,,,,,,,,,,,,,,,,,,,,,,,,,,,,,,,,,,,,,,,,,,,,,,,,,,,,,,,,,,,,,,,,,,,,,,,,,,,,,,,,,,,,,,,,,,,,,,,,,,,,,,,,,,,,,,,,,,,,,,,,,,,,,,,,,,,,,,,,,,,,,,,,,,,,,,,,
,Rhizosolenia setigera,,,,,,,,,,,,,,,,,,,,,,,,,,,,,,,,,,,,,,,,,,,,,,,,,,,,,,,,,,,,,,,,,,,,,,,,,,,,,,,,,,,,,,,,,,,,,,,,,,,,,,,,,,,,,,,,,,,,,,,,,,,,,,,,,,,,,,,,,,,,,,,,,,,,,,,,,,,,,,,,,,,,,,,,,,,,,,,,,,,,,,,,,,,,,,,,,,,,,,,,,,,,,,,,,,,,,,,,,,,,,,,,,,,,,,,,,,,,,,,,
,Rhizosolenia stolterfothii,,,,,,,,,,,,,,,,,,,,,,,,,,,,,,,,,,,,,,,,,,,,,,,,,,,,,,,,,,,,,,,,,,,,,,,,,,,,,,,,,,,,,,,,,,,,,,,,,,,,,,,,,,,,,,,,,,,,,,,,,,,,,,,,,,,,,,,,,,,,,,,,,,,,,,,,,,,,,,,,,,,,,,,,,,,,,,,,,,,,,,,,,,,,,,,,,,,,,,,,,,,,,,,,,,,,,,,,,,,,,,,,,,,,,,,,,,,,,,,,
,Rhizosolenia styliformis,,,,,,,,,,,,,,,,,,,,,,,,,,,,,,,,,,,,,,,,,,,,,,,,,,,,,,,,,,,,,,,,,,,,,,,,,,,,,,,,,,,,,,,,,,,,,,,,,,,,,,,,,,,,,,,,,,,,,,,,,,,,,,,,,,,,,,,,,,,,,,,,,,,,,,,,,,,,,,,,,,,,,,,,,,,,,,,,,,,,,,,,,,,,,,,,,,,,,,,,,,,,,,,,,,,,,,,,,,,,,,,,,,,,,,,,,,,,,,,,
,Rhizosolenia spp.,,,,,,,,,,,,,,,,,,,1452,1452,,,,,,,,,4400,8800,,,,,,,,,4400,1452,,,,,,,4400,,13200,1452,,,,,,,,,,4400,,,,,,1452,,,,,,,,8800,,1452,,,,,4400,4400,1452,,4400,,,,4400,,4400,4400,,,,,,,,,13200,,,,,2904,,,,,,,8800,,,,,,,,,,,,,,,,,,,,,,,,,,,,,4400,,,,,,,,1452,,,,,,,,,,1452,,,,,,,,1452,13200,,,,5720,,,,3775,5720,17160,1888,,,,,,,,,17160,1452,1452,1452,1452,,,,,,8800,8800,,,,1452,,,,,2904,1452,,1452,,,,,,,1452,8800,,,,1452,,,,,,,,,,,,,,,1452,1452
Rhoicosphenia,Rhoicosphenia curvata,,,,,,,,,,,,,,,,,,,,,,,,,,,,,,,,,,,,,,,,,,,,,,,,,,,,,,,,,,,,,,,,,,,,,,,,,,,,,,,,,,,,,,,,,,,,,,,,,,,,,,,,,,,,,,,,,,,,,,,,,,,,,,,,,,,,,,,,,,,,,,,,,,,,,,,,,,,,,,,,,,,,,,,,,,,,,,,,,,,,,,,,,,,,,,,,,,,,,,,,,,,,,,,,,,,,,,,,,,,,,,,,,,,,,,,,,,,,,,,,
Rhopalodia,Rhopalodia musculus,,,,,,,,,,,,,,,,,,,,,,,,,,,,,,,,,,,,,,,,,,,,,,,,,,,,,,,,,,,,,,,,,,,,,,,,,,,,,,,,,,,,,,,,,,,,,,,,,,,,,,,,,,,,,,,,,,,,,,,,,,,,,,,,,,,,,,,,,,,,,,,,,,,,,,,,,,,,,,,,,,,,,,,,,,,,,,,,,,,,,,,,,,,,,,,,,,,,,,,,,,,,,,,,,,,,,,,,,,,,,,,,,,,,,,,,,,,,,,,,
Schröderella,Schröderella delicatula ,,,,,,,,,,,,,,,,,,,,,,,,,,,,,,,,,,,,,,,,,,,,,,,,,,,,,,,,,,,,,,,,,,,,,,,,,,,,,,,,,,,,,,,,,,,,,,,,,,,,,,,,,,,,,,,,,,,,,,,,,,,,,,,,,,,,,,,,,,,,,,,,,,,,,,,,,,,,,,,,,,,,,,,,,,,,,,,,,,,,,,,,,,,,,,,,,,,,,,,,,,,,,,,,,,,,,,,,,,,,,,,,,,,,,,,,,,,,,,,,
Seminavis,Seminavis robusta,,,,,,,,,,,,,,,,,,,,,,,,,,,,,,,,,,,,,,,,,,,,,,,,,,,,,,,,,,,,,,,,,,,,,,,,,,,,,,,,,,,,,,,,,,,,,,,,,,,,,,,,,,,,,,,,,,,,,,,,,,,,,,,,,,,,,,,,,,,,,,,,,,,,,,,,,,,,,,,,,,,,,,,,,,,,,,,,,,,,,,,,,,,,,,,,,,,,,,,,,,,,,,,,,,,,,,,,,,,,,,,,,,,,,,,,,,,,,,,,
Skeletonema,Skeletonema spp.,14119600,9367600,11695200,8448000,6120400,1988800,431200,167200,171600,268400,9094800,11928400,9618400,6023600,3110800,2076800,642400,202400,290400,66000,6261200,8932000,5992800,3911600,2288000,2252800,1628000,5407600,519200,237600,7480000,5262400,6028000,3234000,4470400,4492400,1909600,2754400,765600,660000,1012000,246400,312400,3291200,897600,3225200,682000,360800,778800,374000,3779600,1227600,3687200,11880000,6842000,3652000,5544000,2816000,3190000,1320000,57200,57200,,57200,17600,123200,61600,66000,61600,8800,35200,136400,13200,272800,431200,528000,286000,352000,127600,17600,,,,,,,,52800,,,118800,70400,35200,30800,,48400,,26400,,,264000,294800,748000,,,132000,,13200,,,250800,242000,202400,30800,52800,127600,35200,48400,,,303600,132000,422400,950400,2178000,1562000,,,74800,30800,,30800,44000,308000,17600,74800,35200,57200,,,132000,79200,66000,110000,88000,,,,17600,,,,,79200,44000,,,,17600,26400,,,88000,8800,,,,,,22000,,,17160,22880,,22880,,,,17160,66000,,35200,8800,13200,39600,70400,,28600,,,14652,,,,44000,,,,,330000,303600,277200,162800,8800,2904,,,,,387200,506000,48400,26400,,17600,22000,,,,145200,52800,101200,8800,13200,35200,8800,8800,17600,44000,105600,52800,83600,8800,,13200,,,61600,57200
Stephanopyxis,Stephanopyxis turris,,,,,,,,,,,,,,,,,,,,,,,,,,,,17600,,,,,,,,,,,,,,,,,,,,,,,,,,,,,,,,,,,,,,,,,,,,,,,,,,,,,,,,,,,,,,,,,,,,,,,,,,,,,,,,,,,,,,,,,,,,,,,,,,,,,,,,,,,,,,,,,,,,,,,,,,,,,,,,,,,,,,,,,,,,,,,,,,,,,,,,,,2904,,4400,17600,,,,13328,1452,,8800,,,,8800,,,,,,,,,,,,,,,,,,,,,,,,,,,,,,,,,,,,,,,,,,,,
Streptotheca,Streptotheca indica,,,,,,,,,,,,,,,,,,,,,,,,,,,,,,,,,,,,,,,,,,,,,,,,,,,,,,,,,,,,,,,,,,,,,,,,,,,,,,,,,,,,,,,,,,,,,,,,,,,,,,,,,,,,,,,,,,,,,,,,,,,,,,,,,,,,,,,,,,,,,,,,,,,,,,,,,,,,,,,,,,,,,,,,,,,,,,,,,,,,,,,,,,,,,,,,,,,,,,,,,,,,,,,,,,,,,,,,,,,,,,,,,,,,,,,,,,,,,,,,
Surirella,Surirella fluminensis,,,,,,,,,,,,,,,,,,,,,,,,,,,,,,,,,,,,,,,,,,,,,,,,,,,,,,,,,,,,,,,,,,,,,,,,,,,,,,,,,,,,,,,,,,,,,,,,,,,,,,,,,,,,,,,,,,,,,,,,,,,,,,,,,,,,,,,,,,,,,,,,,,,,,,1452,,,,,,,,,,,,,,,,,,,,,,,,,,,,,,,,,,,,,,,,,,,,,,,,,,,,,,,,,,,,,,,,,,,,,,,,,,,,,,,,,,,,,,,,,,
,Surirella spp.,,,,,,,,,,,,,,,,,,,,,,,,,,,,,,,,,,,,,,,,,,,,,,,,,,,,,,,,,,,,,,,,,,,,,,,,,,,,,,,,,,,,,,,,,,,,,,,,,,,,,,,,,,,,,,,,,,,,,,,,,,,,,,,,,,,,,,,,,,,,,,,,,,,,,,,,,,,,4400,,,,,,,,,,,,,,,,,5720,,,,,,,,,,,,,,,,,,,,,,,,,,,,,,,,,,,,,,,,,,,,,,,,,,,,,,,,1452,,,,,,,,,,,
Thalassionema,Thalassionema frauenfeldii,,,,,,,,,,,,,,,,,,,,,,,,,,,,,,,,,,,,,,,,,,,,,,,,,0,,,,,,,,,,,,,,,,,,,,,,,,,,,,,,,,,,,,,,,,,,,,,,,,,,,,,,,,,,,,,,,,,,,,,,,,,,,,,,,,26400,,,8800,,,,5852,,,48400,,,,,,,,,,,,,,,,,,,,,,,,,,,,,,,,,,,,,,,,,,,,8800,,4400,,,,,,,,,,,,,,,,,,,,,,,,,,,,,,,,,,,,,,,,,,,,,,,,,,,,,,,
,Thalassionema nitzschiodes,,30800,8800,4400,48400,39600,39600,39600,26400,17600,30800,70400,52800,44000,83600,74800,26400,17600,57200,35200,13200,30800,8800,,48400,26400,39600,101200,79200,22000,8800,44000,17600,8800,13200,26400,57200,61600,13200,4400,61600,20504,,35200,26400,61600,,,52800,17600,13200,,88000,26400,96800,35200,118800,44000,998800,52800,8800,,,4400,35200,17600,66000,,30800,,13200,22000,13200,22000,35200,74800,92400,48400,30800,8800,8800,17600,,4400,,8800,4400,8800,4400,,13200,26400,8800,,4400,,,17600,,,127600,52800,17600,,,,,8800,,,,,13200,,4400,,13200,,,,30800,,,8800,,8800,,,,57200,4400,8800,13200,74800,66000,22000,61600,52800,,13200,48400,17600,8800,22000,4400,,,4400,13200,5852,61600,35200,13200,52800,13200,22000,22000,,4400,8800,,4400,,,13200,13200,,4400,,,,,,11440,28600,11440,,,,,1452,8800,13200,26400,4400,35200,,80080,34320,,44000,17600,17600,35200,30800,13200,17600,13200,17600,,13200,13200,13200,,17600,17600,4400,,7304,,44000,8800,39600,30800,17600,17600,61600,,8800,,26400,52800,61600,52800,39600,8800,26400,22000,35200,1452,22000,26400,39600,30800,35200,22000,17600,13200,17600,1452
Thalassiosira,"Thalassiosira angulata (large, >20µm)",13200,4400,13200,,17600,,8800,13200,4400,2904,8800,8800,,4400,4400,8800,4400,8800,13200,4400,13200,13200,57200,39600,26400,8800,13200,30800,17600,30800,44000,22000,35200,17600,22000,4400,17600,8800,13200,35200,35200,30800,17600,30800,17600,92400,52800,17600,57200,26400,48400,8800,70400,110000,83600,26400,110000,57200,110000,44000,4400,,,4400,1452,4400,5852,1452,17600,8800,8800,,8800,13200,35200,22000,13200,17600,17600,4400,1452,,1452,,,,,4400,,,,,1452,,,4400,,,,,13200,61600,35200,,,,,,,,1452,1452,1452,,,22000,,1452,,,48400,13200,8800,8800,4400,4400,,,8800,,22000,8800,,4400,13200,4400,,8800,4400,17600,57200,39600,13200,26400,8800,,1452,,4400,8800,4400,13200,,26400,26400,13200,13200,13200,26400,17600,,,,,,,1452,,,8800,,5720,11440,,3775.2,22880,11440,,17160,5720,4400,8800,1452,4400,22000,13200,35200,17160,,1452,13200,8800,4400,8800,8800,8800,22000,22000,8800,4400,13200,5852,4400,4400,1452,4400,,2904,,,13200,13200,8800,13200,17600,22000,22000,17600,13200,,,1452,,4400,13200,,,13200,1452,1452,1452,1452,8800,1452,1452,8800,8800,8800,8800,1.33
,Thalassiosira bioculata,,,,,,,,,,,,,,,,,,,,,,,,,,,,,,,,,,,,,,,,,,,,,,,,,,,,,,,,,,,,,,,,,,,,,,,,,,,,,,,,,,,,,,,,,,,,,,,,,,,,,,,,,,,,,,,,,,,,,,,,,,,,,,,,,,,,,,,,,,,,,,,,,,,,,,,,,,,,,,,,,,,,,,,,,,,,,,,,,,,,,,,,,,,,,,,,,,,,,,,,,,,,,,,,,,,,,,,,,,,,,,,,,,,,,,,,,,,,,,,,
,Thalassiosira eccentrica,,,,,,,,,,,,,,,,,,,,,,,,,,,,,,,,,,,,,,,,,,,,,,,,,,,,,,,,,,,,,,,,,,,,,,,,,,,,,,,,,,,,,,,,,,,,,,,,,,,,,,,,,,,,,,,,,,,,,,,,,,,,,,,,,,,,,,,,,,,,,,,,,,,,,,,,,,,,,,,,,,,,,,,,,,,,,,,,,,,,,,,,,,,,,,,,,,,,,,,,,,,,,,,,,,,,,,,,,,,,,,,,,,,,,,,,,,,,,,,,
,Thalassiosira hyalina,,,,,,,,,,,,,,,,,,,,,,,,,,,,,,,,,,,,,,,,,,,,,,,,,,,,,,,,,,,,,,,,,,,,,,,,,,,,,,,,,,,,,,,,,,,,,,,,,,,,,,,,,,,,,,,,,,,,,,,,,,,,,,,,,,,,,,,,,,,,,,,,,,,,,,,,,,,,,,,,,,,,,,,,,,,,,,,,,,,,,,,,,,,,,,,,,,,,,,,,,,,,,,,,,,,,,,,,,,,,,,,,,,,,,,,,,,,,,,,,
,Thalassiosira nordenskioldii,,,,,,,,,,,,,,,,,,,,,,,,,,,,,,,,,,,,,,,,,,,,,,,,,,,,,,,,,,,,,,,,,,,,,,,,,,,,,,,,,,,,,,,,,,,,,,,,,,,,,,,,,,,,,,,,,,,,,,,,,,,,,,,,,,,,,,,,,,,,,,,,,,,,,,,,,,,,,,,,,,,,,,,,,,,,,,,,,,,,,,,,,,,,,,,,,,,,,,,,,,,,,,,,,,,,,,,,,,,,,,,,,,,,,,,,,,,,,,,,
,Thalassiosira rotula,,,,,,,,,,,,,,,,,,,,,,,,,,,,,,,,,,,,,,,,,,,,,,,,,,,,,,,,,,,,,,,,,,,,,,,,,,,,,,,,,,,,,,,,,,,,,,,,,,,,,,,,,,,,,,,,,,,,,,,,,,,,,,,,,,,,,,,,,,,,,,,,30800,,,,,,,,,,,,,,,,,,,,,,,,,,,,,,,,,,,,,,,,,,,,,,,,,,,,,,,,,,,,,,,,,,,,,,,,,,,,,,,,,,,,,,,,,,,,,,,,
,Thalassiosira weissflogii,,,4400,4400,4400,4400,,2904,1452,4400,4400,4400,,1,,,,1452,,,,,13200,,,,4400,,,,17600,35200,8800,13200,,,17600,,4400,,154000,79200,13200,4400,44000,30800,4400,22000,13200,13200,39600,22000,,4400,,8800,8800,4400,4400,22000,26400,8800,,,,,2904,1452,4400,,4400,,,,4400,1452,,8800,,2904,,,,,,,,4400,,,,,1452,4400,,,,,,,,,,,,,,,,,,,,,,8800,,,,,22000,17600,,8800,,8800,,,13200,,26400,8800,17600,,4400,13200,44000,26400,4400,22000,26400,26400,,8800,,,,,,,,,,8800,,8800,,,2904,4400,,,,4400,,8800,4400,4400,4400,8800,,,,,,5720,5720,,5720,5720,,13200,,,,8800,,,,1452,,,,,,,,,,,1452,13200,8800,,2904,8800,,,,,5852,13200,8800,8800,1452,,,,1452,,13200,,,13200,,1452,,8800,,,13200,13200,13200,8800,1452,,,,,
,auxospore of Thalassiosira,,,,,,,,,,,,,,,,,,,,,,,,,,,,,,,,,,,,,,,,,,,,,,,,,,,,,,,,,,,,,,,,,,,,,,,,,,,,,,,,,,,,,,,,,,,,,,,,,,,,,,,,,,,,,,,,,,,,,,,,,,,,,,,,,,,,,,,,,,,,,,,4400,,,,,,,,,,,,,,,,,,,,,,,,,,,,,,,,,,,,,,,,,,,,,,,,,,,,,,,,,,,,,,,,,,,,,,,,,,,,,,,,,,,,,,,,,,,,,,,,,
,"Thalassiosira spp.1 (medium-large, 15-20µm",26400,57200,39600,39600,44000,22000,17600,17600,4400,26400,17600,22000,17600,8800,26400,39600,35200,8800,17600,30800,26400,70400,52800,17600,35200,30800,39600,132000,66000,13200,83600,52800,118800,132000,83600,79200,48400,52800,74800,22000,162800,61600,17600,189200,149600,242000,92400,74800,101200,44000,136400,83600,228800,462000,237600,233200,352000,149600,308000,88000,44000,4400,,4400,1452,8800,,,13200,13200,8800,26400,22000,22000,48400,74800,22000,57200,13200,,8800,,,4400,,,,8800,,,4400,4400,4400,17600,4400,4400,,,,,88000,44000,70400,4400,,4400,,,,,17600,13200,8800,4400,1452,22000,13200,1452,,,88000,44000,8800,22000,,17600,4400,,17600,22000,44000,8800,44000,88000,70400,39600,22000,22000,4400,8800,154000,110000,105600,22000,30800,4400,,,4400,4400,8800,17600,17600,13200,8800,30800,8800,8800,13200,74800,4400,,8800,4400,8800,,,,,,,22880,34320,22880,5720,28600,11440,11440,11440,1888,4400,8800,,8800,17600,17600,17600,11440,11440,4400,17600,4400,13200,8800,13200,13200,8800,4400,17600,8800,61600,22000,22000,44000,35200,13200,35200,17600,4400,,26400,22000,8800,8800,17600,39600,22000,30800,,,8800,39600,30800,22000,8800,8800,13200,13200,70400,13200,22000,74800,17600,22000,8800,26400,35200,61600,26400,11704
,"Thalassiosira spp.2 (medium-small, 10-15µm)",17600,57200,57200,48400,66000,22000,17600,8800,13200,13200,17600,26400,39600,48400,35200,39600,48400,22000,13200,13200,61600,145200,110000,44000,70400,70400,61600,105600,70400,22000,92400,35200,57200,83600,127600,79200,105600,52800,74800,44000,132000,44000,35200,180400,154000,316800,114400,92400,92400,70400,176000,158400,228800,286000,387200,404800,528000,290400,484000,118800,35200,8800,8800,4400,1452,8800,4400,4400,8800,8800,22000,39600,8800,26400,96800,61600,44000,17600,4400,4400,13200,,,8800,4400,,,4400,,,,8800,8800,4400,8800,,,,,,132000,57200,13200,17600,,,,8800,,,17600,39600,8800,4400,,17600,22000,13200,,,176000,308000,44000,88000,13200,13200,8800,44000,88000,30800,88000,13200,52800,88000,79200,57200,132000,220000,88000,26400,22000,39600,154000,17600,8800,,,4400,,1452,26400,22000,8800,22000,8800,13200,8800,22000,17600,17600,8800,4400,13200,8800,4400,13200,8800,1452,4400,4400,,45760,28600,45760,68640,11440,34320,11440,5720,,13200,13200,13200,13200,8800,8800,8800,5720,22880,4400,8800,8800,8800,8800,4400,30800,4400,4400,4400,10252,39600,35200,57200,39600,26400,39600,70400,44000,4400,1452,52800,22000,61600,39600,74800,44000,44000,70400,8800,13200,35200,79200,44000,8800,17600,26400,8800,26400,52800,13200,48400,48400,26400,35200,13200,44000,39600,74800,17600,11704
,"Thalassiosira spp.3 (small, <10µm)",35200,79200,61600,30800,48400,30800,61600,114400,66000,48400,101200,57200,92400,22000,35200,66000,118800,52800,61600,35200,140800,198000,286000,290400,189200,215600,154000,171600,96800,70400,272800,237600,189200,149600,202400,92400,220000,211200,92400,83600,202400,101200,57200,514800,347600,400400,237600,88000,154000,48400,440000,44000,352000,462000,325600,352000,506000,264000,330000,211200,96800,39600,30800,39600,8800,22000,13200,8800,48400,8800,101200,123200,44000,66000,96800,79200,96800,30800,13200,17600,17600,17600,22000,30800,13200,17600,4400,4400,4400,,4400,22000,26400,35200,8800,,13200,17600,13200,,8184000,7964000,9724000,396000,88000,220000,44000,57200,39600,17600,61600,70400,26400,48400,22000,74800,17600,22000,22000,,12056000,3476000,572000,352000,308000,325600,92400,836000,440000,118800,396000,1276000,189200,836000,506000,374000,1320000,836000,704000,48400,303600,242000,39600,22000,13200,88000,4400,8800,17600,,79200,123200,44000,110000,26400,48400,74800,44000,52800,39600,44000,13200,17600,39600,57200,83600,8800,52800,44000,13200,,51480,120120,68640,57200,45760,51480,28600,28600,11440,1056000,264000,396000,132000,13200,22000,57200,17160,22880,8800,26400,44000,30800,52800,44000,96800,22000,35200,8800,8800,92400,154000,171600,66000,52800,35200,88000,39600,8800,30800,110000,118800,61600,70400,26400,48400,61600,48400,39600,,127600,110000,52800,52800,13200,22000,26400,22000,22000,26400,83600,17600,57200,44000,22000,39600,48400,79200,26400,8800
Thalassiothrix,Thalassiothrix longissima,,,,,,,,,,,,,,,,,,,,,,,,,,,,,,,,,,,,,,,,,,,,,,,,,,,,,,,,,,,,,,,,,,,,,,,,,,,,,,,,,,,,,,,,,,,,,,,,,,,,,,,,,,,,,,,,,,,,,,,,,,,,,,,,,,,,,,,,,,,,,,,,,,,,,,,,,,,,,,,,,,,,,,,,,,,,,,,,,,,,,,,,,,,,,,,,,,,,,,,,,,,,,,,,,,,,,,,,,,,,,,,,,,,,,,,,,,,,,,,,
Trachyneis,Trachyneis aspera,,,,,,,,,,,,,,,,,,,,,,,,,,,,,,,,,,,,,,,,,,,,,,,,,,,,,,,,,,,,,,,,,,,,,,,,,,,,,,,,,,,,,,,,,,,,,,,,,,,,,,,,,,,,,,,,,,,,,,,,,,,,,,,,,,,,,,,,,,,,,,,,,,,,,,,,,,,,,,,,,,,,,,,,,,,,,,,,,,,,,,,,,,,,,,,,,,,,,,,,,,,,,,,,,,,,,,,,,,,,,,,,,,,,,,,,,,,,,,,,
Triceratium,Triceratium spp.,,,,,,,,,,,,,,,,,,,,,,,,,,,,,,,,,,,,,,,,,,,,,,,,,,,,,,,,,,,,,,,,,,,,,,,,,,,,,,,,,,,,,,,,,,,,,,,,,,,,,,,,,,,,,,,,,,,,,,,,,,,,,,,,,,,,,,,,,,,,,,,,,,,,,,,,,,,,,,,,,,,,,,,,,,,,,,,,,,,,,,,,,,,,,,,,,,,,,,,,,,,,,,,,,,,,,,,,,,,,,,,,,,,,,,,,,,,,,,,,
Trigonium,Trigonium spp.,,,,,,,,,,,,,,,,,,,,,,,,,,,,,,,,,,,,,,,,,,,,,,,,,,,,,,,,,,,,,,,,,,,,,,,,,,,,,,,,,,,,,,,,,,,,,,,,,,,,,,,,,,,,,,,,,,,,,,,,,,,,,,,,,,,,,,,,,,,,,,,,,,,,,,,,,,,,,,,,,,,,,,,,,,,,,,,,,,,,,,,,,,,,,,,,,,,,,,,,,,,,,,,,,,,,,,,,,,,,,,,,,,,,,,,,,,,,,,,,
Toxarium ,Toxarium spp.,,,,,,,,,,,,,,,,,,,,,,,,,,,,,,,,,,,,,,,,,,,,,,,,,,,,,,,,,,,,,,,,,,,,,,,,,,,,,,,,,,,,,,,,,,,,,,,,,,,,,,,,,,,,,,,,,,,,,,,,,,,,,,,,,,,,,,,,,,,,,,,,,,,,,,,,,,,,,,,,,,,,,,,,,,,,,,,,,,,,,,,,,,,,,,,,,,,,,,,,,,,,,,,,,,,,,,,,,,,,,,,,,,,,,,,,,,,,,,,,
diatom1,"unknown diatom, six-horn star shape, ~10um)",,,,,,,,,,,,,,,,,,,,,,,,,,,,,,,,,,,,,,,,,,,,,,,,,,,,,,,,,,,,,,,,,,,,,,,,,,,,,,,,,,,,,,,,,,,,,,,,,,,,,,,,,,,,,,,,,,,,,,,,,,,,,,,,,,,,,,,,,,,,,,,,,,,,,,,,,,,,,,,,,,,,,,,,,,,,,,,,,,,,,,,,,,,,,,,,,,,,,,,,,,,,,,,,,,,,,,,,,,,,,,,,,,,,,,,,,,,,,,,,
Other diatoms,Other diatoms,,,,,,,,,,,,,,,,,,,,,,,,,,,,,,,,,,,,,,,,,,,,,,,,,,,,,,,,,,,,,,,,,,,,,,,,,,,,,,,,,,,,,,,,,,,,,,,,,,,,,,,,,,,,,,,,,,,,,,,,,,,,,,,,,,,,,,,,,,,,,,,,,,,,,,,,,,,,,,,,,,,,,,,,,,,,,,,,,,,,,,,,,,,,,,,,,,,,,,,,,,,,,,,,,,,,,,,,,,,,,,,,,,,,,,,,,,,,,,,,
,,,,,,,,,,,,,,,,,,,,,,,,,,,,,,,,,,,,,,,,,,,,,,,,,,,,,,,,,,,,,,,,,,,,,,,,,,,,,,,,,,,,,,,,,,,,,,,,,,,,,,,,,,,,,,,,,,,,,,,,,,,,,,,,,,,,,,,,,,,,,,,,,,,,,,,,,,,,,,,,,,,,,,,,,,,,,,,,,,,,,,,,,,,,,,,,,,,,,,,,,,,,,,,,,,,,,,,,,,,,,,,,,,,,,,,,,,,,,,,,,
Dinoflagellate,,,,,,,,,,,,,,,,,,,,,,,,,,,,,,,,,,,,,,,,,,,,,,,,,,,,,,,,,,,,,,,,,,,,,,,,,,,,,,,,,,,,,,,,,,,,,,,,,,,,,,,,,,,,,,,,,,,,,,,,,,,,,,,,,,,,,,,,,,,,,,,,,,,,,,,,,,,,,,,,,,,,,,,,,,,,,,,,,,,,,,,,,,,,,,,,,,,,,,,,,,,,,,,,,,,,,,,,,,,,,,,,,,,,,,,,,,,,,,,,,
Akashiwo,Akashiwo sanguinea,,,,,,,,,,,,,,,,,,,,,,,,,,,,,,,,,,,,,,,,,,,,,,,,,,,,,,,,,,,,,,,,,,,,,,,,,,,,,,,,,,,,,,,,,,,,,,,,,,,,,,,,,,,,,,,,,,,,,,,,,,,,,,,,,,,,,,,,,,,,,,,,,,,,,,,,,,,,,,,,,8800,,8800,,,,,,,,,,,,,,,,,,,,,,,,,,,,,,,,,,,,,,,,,,,,,,,,,,,,,,,,,,,,,,,,,,,,,,,,,,,,,
Alexandrium,Alexandrium spp.,,,,,8800,,,1452,1452,,,,,,,,1452,,,,,,,,2904,,,,,,8800,,,,,,,,,,,,,,,,4400,,,,,,,,,,,,,,,,,,,,,,,,,,4400,,,,,,,,,,,,,,,,,,,,,,,,,,,,,,30800,,,,,,,,,,,,,1452,,,,,8800,17600,13200,,,,,,,,,,,,,,,,,,8800,4400,,8800,,,,,,,,,,,,,,,,,,8800,,,,,,,,,,,,,,,,,,,1452,1452,1452,8800,8800,1452,,,,,,,,,,,,1452,,,,,,,1452,,,,,,,,,,,,,,,,,,,,,,,,,,1452,,,,,,,,,
,Alexandrium tamarense,,,,,,,,,,,,,,,,,,,,,,,,,,,,,,,,,,,,,,,,,,,,,,,,,,,,,,,,,,,1452,,,,,,,,,,,,,,,,,,,,,,,,,,,,,,,,,,,,,,,,,,13200,4400,,,,,,,,,,,,,,,,,,,,,,,,,,,,,,,,,,,,,,,,,,,,,,,,,,,,,,,,,,,,,,,,,,,,,,,,,,,,,,,,,,,,,,,,,,,,,,,,,,,,,,,,,,,,,,,,,,,,,,,,,,,,,,,,,,,,,,,,,,
Amphidinium,Amphidinium crassum,,,,,,,,,,,,,,,,,,,,,,,,,,,,,,,,,,,,,,,,,,,,,,,,,,,,,,,,,,,,,,,,,,,,,,,,,,,,,,,,,,,,,,,,,,,,,,,,,,,,,39600,4400,,8800,4400,1452,1452,,,,,,,,,,,,,,30800,8800,4400,8800,22000,,,,,,4400,,4400,,,,,,,,4400,,,,,,,,,,,,,,,,,,,,,,,,,,,,,,,,,,,,,,,,,,,,,,,,,,,,,,,,,,,,,,,,,,,,,,,,,,,,,,,,,,,,,,,,,,,,,,,,,,,
Ceratium,Ceratium furca,,,,,,,,,,,,,,,,,,,,,,,,,,,,,,,,,,,,,,,,,,,,,,,,,,,,,,,,,,,,,,,,,,,,,,,,,,,,,,,,,,,,,,,,,,,,,,,,,,,,,,,,,,,,,,,,,,,,,,,,,,,,,,,,,,,,,,,,,,,,,,,,,,,,,,,,,,,,,,,,,,,,,,,,,,,,,,,,,,,,,,,,,,,,,,,,,,,,,,,,,,,,,,,,,,,,,,,,,,,,,,,,,,,,,,,,,,,,,,,,
,Ceratium fusus,,,,,,,,,,,,,,,,,,,,,,,,,,,,,,,,,,,,,,,,,,,,,,,,,,,,,,,,,,,,,,,,,,,,,,,,,,,,,,,,,,,,,,,,,,,,,,,,,,,,,,,,,,,,,,,,,,,,,,,,,,,,,,,,,,,,,,,,,,,,,,,,,,,,,,,,,,,,,,,,,,,,,,,,,,,,,,,,,,,,,,,,,,,,,,,,,,,,,,,,,,,,,,,,,,,,,,,,,,,,,,,,,,,,,,,,,,,,,,,,
,Ceratium spp.,,,,,,,,,,,,,,,,,,,,,,,,,,,,,,,,,,,,,,,,,,,,,,,,,,,,,,,,,,,,,,,,,,,,,,,,,,,,,,,,,,,,,,,,,,,,,,,,,,,,,,,,,,,,,,,,,,,,,,,,,,,,,,,,,,,,,,,,,,,,,,,,,,,,,,,,,,,,,,,1452,,,,,,,,,,,,,,,,,,,,,,,,,,,,,,,,,,1452,,,,,,,,,,,,,,,,,,,,,,,,,,,,,,,,,,,,,,,,,,,,,,,
Cochlodinium,Cochlodinium spp.,,,,,,,,,,,,,,,,,,,,,,,,,,,,,,,,,,,,,,,,,,,,,,,,,,,,,1452,,,,,,,,,,,,,,,,,,,,,,,,,,,,,,,,,,,,,,,,,,,,,,,,,,8800,,,,,1452,,,,,,,,,,,,1452,,,,,4400,,,,,,,,,,,,,,,,4400,4400,,,4400,,,,,,,,,,,,,,,,4400,,,,,,,,4400,1452,,,,,,,,,,,,,,,,1452,,,,,,1452,,,,1452,,,,,1452,2904,8800,,,,,4400,,,1452,1452,4400,,1452,1452,,,,,,1452,,,,2904,,,,,,,,1452,,1452,,,,
Coolia,Coolia spp.,,,,,,,,,,,,,,,,,,,,,,,,,,,,,,,,,,,,,,,,,,,,,,,,,,,,,,,,,,,,,,,,,,,,,,,,,,,,,,,,,,,,,,,,,,,,,,,,,,,,,,,,,,,,,,,,,,,,,,,,,,,,,,,,,,,,,,,,,,,,,,,,,,,,,,,,,,,,,,,,,,,,,,,,,,,,,,,,,,,,,,,,,,,,,,,,,,,,,,,,,,,,,,,,,,,,,,,,,,,,,,,,,,,,,,,,,,,,,,,,
Dinophysis,Dinophysis acuminata,,,,,,,,,,,,,,,,,,,,,,,,,,,,,,,,,,,,,,,,,,,,,,,,,,,,,,,,,,,,,,,,,,,,,,,,,,,,,,,,,,,,,,,,,,,,,,,,,,,,,,,,,,,,,,,,,,,,,,,,,,1452,1452,,1452,,,,,,,,,,,,,,,,,,4400,,,,,,,,,4400,,,,,,,,,,,,,,,,,,,,,,,,,,,,,,,,,,,,,,,,,,,,,,,,,,,,,,,,,,,,,,,,,,,,,,,,,,,,,,,,,,,,,,,,
,Dinophysis miles,,,,,,,,,,,,,,,,,,,,,,,,,,,,,,,,,,,,,,,,,,,,,,,,,,,,,,,,,,,,,,,,,,,,,,,,,,,,,,,,,,,,,,,,,,,,,,,,,,,,,,,,,,,,,,,,,,,,,,,,,,,,,,,,,,,,,,,,,,,,,,,,,,,,,,,,,,,,,,,,,,,,,,,,,,,,,,,,,,,,,,,,,,,,,,,,,,,,,,,,,,,,,,,,,,,,,,,,,,,,,,,,,,,,,,,,,,,,,,,,
,Dinophysis norvegica,,,,,,,,,,,,,,,,,,,,,,,,,,,,,,,,,,,,,,,,,,,,,,,,,,,,,,,,,,,,,,,,,,,,,,,,,,,,,,,,,,,,,,,,,,,,,,,,,,,,,,,,,,,,,,,,,,,,,,,,,,,,,,,,,,,,,,,,,,,,,,,,,,,,,,,,,,,,,,,,,,,,,,,,,,,,,,,,,,,,,,,,,,,,,,,,,,,,,,,,,,,,,,,,,,,,,,,,,,,,,,,,,,,,,,,,,,,,,,,,
Diplopsalis,Diplopsalis lenticula,,,,,,,,,,,,,,,,,,,,,,,,,,,,,,,,,,,,,,,,,,,,,,,,,,,,,,,,,,,,,,,,,,,,,,,,,,,,,,,,,,,,,,,,,,,,,,,,,,,,,,,,,,,,,,,,,,,,,,,,,,26400,57200,,,,,,,,,,,,,,,,,,,,,,,,1452,,,,,,,,,,,,,,8800,,,1452,,,,,,,,,,,,,,,,,,,1452,13200,,,,,,,,,,,,,,,,,,,,,,,,,,,,,,,,,,,,,1452,,,,,,,,,,,,,,,,,,,
Gambierdiscus,Gambierdiscus toxicus,,,,,,,,,,,,,,,,,,,,,,,,,,,1452,,,,,,1452,,,,,,,,,,,,4400,,,4400,2904,,,,,,,,,1452,,,,,,,,,1452,,1452,,1452,,880,,,1452,,,,,,,,,,,,,,,,,,,,,,,,,,,,,,,,,,,,,,,,,,,,,,22000,,,,,,,,,,,,,,,,,,,4400,1452,,,,,,,,,,,,,,,,,,,,,,,4400,,,,,,,,,,,,,,,,,,,,,,,,,,,,,,,,,,,,,,,,,,,,,,,,,,,,,,,,,,,,,,,,,,,,,,,,,,,
Gonyaulax,Gonyaulax spp.,,,,,,,,,,,,,,,,,,,,,,,,,,,,,4400,,,,,,,,,,,,,,,,,,,,,1452,,,,,,,,,,,,,,,,,,,,,,,,,1452,,,,,,,,1452,,,,,,,,,,,,,,,,,,,,,,,,,,,,,,,,,,,,,,4400,,,,,,,,,,,,,,,,,,,,,8800,,,,,,,,,,,,,,,,,,,8800,70400,,,4400,,,,,,,,,,,,,,,,,,,1452,,,,,,,,,,,,,,,,,,1452,,,,,,,,,4400,,,,,,,,,,,,,,,,,,,,,1452,1452,,,,,,,
,Gonyaulax polygramma,,,,,,,,,,,,,,,,,,,,,,,,,,,,,,,,,,,,,,,,,,,,,,,,,,,,,,,,,,,,,,,,,,,,,,,,,,,,,,,,,,,,,,,,,,,,,,,,,,,,,,,,,,,,,,,,,,,,,,,,,,,,,,,,,,,,,,,,,,,,,,,,,,,,,,,,,,,,,,,,,,,,,,,,,,,,,,,,,,,,,,,,,,,,,,,,,,,,,,,,,,,,,,,,,,,,,,,,,,,,,,,,,,,,,,,,,,,,,,,,
,Gonyaulax verior,,,,,,,,,,,,,,,,,,,,,,,,,,,,,,,,,,,,,,,,,,,,,,,,,,,,,,,,,,,,,,1452,,,,,,,,,,,,,,,,,,,,,,,,,,,,,,,,,,,,,,,,,,,,,,,,,,,,,,,,,,,,,,,,,,,,,,,,,,,,,,,,,,,,,,,,,,,,,,,,,,,1452,13200,4400,4400,,,,,,,,,,,,,,,,,1452,1452,1452,,,,,,,,,,,,,,,,,,,,,,,,,,,,,,,,,,,,,,,,,,,,,,,,,,,,,,,,,
Gymnodinium,Gymnodinium spp.,4400,4400,4400,13200,,,,1452,2904,1452,4400,4400,22000,,,,,,1452,,,,4400,4400,1452,1452,,,,,,,,,,,,,,,,,,,,,,,,,1452,1452,1452,,,1452,8800,,4400,,,,,1452,,,1452,,,13200,,1452,,,,,1452,,1452,,1452,,,,,,,,4400,13200,,,,4400,,4400,,,,8800,8800,30800,70400,74800,22000,22000,13200,1452,,,,17600,35200,13200,,1452,8800,8800,,,35200,61600,136400,17600,,35200,13200,22000,,8800,8800,,8800,4400,,,4400,8800,,,66000,127600,242000,57200,,4400,,13200,,8800,,13200,4400,4400,4400,,,,1452,8800,35200,,96800,44000,30800,,,,,,,17160,11440,5720,1887.6,,17160,,,,13200,1452,13200,22000,4400,,8800,5720,5720,1452,1452,,13200,,,17600,,7304,1452,,8800,30800,,8800,13200,,8800,8800,4400,4400,,8800,,,1452,1452,,4400,,,,2904,,,1452,1452,1452,,,,1452,1452,,,,1452,,1452,,
Gyrodinium,Gyrodinium instriatum,,,,,,,,,,,,,,,,,,,,,,,,,,,,,,,,,,,,,,,,,,,,,,,,,,,,,,,,,,,,,,,,,,,,,,,,,,,,1452,,,,,,,,,,,,,,,,,,,,,,,,,1452,1452,1452,1452,,,,,,,,,,,,,1452,,,,,,,,,,,,,,4400,4400,4400,,,,,,,,,,,,4400,,,1452,,,,,,,,,,,,,,8800,,,,,,,,,,,,,,,,,,,,,,,,,,,,,,,,,,,,,,,,,,,,,,,,,,,,,,,,,,,,,,,,1452,,,,,,,,,,,,,,
,Gyrodinium spirale,,,,,,,,,,,,,,,,,,,,,,,,,,,,,,,,,,,,,,,,,,,,,,,,,,,,,,,,,,,,,,,,,,,,,,,,,,,,,,,,,,,,,,,,,,,,,,,,,,,,,,,,,,,,,,,,,,,,,,,,,,,,,4400,1452,,,,,,,,,,,,,,,,,,,,,,,,,,,,,,,,,,,,4400,,,,,,,,,,,,,,,,,,,,4400,,,,,,,,,,,1452,,1452,1452,,,,,,,1452,,,1452,,1452,,,,,,,1452,,,,,,,,,,,,,,,,,,,,,,,,,
Heterocapsa,Heterocapsa triquetra,,,,,,,,,,,,,,,,,,,,,,,,,,,,,,,,,13200,,,,,,,,,,,,,,,,,,,,,,,,,,,,,,,,,,,,,,,,,,,,,,,,4400,,,4400,,,,,,,4400,,,,,,,,,,17600,,48400,13200,,,,,,,,,,,,,,,,,39600,17600,44000,8800,4400,,,4400,,,8800,,,,,,,,,,,,,,4400,,,,,,,,,,,,,,,,39600,61600,48400,13200,22000,,,,,,,,,,,,,,,,,8800,44000,13200,4400,,,,,,4400,,1452,,,,,,,,,,,,,,,,,,,,,,,,,,,,,,,,,,,,,,,,,,,,,,,
,Heterocapsa circularisquama,4400,13200,,,,8800,10252,,4400,2904,,,8800,,,8800,4400,2904,1452,,13200,4400,22000,8800,22000,30800,13200,17600,,,35200,26400,,13200,22000,,,,4400,,105600,13200,4400,66000,8800,8800,4400,4400,,,44000,66000,,,13200,8800,,1452,1452,8800,44000,30800,,26400,,,1452,,,,44000,74800,8800,,,1452,,,8800,,4400,,,,,,,,,4400,,,,,,,,,,,22000,35200,35200,17600,4400,17600,8800,,,,,4400,4400,1452,22000,4400,8800,1452,1452,,22000,44000,242000,30800,22000,70400,17600,26400,4400,17600,30800,17600,,,,,17600,8800,4400,17600,114400,180400,66000,22000,,17600,1452,8800,,1452,4400,,,,13200,8800,4400,,13200,4400,39600,30800,39600,13200,8800,,1452,,8800,2904,,17160,22880,5720,11440,,1888,,,,70400,224400,176000,198000,48400,13200,17600,51480,22880,,22000,,,,,8800,8800,35200,,1452,48400,39600,44000,13200,35200,17600,,17600,4400,1452,8800,4400,4400,,,,,,,,,,4400,8800,1452,,,,1452,8800,8800,17600,13200,,1452,,,,,
Karenia,Karenia brevis-like,,,,,,,,,,,,,,,,,,,,,,,,,,,,,,,,,,,,,,,,,,,,,,,,,,,,,,,,,,,,,,,,,,,,,,,,,,,,,,,,,,,,,,,,,,,,,,,,,,,,,,,,,,,,,,,,,,,,,,,,,,,,,,,,,,,,,,,,,,,,,,,,,,,,,,,,,,,,,,,,,,,,,,,,,,,,,,,,,,,,,,,,,,,,,,,,,,,,,,,,,,,,,,,,,,,,,,,,,,,,,,,,,,,,,,,,,,,,,,,,
Katodinium,Katodinium glaucum,,,,,,,,,,,,,,,,,,,,,,,,,,,,,,,,,,,,,,,,,,,,,,,,,,,,,,,,,,,,,,,,,,,,,,,,,,,,,,,,,,,,,,,,,,,,,,,,,,,,,,,,,,,,,,,,,,,,,,,,,,,13200,17600,44000,,,,,,,,,,,,,,,,,,,,,,,,,,,,,,,,,,,,22000,,,,,,,,,,,,,,,,,,,,,17600,,,,,,,,,,,,,,,,,,,,8800,,1452,,,,4400,,,,,,1452,1452,1452,1452,,,,,,,,,,,,,,,,,,,,,,,
Noctiluca,Noctiluca scintillans,,,,,,,,,,,,,,,,,,,,,,,,,,,,,,,,,,,,,,,,,,,,,,,,,,,,,,,,,,,,,,,,,,,,,,,,,,,,,,,,,,,,,,,,,,,,,,,,,,,,,,,,,,,,,,,,,,,,,,,,,,,,,,,,,,,,,,,,,,,,,,,,,,,,,,,,,,,,,,,,,,,,,,,,,,,,,,,,,,,,,,,,,,,,,,,,,,,,,,,,,,,,,,,,,,,,,,,,,,,,,,,,,,,,,,,,,,,,,,,,
Oblea ,Oblea rotunda,,,,,,,,,,,,,,,,,,,,,,,,,,,,,,,,,,,,,,,,,,,,,,,,,,,,,,,,,,,,,,,,,,,,,,,,,,,,,,,,,,,,,,,,,,,,,,,,,,,,,,,,,,,,,,,,,,,,,,,,,17600,4400,13200,4400,,4400,8800,,,,,,,,,,,,,,,,,,4400,,,,,,,,,,,,,,,,,,,,,,,,,,,,,,,,,,,,,,,,,,,,,,,,,,,,,,,,,,,,,,,,,,,,,,,,,,,,1452,,2904,,,,,,,,,,,,,,,,,
Oxyrrhis,Oxyrrhis marina,,,,,,,,,,,,,,,,,,,,,,,,,,,,,,,,,,,,,,,,,,,,,,,,,,,,,,,,,,,,,,,,,,,,,,,,,,,,,,,,,,,,,,,,,,,,,,,,,,,,,,,,,,,,,,,,,,,,,,,,,,,,,,,4400,,,,,,,,,,,,,,,,,,,,,,,,,,,,,,,,,,,,,,,,,,,,,,,,,,,,,,,17600,,,,,,,,,,,,,,,,,,,,,,,,,,,,,,,,,,,,,,,,,,,,,,,,,,,,,,,,,,
Oxytoxum,Oxytoxum spp.,,,,,,,,,,,,,,,,,,,,,,,,,,,,,,,,,,,,,,,,,,,,,,,,,,,,,,,,,,,,,,,,,,,,,,,,,,,,,,,,,,,,,,,,,,,,,,,,,,,,,,,,,,,,,,,,,,,,,,,,,,,,,,,,,,,,,,,,,,,,,,,,,,,,,,,,,,,,,,,,,,,,,,,,,,,,,,,,,,,,,,,,,,,,,,,,,,,,,,,,,,,,,,,,,,,,,,,,,,,,,,,,,,,,,,,,,,,,,,,,
Peridiniella,Peridiniella spp.,,,,,,,,,,,,,,,,,,,,,,,,,,,,,,,,,,,,,,,,,,,,,,,,,,,,,,,,,,,,,,,,,,,,,,,,,,,,,,,,,,,,,,,,,,,,,,,,,,,,,,,,,,,,,,,,,,,,,,,,,,,,,,,,,,,,,,,,,,,,,,,,,,,,,,,,,,,,,,,,,,,,,,,,,,,,,,,,,,,,,,,,,,,,,,,,,,,,,,,,,,,,,,,,,,,,,,,,,,,,,,,,,,,,,,,,,,,,,,,,
Peridinium,Peridinium quinquecorne,,,,,,,,,,,,,,,,,,,,,,,,,,,,,,,,,,,,,,,,,,,,,,,,,,,,,,,,,,,,,,,,,,,,,,,,,,,,,,,,,,,,,,,,,,,,,,,,,,,,,,,,,,,,,,,,,,,,,,,,,,,,,,,,,,,,,,,,,,,,,,,,,,,,,,,,,,,,,,,,,,,,,,,,,,,,,,,,,,,,,,1452,,1452,,,,,,,,,,,,,,,,,,,,,,,,,,,,,,,,,,,,,1452,,,,,,,,,,,,,,,,,,,
,Pfiesteria-like,,,,,,,,,,,,,4400,,,,,,,,,,,,,,,,,,,,,,,,,,,,,,,,,,,,,,,,,,,,,,,,,,,,,,,,,1452,4400,1452,,,,,,,1452,,1452,,,,,8800,,,,,1452,,4400,,8800,,,,,,,52800,30800,35200,8800,,1452,17600,,,8800,26400,35200,22000,,1452,1452,,,,8800,4400,8800,13200,13200,,,8800,,4400,4400,,4400,4400,,,,4400,,8800,22000,,17600,22000,,,,,,8800,,4400,8800,,8800,,1452,1452,,4400,17600,132000,22000,13200,8800,,,5852,,4400,,,,,,,5720,,,,17600,17600,8800,,,1452,8800,,1888,1452,17600,8800,1452,8800,4400,52800,13200,13200,,13200,,8800,13200,13200,8800,4400,13200,8800,1452,1452,,17600,8800,8800,,,8800,,,,,,,,1452,1452,2904,8800,,13200,13200,,,,,,,,,
Pheopolykrikos ,Pheopolykrikos hartmannii,,,,,,,,,,,,,,,,,,,,,,,,,,,,,,,,,,,,,,,,,,,,,,,,,,,,,,,,,,,,,,,,,,,,,,,,,,,,,,,,,,,,,,,,,,,,,,,,,,,,,,,,,,,,,,,,,,,,,,,,,,,,,,,,,,,,,,,,,,,,,,,,,,,,,,,,,,,,,,,,,,,,,,,,,,,,,,,,,,,,,,,,,,,,,,,,,,,,,,,,,,,,,,,,,,,,,,,,,,,,,,,,,,,,,,,,,,,,,,,,
Polykrikos,Polykrikos spp.,,,,,,,1452,,,,,,,,,,,,,,,,,,,,,,,,,,,,,,,,,,,,,,,,,,,,,,,,,,,,,,,,,,,,,,,,,1452,,,,,,,,,,,,,,,,,,,,,,,,,,,,,,,,,,,,,,,,,,,,,,,,,4400,4400,,,,,,,,,,,,,,,,,,,,,,,,4400,,,,,,,,,,,,,,,,,,4400,,,,,,,,,,,,,,,,,,,,,,,,,,,,,,,,,,,,,,,,,,,,,,,,,,,,,,,,,,,,,,,,,,,,,,,,,,,,
Polykrikos,Polykrikos schwarzii,,,,,,,,,,,,,,,,,,,,,,,,,,,,,,,,,,,,,,,,,,,,,,,,,,,,,,,,,,,,,,,,,,,,,,,,,,,,,,,,,,,,,,,,,,,,,,,,,,,,,,,,,,,,,,,,,,,,,,,,,,,,,,,,,,,,,,,,,,,,,,,,,,,,,,,,,,,,,,,,,,,,,,,,,,,,,,,,,,,,,,,,,,,,,,,,,,,,,,,,,,,,,,,,,,,,,,,,,,,,,,,,,,,,,,,,,,,,,,,,
Prorocentrum,Prorocentrum balticum,,,,,,,,,,,,,4400,,,,,,,,,,8800,,,,,,,,,,,,,,,,,,,,,,,,,,,,,,,,,,1452,,,1452,,,,,,,1452,,,1452,,,,,,,1452,,,,1452,,,,,,,,,,,,,,,,,,,,,4400,,,,,,1452,,,,,,,,,,,,,4400,17600,,4400,,13200,,,,,,13200,8800,,4400,,,4400,4400,,4400,17600,,8800,,,,,,,,,,,,,,4400,1452,,8800,4400,8800,,,,,,,,,,,,,,,,,,8800,8800,1452,1452,,,1452,1888,1888,,,,,4400,,2904,,,,,,1452,,1452,,,,1452,,2904,,,,,,,,,,,1452,1452,13200,,,,,,,,,2904,1452,,,,,,,
,Prorocentrum concavum,,,,,,,,,,,,,,,,,,,,,,,,,,,,,,,,,,,,,,,,,,,,,,,,,,,,,,,,,,,,,,,,,,,,,,,,,,,,,,,,,,,,,,,,,,,,,,,,,,,,,,,,,,,,,,,,4400,,,,1452,,,,,,4400,,,,,,,,,,,,,,,,,4400,,,4400,4400,,,8800,,,,,,,,,,,,,,,4400,,4400,,,,,,4400,,,5720,,,,,,,,,,,,,,,,,,,,,,,,,,,,,,,,,,,,,,,,,,,,,,,,,,,1452,,,,,,,,,,,,,,,,,
,Prorocentrum dentatum(=P. donghaiense),,,,,,,,,,,,,,,,,,,,,,,,,,,,,,,,,,,,,,,,,,,,,,,,,,,,,,,,,,,,,,,,,,,,,,,,,,,,,,,,,,,,,,,,,,,,,,,,,,,,,,,,,,,,,,,,,,,,,,,,,,,,,,,,,,,,,,,,,,,,,,,,,,,,,,,,,,,,,,,,,,,,,,,,,,,,,,,,,,,,,,,,,,,,,,,,,,,,,,,,,,,,,,,,,,,,,,,,,,,,,,,,,,,,,,,,,,,,,,,,
,Prorocentrum lima,,,,,,,,,,,,,,,,,,,,,,,,,,,,,,,,,,,,,,,,,,,,,,,,,,,,,,,,,,,,,1452,,,,,,,,,,,,,,,,,,,,,,,,,,,,,,,,,,,,,,,,,,,,,,,,,,,,,,,,,,,,,,,,,,,,,,,,,,,,,,,,,,,,,,,,,,,,,,,,,,,,,,,,,,,,,1452,,,,,,,,,,,,,,,,,,,,,,,,,,1452,,,,,,,,,,,,,,,,,,,,,,,,,,,,,,,,,,,,,,,,,,,,
,Prorocentrum mexicanum,,,,,,,,,,,,,,,,,,,,,,,,,,,,,,,,,,,,,,,,,,,,,,,,,,,,,,,,,,,,,,,,,,,,,,,,,,,,,,,,,,,,,,,,,,,,,,,,,,,,,,,,,,,,,,,,,,,,,,,,,,,,,,,,,,,,,,,,,,,,,,,,,,,8800,4400,,,,,,,,,,,,,,4400,22000,4400,2904,1452,1452,,,,,,,,,,,,,,,1452,,,1452,1452,,,,,,,,,,,,,,,,,,,,,,,,,,,,,,,,,,,,,,,,,,,,,,,,,,,,,,
,Prorocentrum micans,,,,,,,,,,,,,,,,,,,,,,,,,,,,,,,,,,,,,,,,,,,,,,,,,,,,,,,,,,,,,,,,,,,,,,,,,,,,,,,,,,,,,,,,,,,,,,,,,,,,,,,,,,,,,,,,,,,,,,,,,,,,,,,,,,,,,,,,,,,,,,,,,,,,,,,,,,,,,,,,,,,,,,,,,,,,,,,,,,,,,,,,,,,,,,,,,,,,,,,,,,1452,,,,,,,,,4400,,,,,,,,,,,,,,,,,,,,,,,,,,,,,
,Prorocentrum minimum,,,,,,,,,,,,,,,,,,,,,,,,,,,,,,,,,,,,,,,,,1452,,,,,,,,,,,,,,,,,,,,,,,,,,,,,,,,,,,,,,,,,,,,,,,,,,,,,,,,,,,,4400,,13200,,,,,,,,,,,,,,1452,,,,,,26400,26400,13200,39600,92400,246400,66000,22000,,,,17600,17600,22000,30800,132000,26400,22000,,17600,162800,79200,17600,,1452,,,1452,,4400,,,,,,,,1452,8800,8800,8800,,,,1452,8800,,,,22880,,,,,,,,,,,,,,,,,,,,,,,,,,,,,1452,2904,,,,,,8800,,,,1452,,,,,,,,,,,1452,,,,,,,,,,,,,,,,,
,Prorocentrum sigmoides,,,,,,,,,,,,,,,,,,,,,,,,,,,,,,,,,,,,,,,,,,,,,,,,,,,,,,,,,,,,,,,,,,,,,,,,,,,,,,,,,,,,,,,,,,,,,,,,,,,,,,,,,,,,,,,,,,,,,,,,,,,,,,,,,,,,,,,,,,,,,,,4400,,,,,,,,,,,,,,,,,,,8800,,,,,,,,,,,,,,,,,,,,,,,,,,,,,,,,,,,,,,,,,,,,,,,,,,,,,,,,,,,,,,,,,,,,,,,,,,,,,,
,Prorocentrum triestinum,,,,,,,,,,,,,,,,,,,,,,,,,,,,,,,,,,,,,,,,,,,,4400,,4400,13200,13200,,1452,,,,,,,,,,,,,,,,,,,,4400,,,,,,,,,1452,,,,,,,,,,,,,,,,,,,,,,,1452,,1452,,,,,,,1452,,,,,,,,,,35200,8800,4400,,39600,4400,,30800,8800,,,,,,,,,4400,,,8800,8800,48400,22000,4400,,,1452,,1452,,4400,,,,,,,,,264000,2530000,448800,96800,61600,1452,,4400,4400,,,17160,11440,,,,,,,,,1452,2904,8800,,,4400,1888,,,,,,,,,,,,,8800,2904,1452,,1452,1452,4400,8800,,,,,1452,,,,,,,,,,,,,,,,,,,,,,,,,,,
,Prorocentrum spp.,,,4400,,,,,,,,,,,,,,,,,,,,,,,,,,,,,,,,,,,,,,,,,,4400,,,,,,,,,,,,,,,,,,,,,,,,,1452,,,,,,,,,,,,,,,,,,,,,,,,,,,,,,,,,,,,,,,,,,,,,,,,,,,8800,,,,,,13200,,,,4400,,4400,,,,,4400,,,,8800,8800,4400,8800,,1452,,,,,,,,,,,,,,,17600,,39600,,,,,,,,,,,,,,,,,,8800,,1452,,,,,,1452,4400,,,,,,,,,,,,,,,,,,1452,,,,,,,,,,,,,,,,,,,,,,,,,,,,,,,
Protoperidinium,Protoperidinium claudicans,,,,,,,,,,,,,,,,,,,,,,,,,,,,,,,,,,,,,,,,,,,,,,,,,,,,,,,,,,,,,,,,,,,,,,,,,,,,,,,,,,,,,,,,,,,,,,,,,,,,,,,,,,,,,,,,,,,,,,,,,,,,,,,,,,,,,,,,,,,,,,,,,,,,,,,,,,,,,,,,,,,,,,,,,,,,,,,,,,,,,,,,,,,,,,,,,,,,,,,,,,,,,,,,,,,,,,,,,,,,,,,,,,,,,,,,,,,,,,,,
,Protoperidinium conicum,,,,,,,,,,,,,,,,,,,,,,,,,,,,,,,,,,,,,,,,,,,,,,,,,,,,,,,,,,,,,,,,,,,,,,,,,,,,,,,,,,,,,,,,,,,,,,,,,,,,,,,,,,,,,,,,,,,,,,,,,,,,,,,,,,,,,,,,,,,,,,,,,,,,,,,,,,,,,,,,,,4400,,,,,,,,,,,,,,,,,,,,,,,,,,,,,,,,,,,,,,,,,,,,,,,,,,,,,,,,,,,,,,,,,,,,,,,,,,,,,,
,Protoperidinium depressum,,,,,,,,,,,,,,,,,,,,,,,,,,,,,,,,,,,,,,,,,,,,,,,,,,,,,,,,,,,,,,,,,,,,,,,,,,,,,,,,,,,,,,,,,,,,,,,,,,,,,,,,,,,,,,,,,,,,,,,,,,,,,,,,,,,,,,,,,,,,,,,,,,,,,,,,,,,,,,,,,,,,,,,,,,,,,,,,,,,,,,,,,,,,,,,,,,,,,,,,,,,,,,,,,,,,,,,,,,,,,,,,,,,,,,,,,,,,,,,,
,Protoperidinium oblongum,,,,,,,,,,,,,,,,,,,,,,,,,,,,,,,,,,,,,,,,,,,,,,,,,,,,,,,,,,,,,,,,,,,,,,,,,,,,,,,,,,,,,,,,,,,,,,,,,,,,,,,,,,,,,,,,,,,,,,,,,,,,,,,,,,,,,,,,,,,,,,,,,,,,,,,,,,,,,,,,,,,,,,,,,,,,,,,,,,,,,,,,,,,,,,,,,,,,,,,,,,,,,,,,,,,,,,,,,,,,,,,,,,,,,,,,,,,,,,,,
,Protoperidinium oceanicum,,,,,,,,,,,,,,,,,,,,,,,,,,,,,,,,,,,,,,,,,,,,,,,,,,,,,,,,,,,,,,,,,,,,,,,,,,,,,,,,,,,,,,,,,,,,,,,,,,,,,,,,,,,,1452,,,,,,,,,,,,,,,,,,,,,,,,,,,,,,,,,,,,,,,,,,,,,,,,,,,,,,,,,,,,,,,,,,,,,,,,,,,,,,,,,,,,,,,,,,,,,,,,,,,,,,,,,,,,,,,,,,,,,,,,,,,,,,,,,,,,
,Protoperidinium spp.,,,,,,,,,,,,4400,,,,,,,,,,,,,,,,,,,,,,,,,,,,,,,,,,,,,,,,,,,,,,1452,,,,,,,,,,,1452,,,4400,,,,,1452,,,,,,,,,,,,,,,,,,,,,,,,,,,,1452,,,,,,,,,,,,,,,,,,,,,,,4400,,,,,,,,,,,,,,,,,,,,,,,,,,,,,,,,,2904,,,,4400,,,,,,,,,,,,,,,,5852,8800,,,,,,,1888,,,,,,,,,1452,,,,,,,,,,,,,,,,,,,,,,,1452,,,,,,,,,,,,,,,,,,,
Scrippsiella,Scrippsiella trochoidea,,,,,,,,,,,4400,,,,,,,,,,,,,,,,,,,,,,,,,,,,,,,,,,,,,,1452,,,,,,,,1452,,,,1452,,,,,,,,,,,,,,,,1452,,,1452,4400,,,,,,,,,,,,,,,,,,,,8800,17600,17600,,,,,1452,,,,,,,,,,,,,8800,8800,13200,4400,22000,22000,8800,4400,,,,,,,,,,,,4400,8800,35200,17600,13200,4400,4400,8800,,,,,8800,,,,4400,,,,,35200,35200,8800,,4400,,,,,,,,,,,,,,,,,,2904,8800,4400,,,,,,,,,,,1452,,,,,,,,,,,,,,,,,,,,,,,,,,,,,,,,,,,,,,,,,,,,
Other dinoflagellates,other dinoflagellates,,,,,,,,,,,,,,,,,,,,,,,,,,,,,,,,,,,,,,,,,,,,,,,,,,,,,,,,,,,,,,,,,,,,,,,,,,,,,,,,,,,,,,,,,,,,,,,,,,,,,,,,,,,,,,,,,,,,,,,,,,,,,,,,,,,,,,,,,,,,,,,,13200,4400,,4400,,17600,,,,,,,,,,,,,48400,,,,,,,,,,,,,,,,,,,,,,,,,,,,,,,,,,,,,,,,,,,,,,,,,,,,,,,,,,,,,2904,,,,,,,,,,,,,,,,,
,cysts of Lingulodinium polyedra,,,,,,,,,,,,,,,,,,,,,,,,,,,,,,,,,,,,,,,,,,,,,,,,,,,,,,,,,,,,,,,,,,,,,,,,,,,,,,,,,,,,,,,,,,,,,,,,,,,,,,,,,,,,,,,,,,,,,,,,,,,,,,,,,,,,,,,,,,,,,,,,,,,,,,,,,,,,,,,,,,,,,,,,,,,,,,,,,,,,,,,,,,,,,,,,,,,,,,,,,,,,,,,,,,,,,,,,,,,,,,,,,,,,,,,,,,,,,,,,
,cysts,4400,,4400,4400,,4400,2904,,4400,,4400,,,,,,,,,,,,,4400,,,,,,,,4400,,,,,,,,,,,,,,,,,,,,,,,,1452,,,13200,,1452,,,,,,1452,,,,,,,,4400,,,,,,,,,,,4400,,,,,8800,4400,1452,,,,,4400,,,,17600,8800,,,,,1452,,,,,,,,1452,,1452,,1452,,,,,,13200,,,8800,,,4400,8800,,,4400,4400,,,,,13200,,,,,,,,,4400,,,,4400,,,,8800,4400,,13200,,4400,,,,,4400,,,,,,,5720,,,,,13200,13200,4400,4400,,,,,,,4400,,8800,,,8800,,,8800,,,8800,,,,,,,,,8800,4400,,,,,,1452,,,,,,,,8800,,1452,,,,8800,,,,8800,,,,1452
,,,,,,,,,,,,,,,,,,,,,,,,,,1452,,,,,,,,,,,,,,,,,,,,,,,,,,,,,,,,,,,,,,,,,,,,,,,,,,,,,,,,,,,,,,,,,,,,,,,,,,,,,,,,,,,,,,,,,,,,,,,,,,,,,,,,,,,,,,,,,,,,,,,,,,,,,,,,,,,,,,,,,,,,,,,,,,,,,,,,,,,,,,,,,,,,,,,,,,,,,,,,,,,,,,,,,,,,,,,,,,,,,,,,,,,,,,,,,,,,,,,
Chlorophyte,Scenedesmus spp.,,,,,,,,,,,,,,,,,,,,,,,,,,,,,,,,,,,,,,,,,,,,,,,,,,,,,,,,,,,,,,,,,,,,,,,,,,,,,,,,,,,,,,,,,,,,,,,,,,,,,,,,,,,,,,,,,,,,,,,,,,,,,,,,,,5852,,,,,,,,,,,,,,,,,,,,,,,,,,,,,,,,,,,,,,,,,,,,,,,,,,,,,,,,,,,,,,,,,,,,,,,,,,,,,,,,,,,,,,,,,,,,,,,,,,,,,,,,,,,,,,
,Scenedesmus dimorphus,,,,,,,,,,,,,,,,,,,,,,,,,,,,,,,,,,,,,,,,,,,,,,,,,,,,,,,,,,,,,,,,,,,,,,,,,,,,,,,,,,,,,,,,,,,,,,,,,,,,,,,,,,,,,,,,,,,,,,,,,,,,,,,,,,,,,,,,,,,,,,,,,,,,,,,,,,,,,,,,,,,,,,,,,,,,,,,,,,,,,,,,,,,,,,,,,,,,,,,,,,,,,,,,,,,,,,,,,,,,,,,,,,,,,,,,,,,,,,,,
,,,,,,,,,,,,,,,,,,,,,,,,,,,,,,,,,,,,,,,,,,,,,,,,,,,,,,,,,,,,,,,,,,,,,,,,,,,,,,,,,,,,,,,,,,,,,,,,,,,,,,,,,,,,,,,,,,,,,,,,,,,,,,,,,,,,,,,,,,,,,,,,,,,,,,,,,,,,,,,,,,,,,,,,,,,,,,,,,,,,,,,,,,,,,,,,,,,,,,,,,,,,,,,,,,,,,,,,,,,,,,,,,,,,,,,,,,,,,,,,,
Raphidophyte,Chattonella antiqua,,,,,,,,,,,,,,,,,,,,,,,,,,,,,,,,,,,,,,,,,,,,,,,,,,,,,,,,,,,,,,,,,,,,,,,,,,,,,,,,,,,,,,,,,,,,,,,,,,,,,,,,,,,,,,,,,,,,,,,,,,,,,,,,,,,,,,,,,,,,,,,,,,,,,,,,,,,,,,,,,,,,,,,,,,,,,,,,,,,,,,,,,,,,,,,,,,,,,,,,,,,,,,,,,,,,,,,,,,,,,,,,,,,,,,,,,,,,,,,,
,Chattonella marina,,,,,,,,,,,,,,,,,,,,,,,,,,,,,,,,,,,,,,,,,,4400,,,,,,,,,,,,,,,,,,,,,,,,,,,,,,,,,,,,,,,,,,,,,,,,,,,,,,,,,,,,,,,,,,,,,,,,,,,,,,,,,,,,,,,,,,,,,,,,,,,,,,,,,,,,,,,,,,,,,,,,,,,,,,,,,,,,,,,,,,,,,,,,,,,,,,,,,,,,,,,,,,,,,,,,,,,,,,,,,,,,,,,,,,,,,,,,,,,,,,
,Chattonella spp.,,,,,,,,,,,,,,,,,,,,,,,,,,8800,,,,,,4400,,,,,,,,,,,,,,,,,,,,,,,,,,,,,17600,4400,1452,1452,1452,,,,,,39600,4400,13200,8800,,,,4400,4400,,4400,,,,13200,,,,,,,,1452,,,,,,,,,,,,,,,,,,,4400,,,,,,,,,,17600,13200,,4400,,,,,,,8800,,,8800,,,,4400,4400,220000,132000,220000,132000,,,,,,,4400,114400,66000,,,8800,,,4400,,,,,,,1452,,,,,,,,,,,,,,,8800,,13200,8800,,,,,,,,,,,,1452,,,,,,,,,,,,,,,,,,,,,,,,,,,,,1452,1452,1452,,,,,,,,,,,,1452,
,Gonyostomum semen,,,,,,,,,,,,,,,,,,,,,,,,,,,,,,,,,,,,,,,,,,,,,,,,,,,,,,,,,,,,,,,,,,,,,,,,,,,,,,,,,,,,,,,,,,,,,,,,,,,,,,,,,,,,,,,,,,,,,,,,,,,,,,,,,,,,,,,,,,,,,,,,,,,,,,,,,,,,,,,,,,,,,,,,,4400,,,,,,,,,,,,,,,,,,,,,,,,,,,,,,,,,,,,,,,,,,,,,,,,,,,,,,,,,,,,,,,,,,,,,,,
,Heterosigma akashiwo,,,,,,,,,,,,,,,,,,,,,,,,,,,,,,,,,,,,,,,,,,,,,,,,,,,,,,,,,,,,,,,,,,,,,,,,,,,,,,,,,,,,,,,,,,,,,,,,,,,,,,,,,,,,,,,,,,,,,,,,,26400,,44000,,,,,,,,,,,,,,,,,,,,,88000,,,,,,,,,,,,,,,,,,,,,,,,,,,,,,,,,,,,,,44000,,8800,,,,,,,,,,,,,,,,,,,,,,,,,,,,,,,,,,,,,,,,,,,,,,,,,,,,,,,,
,,,,,,,,,,,,,,,,,,,,,,,,,,,,,,,,,,,,,,,,,,,,,,,,,,,,,,,,,,,,,,,,,,,,,,,,,,,,,,,,,,,,,,,,,,,,,,,,,,,,,,,,,,,,,,,,,,,,,,,,,,,,,,,,,,,,,,,,,,,,,,,,,,,,,,,,,,,,,,,,,,,,,,,,,,,,,,,,,,,,,,,,,,,,,,,,,,,,,,,,,,,,,,,,,,,,,,,,,,,,,,,,,,,,,,,,,,,,,,,,,
Silicoflagellate,Dictyocha speculum,,4400,4400,8800,,13200,4400,2904,10252,,,,4400,,,,1452,2904,,,,,4400,8800,,1452,,4400,,,,1452,,,,,,,,,,4400,,8800,,,,,,,1452,,,,,,1452,,,,,,,,,,,,,,,,,,,,,,,,,,,,,,,,,,,,,,,,,,,,,1452,,,,0.33,,1452,1452,,,1452,,,,,0.33,,,,,,,4400,,,,,,,,,,4400,,,,,,,,,,,,,,,,,,4400,,,,,,,,,,,,,,,,,,,,,,,,,,,,,,,,,,,,,,,,,,,,,,,,,,,,,,,,,,,,,,,,,,,,,,,,1452,,,,,1452,,,,,,,,,,,
,Dictyocha fibula,,,,,,,,,,,,,,,,,,,,,,,,,,,,,,,,,,,,,,,,,,,,,,,,,,,,,,,,,,,,,,,,,,,,,,,,,,,,,,,,,,,,,,,,,,,,,,,,,,,,,,,,,,,,,,,,,,,,,,,,,,,,,,,,,,,,,,,,,,,,,,,,,,,,,,,,,,,,,,,,,,,,,,,,,,,,,,,,,,,,,,,,,,,,,,,,,,,,,,,,,,,,,,,,,,,,,,,,,,,,,,,,,,,,,,,,,,,,,,,,
,Ebria tripartita,,,,,,,,,,,,,,,,,,,,,,,,,,,,,,,,,1452,,,1452,4400,,,,,,,,,,,,,,,,,,,,,,,,,,,1452,,,,,,,,,,,,,,,,,,,,,,,,,,,,,,,,,,,,,,,,,1452,,,,,,,,,,,,,,,,,,,,,,,,4400,,,,,,4400,,,,4400,,8800,,4400,,,,,,,,1452,,,,,,,,,,,,,,,,,,,,,,,,11440,,,,,,,,,,,,,,,,,,,,,,,,,,,,,,,,,,,,,,,,,,,,,,,,,1452,,,,,,,,,,,,,,1452,,
,,,,,,,,,,,,,,,,,,,,,,,,,,,,,,,,,,,,,,,,,,,,,,,,,,,,,,,,,,,,,,,,,,,,,,,,,,,,,,,,,,,,,,,,,,,,,,,,,,,,,,,,,,,,,,,,,,,,,,,,,,,,,,,,,,,,,,,,,,,,,,,,,,,,,,,,,,,,,,,,,,,,,,,,,,,,,,,,,,,,,,,,,,,,,,,,,,,,,,,,,,,,,,,,,,,,,,,,,,,,,,,,,,,,,,,,,,,,,,,,,
Pyramimonadales,Pyramimonas spp.,,,,,,,1452,2904,,,,,4400,,,,,,,,,,,8800,,,,4400,4400,,,,,,4400,,,,,,,,4400,,,,,,,,,,,,4400,,,,,,1452,8800,,,,,,,,,,,,,,,,,,,,,,,,4400,,,,,,,,,,,,,,,35200,17600,22000,,,,,,,,,8800,,,,1452,,,,,17600,8800,202400,132000,26400,,,8800,,8800,,,,4400,,,,,,,8800,8800,,,,,,,13200,30800,,,,,,,,,4400,4400,61600,13200,220000,110000,,,,,,,,,,,,,,,,5720,88000,158400,96800,132000,,,,,,,,,,,,,,,,,35200,35200,17600,88000,13200,22000,1452,220000,22000,,44000,26400,4400,,,,,,,,8800,,,,,,2904,1452,,,,1452,1452,,,,1452,,,
,Halosphaera spp.,,,,,,,,,,,,,,,,,,,,,,,,,,,,,,,,,,,,,,,,,,,,,,,,,,,,,,,,,,,,,,,,,,,,,,,,,,,,,,,,,,,,,,,,,,,,,,,,,,,,,,,,,,,,,,,,,,,,,,,,,17600,,,,,,,,,,,,,,,,,,,,,,,,,,,,,,,,,,,,,,,,,,,,,,,,,,,,,,,,,,,,,,,,,,,,,,,,,,,,,,,,,,,,,,,,,,,,,,,,,,,,,,,,,,,,,,,,,,,,,,,
,,,,,,,,,,,,,,,,,,,,,,,,,,,,,,,,,,,,,,,,,,,,,,,,,,,,,,,,,,,,,,,,,,,,,,,,,,,,,,,,,,,,,,,,,,,,,,,,,,,,,,,,,,,,,,,,,,,,,,,,,,,,,,,,,,,,,,,,,,,,,,,,,,,,,,,,,,,,,,,,,,,,,,,,,,,,,,,,,,,,,,,,,,,,,,,,,,,,,,,,,,,,,,,,,,,,,,,,,,,,,,,,,,,,,,,,,,,,,,,,,
Cryptophyte,Hemiselmis spp.,,,,,,,,,,,,,,,,,,,,,,,,,,,,,,,,,,,,,,,,,,,,,,,,,,,,,,,,,,,,,,,,,,,,,,,,,,,,,,,,,,,,,,,,,,,,,,,,,,,,,,,,,,,,,,,,,,,,,,,,,,,,,,,,,,,,,,,,,,,,,,,,,,,,,,,,,,,,,,,,,,,,,,,,,,,,,,,,,,,,,,,,,,,,,,,,,,,,,,,,,,,,,,,,,,,,,,,,,,,,,,,,,,,,,,,,,,,,,,,,
,Rhodomonas spp.,,,17600,,,,,1452,,,,,,,,,,,,,,,,,,,,,,,,,,,,,8800,,,,4400,13200,,,,,,,,,,,,,,,,,,,,,,,,,,,,,,,,,,,,,,,,,,,,,,,,,,,,,,,,,,,,,,,,,,,,,,,,,,,,,,,66000,22000,8800,13200,52800,13200,48400,8800,,4400,13200,22000,,,,,13200,4400,8800,,17600,,,4400,,,,,1452,8800,,,,,,,8800,,4400,13200,8800,13200,,8800,17600,,,,1452,,,5720,11440,,,,,,1888,,13200,17600,22000,44000,,,,,,,,,,,,,,,,,,,,,8800,,,1452,,4400,,,,,,,,,,,8800,1452,,,,,,,8800,,,,8800,8800,,,1452,1452,4400,
,Teleaulax spp.,4400,8800,,8800,4400,4400,4400,13200,5852,10252,8800,8800,,13200,,4400,8800,4400,17600,8800,8800,22000,8800,,48400,22000,13200,4400,13200,,17600,17600,48400,22000,22000,13200,4400,,4400,8800,30800,44000,,8800,57200,8800,,,,,66000,8800,,110000,22000,1452,17600,4400,,8800,70400,48400,8800,13200,13200,4400,1452,1452,8800,4400,132000,88000,26400,8800,44000,30800,22000,66000,4400,8800,22000,26400,8800,,13200,26400,4400,17600,8800,8800,13200,8800,4400,8800,8800,,,8800,4400,,39600,132000,176000,,,66000,,,1452,,30800,1452,88000,8800,1452,8800,13200,,22000,,52800,22000,211200,101200,145200,22000,30800,44000,22000,26400,92400,52800,17600,22000,17600,44000,,92400,48400,8800,30800,,,,110000,17600,17600,61600,57200,13200,39600,8800,,,4400,8800,,26400,48400,,101200,,88000,44000,96800,13200,,,4400,4400,,45760,22880,22880,,22880,,,,,180400,440000,290400,123200,,,13200,91520,17160,,57200,39600,22000,8800,,30800,,39600,8800,,13200,92400,44000,30800,17600,22000,22000,74800,8800,4400,132000,35200,79200,30800,,26400,,48400,,4400,8800,13200,13200,8800,30800,13200,8800,8800,8800,22000,44000,30800,35200,13200,13200,,4400,8800,8800,
,,,,,,,,,,,,,,,,,,,,,,,,,,,,,,,,,,,,,,,,,,,,,,,,,,,,,,,,,,,,,,,,,,,,,,,,,,,,,,,,,,,,,,,,,,,,,,,,,,,,,,,,,,,,,,,,,,,,,,,,,,,,,,,,,,,,,,,,,,,,,,,,,,,,,,,,,,,,,,,,,,,,,,,,,,,,,,,,,,,,,,,,,,,,,,,,,,,,,,,,,,,,,,,,,,,,,,,,,,,,,,,,,,,,,,,,,,,,,,,,,
Ochrophyte (diatoms excluded),Ochromonas spp.,44000,,22000,22000,44000,26400,26400,,26400,17600,30800,35200,92400,48400,30800,30800,39600,,,,,8800,13200,88000,,88000,44000,8800,132000,,132000,88000,,44000,132000,88000,88000,,,,,,,,44000,,35200,88000,26400,8800,,44000,44000,88000,,88000,,,44000,44000,,,13200,17600,,44000,8800,,,22000,17600,,,,,,88000,44000,44000,26400,264000,132000,154000,110000,66000,308000,268400,83600,158400,189200,88000,66000,44000,44000,44000,176000,88000,44000,110000,39600,44000,264000,264000,264000,264000,660000,88000,220000,171600,105600,704000,1232000,616000,352000,396000,704000,44000,176000,264000,88000,35200,132000,66000,88000,88000,352000,35200,,44000,,8800,88000,44000,44000,8800,88000,132000,176000,,,88000,176000,88000,44000,,,44000,,,,44000,132000,22000,,22000,22000,88000,,,,88000,308000,220000,176000,,44000,,13200,8800,,,,,171600,57200,,,28600,,,308000,132000,74800,,,22000,13200,28600,,,,13200,132000,88000,22000,88000,,,,,,,88000,44000,,,22000,22000,8800,,,,,22000,,,,,,,44000,,44000,44000,22000,,,,,,,,35200,8800,,,,,,
,Ochromonas danica,,,,,,,,,,,,,,,,,,,,,,,,,,,,,,,,,,,,,,,,35200,,,,,,,,,,,,,,,22000,,88000,,,,44000,,,,,,,,,,,,,,,,,,,,,,,,,,,,,,,,,,,,,,,,,,,,,,,,,,,,,,,,,,,,,,,,,,,13200,,,,,,,,,22000,,,,,,,,,,,,,,,,,132000,,,,,,,,,,,264000,,,,,,,,,,,,,,,,,,,,,,,,,,,,,,,,,,,,,,,,,,,,,,,,,,,,,,,,,,,,,,,,,,,,,,,,,,,
,,,,,,,,,,,,,,,,,,,,,,,,,,,,,,,,,,,,,,,,,,,,,,,,,,,,,,,,,,,,,,,,,,,,,,,,,,,,,,,,,,,,,,,,,,,,,,,,,,,,,,,,,,,,,,,,,,,,,,,,,,,,,,,,,,,,,,,,,,,,,,,,,,,,,,,,,,,,,,,,,,,,,,,,,,,,,,,,,,,,,,,,,,,,,,,,,,,,,,,,,,,,,,,,,,,,,,,,,,,,,,,,,,,,,,,,,,,,,,,,,
Haptophyte,Chrysochromulina polylepis,,,,,,,,,,,,,,,,,,,,,,,,,,,,,,,,,,,,,,,,,,,,,,,,,,,,,,,,,,,,,,,,,,,,,,,,,,,,,,,,,,,,,,,,,,,,,,,,,,,,,4400,,,,,,,,,,,,,,,,,8800,,,,,17600,4400,,,13200,8800,,,,,,,,,,,,,,,,,,,,,,,,,,,,,,,,,,,,,,,,,,,,,,,,,,,,,,,,,,,,,,,,,,,,,,,,,,,,,,,,,,,,,,,,,,,,,,,,,,,,,,,,,,,,,,,,
,Phaeocystis globosa,,,,,,,,88000,,,,,,,,,,,,,,,,,,,,,,,,,,,,,,,,,,,,,,,,,,,,,,,,,,,,,,,,,,,,,,,17600,,,,,1452,,,4400,,,17600,,,8800,,39600,,4400,,,,,,,,,,,,,,,,,,,,,,,,,,,,,,,,,,17600,4400,,,13200,8800,,,,,,,,,,,,,,,,,,,,,,,,,,,,,,,,,,,88000,,,,,,,,,,,,,,,,,,,22000,,,,,,,,,,,,,,,,,,,,,,,,,,,,,,,,,,,,,,,,,,,,,,,,,,,,,,,,,,
,Phaeocystis sp.,,,,,,,,,,,,,,,,,,,,,,,,,,,,,4400,4400,,,17600,,,,4400,,,,,,,4400,,,,,,,,,,,,,,,,,,,,17600,,,,,,,,,,,,,,,,8800,,,,,,88000,,,,,,,,,,,,,13200,,,,,,,,,,,,,,,,,,,,,,,,,,,26400,74800,,,,,,,,,,,,,,,,,,,,,,,,,,,,,,,,,,,,,,,,,,,,,,,,,,,,,,,44000,,,,,,,,,,,,,,,,,,,,,,,,,,,,,,,,,,,,,,,,,,,,,,,,,,,,,,,,,,
,unknown haptophytes,,,,,,,,,,,,,,,,,,,,,,,,,,,,,,,,,,,,,,,,,,,,,,,,,,,,,,,,,,,,,,,,,,,,,,,,,,,,,,,,,,,,,,,,,,,,,,,,,,,,,,,,,,,,,,,,,,,,,,,,,,,,,,,,,,,,,,,,,,,,,,,,,22000,,,,,,,,,,,,,,,,,,,110000,,,,,,,,,,,,,,,,,,,96800,,,,,,,,,,,,,,,,,,,,,,,,,,,,,,,,,,,,,,4400,,,,,,,,,,,,,,,,,,,
,,,,,,,,,,,,,,,,,,,,,,,,,,,,,,,,,,,,,,,,,,,,,,,,,,,,,,,,,,,,,,,,,,,,,,,,,,,,,,,,,,,,,,,,,,,,,,,,,,,,,,,,,,,,,,,,,,,,,,,,,,,,,,,,,,,,,,,,,,,,,,,,,,,,,,,,,,,,,,,,,,,,,,,,,,,,,,,,,,,,,,,,,,,,,,,,,,,,,,,,,,,,,,,,,,,,,,,,,,,,,,,,,,,,,,,,,,,,,,,,,
Euglenozoa,Eutreptiella spp. ,,,,,,,,,,,,,,,,,,,,,,,,,,,,,,,,,,,,,,,,,,,,,,,,,,,,,,,,,,,,,,,,,,,,,,,,,,,,,,,,,,,,,,,,,,,,,,,,4400,,,,,8800,,,,,,,,,,,8800,1452,,,,,,,,30800,,,,8800,17600,,,,,,,,,,,,,,,74800,387200,74800,61600,26400,4400,4400,4400,22000,8800,,8800,8800,,,,,,8800,,4400,83600,,,,,,,,,,,,,,,,,,,4400,35200,8800,8800,4400,,,5720,,,,,,,,,,,,,,,,1452,,,,,2904,,,,,,,,,,,,,,,,,,,,,,,,,,,,,,,
,,,,,,,,,,,,,,,,,,,,,,,,,,,,,,,,,,,,,,,,,,,,,,,,,,,,,,,,,,,,,,,,,,,,,,,,,,,,,,,,,,,,,,,,,,,,,,,,,,,,,,,,,,,,,,,,,,,,,,,,,,,,,,,,,,,,,,,,,,,,,,,,,,,,,,,,,,,,,,,,,,,,,,,,,,,,,,,,,,,,,,,,,,,,,,,,,,,,,,,,,,,,,,,,,,,,,,,,,,,,,,,,,,,,,,,,,,,,,,,,,
Unknown flagellates,Small flagellates,,4400,,,,,,,,1452,,,,,,,,,,,,,,,,,,,,,,8800,8800,4400,,,,,,,17600,4400,4400,4400,,,,,,,,,,,,,,,,,,30800,57200,83600,8800,22000,,,,8800,8800,44000,13200,17600,13200,30800,13200,,,,,,,,,30800,,,,22000,,,,,,,,44000,,,176000,44000,264000,132000,,17600,176000,,48400,17600,88000,220000,44000,88000,22000,88000,132000,88000,17600,8800,8800,44000,30800,,17600,17600,61600,70400,17600,22000,,22000,8800,4400,,,44000,22000,,,396000,44000,44000,,8800,,44000,13200,13200,,,,,4400,,,,8800,4400,,,88000,30800,,13200,,,,,,,34320,11440,,,,,,,5720,88000,264000,176000,88000,22000,,,,,,88000,,13200,,,44000,,,,8800,,44000,,,,22000,,,,,,13200,,13200,4400,26400,22000,22000,,,,,,,,,,17600,44000,,,39600,13200,,,22000,,,,
,,,,,,,,,,,,,,,,,,,,,,,,,,,,,,,,,,,,,,,,,,,,,,,,,,,,,,,,,,,,,,,,,,,,,,,,,,,,,,,,,,,,,,,,,,,,,,,,,,,,,,,,,,,,,,,,,,,,,,,,,,,,,,,,,,,,,,,,,,,,,,,,,,,,,,,,,,,,,,,,,,,,,,,,,,,,,,,,,,,,,,,,,,,,,,,,,,,,,,,,,,,,,,,,,,,,,,,,,,,,,,,,,,,,,,,,,,,,,,,,,
unknown1,tear drop (Ochromonas?Tetraselmis?)(4x8 um),,,,,,,,,,,,,,,,,,,,,,,,,,,,,,,,,,,,,,,,,,,,,,,,,,,,,,,,,,,,,,,,,,,,,,,,,,,,,,,,,,,,,,,,,,,,,,,,,,,,,,,,,,,,,,,,,,,,,,,,,,,,,,,,,,,,,,,,,,,,,,,,,,,,,,,,,,,,,,,,,,,,,,,,,,,,,,,,,,,,,,,,,,,,,,,,,,,,,,,,,,,,,,,,,,,,,,,,,,,,,,,,,,,,,,,,,,,,,,,,
unknown2,Pear shaped,,,,,,,,,,,,,,,,,,,,,,,,,,,,,,,,,,,,,,,,,,,,,,,,,,,,,,,,,,,,,,,,,,,,,,,,,,,,,,,,,,,,,,,,,,,,,,,,,,,,,,,,,,,,,,,,,,,,,,,,,,,,,,,,,,,,,,,,,,,,,,,,,,,,,,,,,,,,,,,,,,,,,,,,,,,,,,,,,,,,,,,,,,,,,,,,,,,,,,,,,,,,,,,,,,,,,,,,,,,,,,,,,,,,,,,,,,,,,,,,
nanoplankton,"small  cells (2-4um), often stained brown",88000,220000,176000,176000,176000,132000,264000,264000,220000,132000,264000,132000,308000,308000,528000,176000,220000,308000,132000,220000,352000,572000,220000,176000,132000,396000,264000,1540000,396000,396000,1320000,660000,880000,704000,616000,1012000,792000,704000,1012000,484000,176000,528000,176000,440000,352000,308000,264000,264000,220000,88000,176000,440000,352000,924000,440000,396000,792000,748000,396000,220000,440000,176000,132000,176000,176000,308000,88000,88000,132000,132000,704000,616000,176000,264000,440000,484000,308000,220000,176000,132000,704000,792000,1430000,352000,352000,660000,92400,92400,250800,237600,748000,616000,396000,176000,176000,220000,308000,220000,369600,44000,2816000,2596000,2992000,2200000,616000,1144000,1496000,704000,308000,88000,1188000,1100000,2332000,572000,220000,660000,484000,484000,132000,176000,484000,968000,660000,1144000,704000,660000,704000,528000,924000,308000,1496000,704000,1100000,1804000,1144000,616000,2464000,4444000,836000,220000,2156000,1144000,1144000,660000,660000,660000,1056000,616000,484000,352000,1012000,2684000,1540000,1496000,1408000,1056000,1056000,924000,220000,308000,5060000,7524000,4664000,2244000,2464000,1144000,572000,220000,396000,352000,,2059200,2173600,1029600,457600,1887600,1372800,457600,400400,343200,1584000,1760000,748000,396000,132000,1056000,308000,800800,171600,44000,1364000,1100000,924000,660000,176000,484000,220000,308000,176000,88000,176000,396000,264000,220000,264000,176000,308000,176000,176000,44000,308000,572000,616000,264000,704000,528000,572000,352000,176000,35200,220000,792000,528000,220000,220000,132000,132000,264000,396000,44000,220000,440000,528000,176000,220000,308000,308000,220000,264000,88000
unknown3,"irregular small dark strain cells (close to a triangle, 2-4um)",,,,,,,,,,,,,,,,,,,,,,,,,,,,,,,,,,,,,,,,,,,,,,,,,,,,,,,,,,,,,,,,,,,,,,,,,,,,,,,,,,,,,,,,,,,,,,,,,,,,,,,,,,,,,,,,,,,,,,,,,,,,,,,,,,,,,,,,,,,,,,,,,,,,,,,,,,,,,,,,,,,,,,,,,,,,,,,,,,,,,,,,,,,,,,,,,,,,,,,,,,,,,,,,,,,,,,,,,,,,,,,,,,,,,,,,,,,,,,,,
,,,,,,,,,,,,,,,,,,,,,,,,,,,,,,,,,,,,,,,,,,,,,,,,,,,,,,,,,,,,,,,,,,,,,,,,,,,,,,,,,,,,,,,,,,,,,,,,,,,,,,,,,,,,,,,,,,,,,,,,,,,,,,,,,,,,,,,,,,,,,,,,,,,,,,,,,,,,,,,,,,,,,,,,,,,,,,,,,,,,,,,,,,,,,,,,,,,,,,,,,,,,,,,,,,,,,,,,,,,,,,,,,,,,,,,,,,,,,,,,,
,,,,,,,,,,,,,,,,,,,,,,,,,,,,,,,,,,,,,,,,,,,,,,,,,,,,,,,,,,,,,,,,,,,,,,,,,,,,,,,,,,,,,,,,,,,,,,,,,,,,,,,,,,,,,,,,,,,,,,,,,,,,,,,,,,,,,,,,,,,,,,,,,,,,,,,,,,,,,,,,,,,,,,,,,,,,,,,,,,,,,,,,,,,,,,,,,,,,,,,,,,,,,,,,,,,,,,,,,,,,,,,,,,,,,,,,,,,,,,,,,
,,,,,,,,,,,,,,,,,,,,,,,,,,,,,,,,,,,,,,,,,,,,,,,,,,,,,,,,,,,,,,,,,,,,,,,,,,,,,,,,,,,,,,,,,,,,,,,,,,,,,,,,,,,,,,,,,,,,,,,,,,,,,,,,,,,,,,,,,,,,,,,,,,,,,,,,,,,,,,,,,,,,,,,,,,,,,,,,,,,,,,,,,,,,,,,,,,,,,,,,,,,,,,,,,,,,,,,,,,,,,,,,,,,,,,,,,,,,,,,,,
,,,,,,,,,,,,,,,,,,,,,,,,,,,,,,,,,,,,,,,,,,,,,,,,,,,,,,,,,,,,,,,,,,,,,,,,,,,,,,,,,,,,,,,,,,,,,,,,,,,,,,,,,,,,,,,,,,,,,,,,,,,,,,,,,,,,,,,,,,,,,,,,,,,,,,,,,,,,,,,,,,,,,,,,,,,,,,,,,,,,,,,,,,,,,,,,,,,,,,,,,,,,,,,,,,,,,,,,,,,,,,,,,,,,,,,,,,,,,,,,,
, ,,,,,,,,,,,,,,,,,,,,,,,,,,,,,,,,,,,,,,,,,,,,,,,,,,,,,,,,,,,,,,,,,,,,,,,,,,,,,,,,,,,,,,,,,,,,,,,,,,,,,,,,,,,,,,,,,,,,,,,,,,,,,,,,,,,,,,,,,,,,,,,,,,,,,,,,,,,,,,,,,,,,,,,,,,,,,,,,,,,,,,,,,,,,,,,,,,,,,,,,,,,,,,,,,,,,,,,,,,,,,,,,,,,,,,,,,,,,,,,,