"(Note: S: surface water sample, B: bottom water sample",cell abundance (cells/L),A4S,B3S,C1S,D3S Note: low cell abundance,E1S Note: low cell abundance,F2S Note: low cell abundance,H4S Note: low cell abundance,I2S Note: low cell abundance,J2S Note: low cell abundance,K2S Note: low cell abundance,A4B,B3B,C1B,D3B ,E1B Note: low cell abundance,F2B NOTE: large amount of debris,H4B NOTE: large amount of debris,I2B  NOTE: large amount of debris,J2B NOTE: large amount of debris,K2B Note: low cell abundance,A4S Skeletonema bloom,B3S Skeletonema bloom,C1S Skeletonema bloom,D3S  ,E1S,F2S Note: low cell abundance,H4S Note: low cell abundance,I2S  Note: low cell abundance,J2 S  Note: low cell abundance,K2 Note: low cell abundance,A4B Skeletonema bloom,B3B Skeletonema bloom,C1B Skeletonema bloom,D3B  ,E1B,F2B Note: low cell abundance,H4B Note: low cell abundance,I2B  Note: low cell abundance,J2B  Note: low cell abundance,K2B Note: low cell abundance,A4S  Skeletonema bloom,B3S ,C1S ,D3,E1S Note: low cell abundance,F2S Skeletonema bloom,H4S,I2S High biomass,J2S  NOTE: large amount of debris,K2S Note: low cell abundance,"A4B  Skeletonema bloom, VERY high biomass",B3B Skeletonema bloom,C1B Skeletonema bloom,"D3B Note: Skeletonema bloom, high cell abundance, large amount of debris","E1B  Note: Skeletonema bloom, high cell abundance, large amount of debris","F2B Note: Skeletonema bloom, high cell abundance, large amount of debris",H4B Note: Skeletonema bloom,"I2B Note: Skeletonema bloom, high cell abundance",J2B  NOTE: large amount of debris,K2B ,A4S,B3S ,C1S ,D3S   NOTE: large amount of debris,E1S  Note: low cell abundance,F2S,H4S ,I2S,J2S  NOTE: large amount of debris,K2S ,A4B,B3B,C1B,D3B   NOTE: large amount of debris,E1B  Note: low cell abundance,F2B  NOTE: large amount of debris,H4B  NOTE: large amount of debris,I2B  NOTE: large amount of debris,J2B  NOTE: large amount of debris,K2B Note: low cell abundance,A4S   Note: small Guinardia delicatula BLOOM. ,B3S  Note: small Guinardia delicatula bloom. ,C1S  Note: small Guinardia delicatula BLOOM. ,D3S ,E1S ,F2S Note: small Guinardia delicatula BLOOM.,H4S  Note: small Guinardia delicatula BLOOM.,I2S,J2S,K2S  NOTE: large amount of debris,A4B  NOTE: large amount of debris,B3B  ,C1B ,D3B,E1B  NOTE: large amount of debris,F2B,H4B,I2B  NOTE: large amount of debris,J2B  NOTE: large amount of debris,K2B  NOTE: large amount of debris,"A4S NOTE: Thalassiosira spp.3 (small, <10µm) BLOOM","B3S Note: Thalassiosira spp.3 (small, <10µm) BLOOM",C1S ,"D3S Note: Thalassiosira spp.3 (small, <10µm) BLOOM",E1S NOTE Note: low cell abundance,F2S ,H4S NOTE: Note: low cell abundance,I2S NOTE: VERY Note: low cell abundance,J2S  NOTE: large amount of debris,K2S,A4B  NOTE: large amount of debris,"B3B Note: Thalassiosira spp.3 (small, <10µm) BLOOM",C1B ,D3B ,E1B ,F2B ,H4B NOTE: Note: low cell abundance,I2B NOTE: Note: low cell abundance,J2B  NOTE: large amount of debris,K2B NOTE: Note: low cell abundance,A4S  Note:  small bloom of Cerataulina pelagica,"B3S  Note:  small blooms of Thalassionema nitzschiodes, Thalassiosira spp.3 (small, <10µm), and Cerataulina pelagica","C1S Note: blooms of Cerataulina pelagica and Thalassiosira spp.3 (small, <10µm)",D3S ,E1S ,"F2S Note: small bloom of Thalassiosira spp.3 (small, <10µm)",H4S,I2S NOTE: Cerataulina pelagica BLOOM,J2S Note: no sample,K2S NOTE: Cerataulina pelagica BLOOM,A4B NOTE: large amount of debris,B3B,C1B,D3B,E1B,F2B,H4B,I2B NOTE: Cerataulina pelagica BLOOM,J2B Note: no sample,K2B NOTE: Cerataulina pelagica BLOOM,A4S Note: Low cell abundance,B3S ,C1S,D3S ,E1S Note: very low cell abundance,F2S Note: very low cell abundance,H4S Note: very low cell abundance,I2S,J2S No sample,K2S,A4B NOTE: large amount of debris,B3B,C1B NOTE: Low cell abundance,D3B NOTE: large amount of debris,E1B NOTE: large amount of debris,F2S,H4B,I2B,J2B No sample,K2B,"A4S Note:  bloom of Thalassiosira spp.3 (small, <10µm)",B3S ,C1S,D3S,E1S,F2S,H4S Note: very low cell abundance,I2S,J2S,K2S,A4B NOTE: large amount of debris,B3B NOTE: large amount of debris,C1B NOTE: large amount of debris,D3B NOTE: large amount of debris,"E1B NOTE: large amount of debris, Low cell abundance",F2B NOTE: large amount of debris,H4B  NOTE: Low cell abundance,I2B,J2B,K2B,A4S,B3S,C1S,D3S,E1S,F2S,H4S,I2S,J2S,K2S,A4B NOTE: debris,B3B NOTE: debris,C1B,D3B,E1B,F2B,H4B,I2B,J2B,K2B,A4S Note: Eucampia zodiacus bloom,B3S Note: Eucampia zodiacus bloom,C1S Note: Eucampia zodiacus bloom,D3S,E1S,F2S,H4S,I2S Note: low cell abundance,J2S Note: low cell abundance,K2S Note: low cell abundance,A4B Note: Eucampia zodiacus bloom,B3B Note: Eucampia zodiacus bloom,C1B Note: Eucampia zodiacus bloom,D3B,E1B Note: low cell abundance,F2B,H4B ,I2B Note: low cell abundance,J2B Note: low cell abundance,K2B Note: low cell abundance,A4S ,B3S,C1S,D3S,E1S,F2 S ,H4S ,I2S  Note: low cell abundance,J2S Note: debris,K2S Note: low cell abundance,A4B NOTE: large amount of debris,B3B,C1B NOTE: large amount of debris,D3B Note: low cell abundance,E1B,F2B ,H4B Note: debris,I2B Note: debris,J2B Note: debris,K2B Note: debris
Phylum,Species,1/8/16,1/8/16,1/8/16,1/8/16,1/8/16,1/8/16,1/8/16,1/8/16,1/8/16,1/7/16,1/8/16,1/8/16,1/8/16,1/8/16,1/8/16,1/8/16,1/8/16,1/8/16,1/8/16,1/7/16,2/1/16,2/1/16,2/1/16,2/1/16,2/2/16,2/2/16,2/2/16,2/4/16,2/4/16,2/4/16,2/1/16,,2/1/16,2/1/16,2/2/16,2/2/16,2/2/16,2/4/16,2/4/16,2/4/16,3/8/16,3/8/16,3/8/16,3/8/16,3/9/16,3/9/16,3/9/16,3/10/16,3/10/16,3/10/16,3/8/16,3/8/16,3/8/16,3/8/16,3/9/16,3/9/16,3/9/16,3/10/16,3/10/16,3/10/16,4/4/16,4/4/16,4/4/16,4/4/16,4/4/16,4/6/16,4/6/16,4/13/16,4/13/16,4/13/16,4/4/16,4/4/16,4/4/16,4/4/16,4/4/16,4/6/16,4/6/16,4/13/16,4/13/16,4/13/16,5/12/16,5/12/16,5/12/16,5/12/16,5/12/16,5/18/16,5/18/16,5/11/16,5/11/16,5/11/16,5/12/16,5/12/16,5/12/16,5/12/16,5/12/16,5/18/16,5/18/16,5/11/16,5/11/16,5/11/16,6/10/16,6/10/16,6/10/16,6/10/16,6/14/16,6/14/16,6/14/16,6/14/16,6/8/16,6/8/16,6/10/16,6/10/16,6/10/16,6/10/16,6/14/16,6/14/16,6/14/16,6/14/16,6/8/16,6/8/16,7/6/16,7/6/16,7/6/16,7/6/16,7/7/16,7/7/16,7/7/16,7/5/16,,7/5/16,7/6/16,7/6/16,7/6/16,7/6/16,7/7/16,7/7/16,7/7/16,7/5/16,7/5/16,7/5/16,8/3/16,8/3/16,8/3/16,8/4/16,8/4/16,8/4/16,8/4/16,8/1/16,,8/1/16,8/3/16,8/3/16,8/3/16,8/4/16,8/4/16,8/4/16,8/4/16,8/1/16,8/1/16,8/1/16,8/30/16,8/30/16,8/30/16,8/30/16,8/30/16,8/31/16,8/31/16,8/29/16,8/29/16,8/29/16,8/30/16,8/30/16,8/30/16,8/30/16,8/30/16,8/31/16,8/31/16,8/29/16,8/29/16,8/29/16,10/5/16,10/5/16,10/5/16,10/5/16,10/4/16,10/4/16,10/4/16,10/3/16,10/3/16,10/3/16,10/5/16,10/5/16,10/5/16,10/5/16,10/4/16,10/4/16,10/4/16,10/3/16,10/3/16,10/3/16,11/9/16,11/9/16,11/9/16,11/9/16,11/8/16,11/8/16,11/8/16,11/7/16,11/7/16,11/7/16,11/9/16,11/9/16,11/9/16,11/9/16,11/8/16,11/8/16,11/8/16,11/7/16,11/7/16,11/7/16,12/5/16,12/5/16,12/5/16,12/5/16,12/6/16,12/6/16,12/6/16,11/30/16,11/30/16,11/30/16,12/5/16,12/5/16,12/5/16,12/5/16,12/6/16,12/6/16,12/6/16,11/30/16,11/30/16,11/30/16
Genus,,,,,,,,,,,,,,,,,,,,,,,,,,,,,,,,,,,,,,,,,,,,,,,,,,,,,,,,,,,,,,,,,,,,,,,,,,,,,,,,,,,,,,,,,,,,,,,,,,,,,,,,,,,,,,,,,,,,,,,,,,,,,,,,,,,,,,,,,,,,,,,,,,,,,,,,,,,,,,,,,,,,,,,,,,,,,,,,,,,,,,,,,,,,,,,,,,,,,,,,,,,,,,,,,,,,,,,,,,,,,,,,,,,,,,,,,,,,,,,,,
,,,,,,,,,,,,,,,,,,,,,,,,,,,,,,,,,,,,,,,,,,,,,,,,,,,,,,,,,,,,,,,,,,,,,,,,,,,,,,,,,,,,,,,,,,,,,,,,,,,,,,,,,,,,,,,,,,,,,,,,,,,,,,,,,,,,,,,,,,,,,,,,,,,,,,,,,,,,,,,,,,,,,,,,,,,,,,,,,,,,,,,,,,,,,,,,,,,,,,,,,,,,,,,,,,,,,,,,,,,,,,,,,,,,,,,,,,,,,,,,,
Diatom,,,,,,,,,,,,,,,,,,,,,,,,,,,,,,,,,,,,,,,,,,,,,,,,,,,,,,,,,,,,,,,,,,,,,,,,,,,,,,,,,,,,,,,,,,,,,,,,,,,,,,,,,,,,,,,,,,,,,,,,,,,,,,,,,,,,,,,,,,,,,,,,,,,,,,,,,,,,,,,,,,,,,,,,,,,,,,,,,,,,,,,,,,,,,,,,,,,,,,,,,,,,,,,,,,,,,,,,,,,,,,,,,,,,,,,,,,,,,,,,,
Achnanthes,Achnanthes spp.,1452,1452,1452,1452,1452,1452,,1452,1452,,,,,1452,2904,,2904,4400,,,2904,,,,,1452,,,1452,,,,,,,,,1452,,,,,,,,8800,,1452,4400,4400,4400,,,,,,2904,1452,,,,,1452,,,,,,,,,,,,,,,,,1452,1452,,,,,,,,,1452,,,,,,,,4400,4400,,,1452,1452,,,4400,1452,,1452,1452,4400,8800,1452,2904,2904,1452,2904,8800,13200,1452,,,,,,,,,,,,,,,,,,8800,,1452,,,,,,,,1452,,,,2904,,1452,1452,,,8800,,1452,,,,,,,,,,,,1452,,,,1452,,,,,,1452,1452,1452,1452,,,,,,,1452,,,1452,,1452,,,,,,1452,,,,,,,2904,,,,,,,1452,,,,2904,,,,,,,1452,,,,2904,,,,,,1452,,2904
Actinocyclus,Actinocyclus spp.,,,,,,,,,,,,,,,,,,,,,,,,,,,,,,,,,,,,,,,,,,,,,,,,,,,,,,,,,,,,,,,,,,,,,,,,,,,,,,,,,,,,,,,,,,,,,4400,,,,,,,,,,,,,,,,,,,,,,,,,,,,,,,1452,1452,1452,,,,,4400,1452,1452,1452,2904,,1452,4400,,,,,,,,2904,,,,,,,,,1452,,,1452,,,,,,,,,,,,,,,,,,,,,,,,,,,,,,,,,,,,,,,,,,,,,,,,,,,,,,,,,,,,,,,,,,,,,,,,,,,,,,,,,,
Actinoptychus,Actinoptychus senarius,,,,,,,,,,,,,,,,,,,,,,,,,,,,,,,,,,,,,,,,,,,,,,,,,,,,,,,,,,,,,,,,,,,,,,,,,,,,,,,,,,,,,,,,,,,,,,,,,,,,,,,,,,,,,,,,,,,,,,,,,,,,,,,,,,,,,,,,,,,,,,,,,,,,,,,,,,,,,,,,,,,,,,,,,,,,,,,,,,,,,,,,,,,,,,,,,,,,,,,,,,,,,,,,,,,,,,,,,,,,,,,,,,,,,,,,,,,,,,,,
,Actinoptychus undulatus,,,,,,,,,,,,,,,,,,,,,,,,,,,,,,,,,,,,,,,,,,,,,,,,,,,,,,,,,,,,,,,,,,,,,,,,,,,,,,,,,,,,,,,,,,,,,,,,,,,,,,,,,,,,,,,,,,,,,,,,,,,,,,,,,,,,,,,,,,,,,,,,,,,,,,,,,,,,,,,,,,,,,,,,,,,,,,,,,,,,,,,,,,,,,,,,,,,,,,,,,,,,,,,,,,,,,,,,,,,,,,,,,,,,,,,,,,,,,,,,
Amphiprora,Amphiprora spp.,,,,,,,,,,,,,,,,,,,,,,,,,,,,,,,,,,,,,,,,,,,,,,,,,,,,,,,,,,,,,,,,,,,,,,,,,,,,,,,,,,,,,,,,,,,,,,,,,,,,,,,,,,,,,,,,,,,,,,,,,,,,,,,,,,,,,,,,,,,,,,,,,,,,,,,,,,,,,,,,,,,,,,,,,,,,,,,,,,,,,,,,,,,,,,,,,,,,,,,,,,,,,,,,,,,,,,,,,,,,,,,,,,,,,,,,,,,,,,,,
,Amphora spp.,1452,,,,1452,,,,,,2904,,1452,1452,,,,,,,,,,,,,,,,,,,,,,,,,,,,,,,,1452,,,,,,,,,1452,8800,,,,,,,,1452,,,,,1452,1452,,,,,,,,,35200,5852,,,,,,,,,,,,,,,,,,,,,,,,,,,1452,,,8800,4400,,,,,,,,,,,,1452,,,,,,,,,,1452,,,,,,,,,,,,,,,,,,,,,,,,,,,,,,,,,,,,,,,,,,,,1452,,,,1452,,,1452,,4400,1452,,,1452,,1452,,2904,,1452,2904,2904,,1452,,,,,8800,22000,2904,,1452,2904,,1452,1452,1452,13200,4400,2904,2904,1452,,,,,1452,1452,2904,,,1452,1452,,,2904,5852,,1452,2904,,,
Asterionellopsis,"Asterionellopsis glacialis (Asterionella glacialis Castracane 1886 , A. japonica Cleve 1882)",,,1452,,,,,,1452,1452,,,1452,1452,,,1452,,17600,,1452,,2904,,,1452,,1452,2904,52800,,4400,1452,,1452,,,,10252,35200,48400,13200,,17600,,44000,,532400,171600,96800,118800,70400,114400,26400,48400,127600,66000,110000,281600,145200,127600,325600,184800,8800,8800,1452,,13200,35200,26400,61600,,1452,4400,13200,2904,8800,61600,,,4400,,,,,,,1452,4400,1452,13200,14652,1452,1452,1452,1452,,8800,17600,22000,1452,,,,,,,,13200,1452,,,,1452,,13200,1452,1452,13200,8800,,,,,,,,,,4400,,,,1452,,,8800,26400,,8800,,,,,,,,35200,,105600,,,,,,,,61600,,22000,,,,,,,,,,,,,,,1452,,,,,,,,,,,,,,,,,,,,,,,,,,,,1452,,,,,,,,,,,,,,1452,,,,,,1452,,,,,,,,,,,,,,,,,
Asteroplanus,Asteroplanus karianus,,,,,,,,,,,,,,,,,,,,,,,,,,,,,,,,,,,,,,,,,,,,,,,,,,,,,,,,,,,,,,,,,,,,,,,,,,,,,,,,,,,,,,,,,,,,,,,,,,,,,,,,,,,,,,,,,,,,,,,,,,,,,,,,,,,,,,,,,,,,,,,,,,,,,,,,,,,,,,,,,,,,,,,,,,,,,,,,,,,,,,,,,,,,,,,,,,,,,,,,2904,,,,,,,,,,,,,,,,,,,,,,,,,,,,,,,,,,,,,,,,
Bacillaria,Bacillaria paxillifer,,,,,,,,,,,,,,,,,,,,,,,,,,,,,,,,,,,,,,,,,,,,,,,,,,,,,,,,,,,,,,,,8800,,,,,,,,,,,,,,,,,,,,,,,,,,,,,,,,,,,,13200,,,,,,,,,,,,,,,,,,,,,,,,,,,,10252,,,,,,,,,,,,,,,,,,13200,,,,,,,,,,,,,,,,,,,,,,,,,,,,,,,,7304,,,,,,,,,,,17600,,,,,,10252,,,,,,,,,,,,,,,,10252,,,,,,,,5852,7304,,,,,,,,,2904,,,,,,,,7304,,,8800
Bacteriastrum,Bacteriastrum spp.,,,,,,,,,,,,,,,,,,,,,,,,,,,,,,,,,,,,,,,,,,,,,,,,,,,,,,,,,,,,,,,,,,,,,,,,,,,,,,,,,,,,,,,,,,,,,,,,,,,,,,,,,,,,,,,,,,,,,,,,,,,,,,,,,,,1452,,,,,,,,,,,,,,,,,,,,,,,,,,,,,,,,,,,,,,,,,,,,,,,,,,,,,,,,,,,,,,,,,,,,,,,,,,,,,,,,,,,,,,,,,,,,,,,,,,,,,,,,,,,,,
Cerataulina,Cerataulina pelagica,,,,,,,,,,,,,,,,,,,,,,,30800,,,4400,,8800,8800,,1452,,,,,,,,,,88000,13200,22000,8800,13200,8800,,22000,,,,,,,,,,,,,,,,,,,,,,,,,,,,,,,,,,,,,,,,,,,,,,,,,,,,,,4400,4400,22000,88000,13200,,,,,4400,1452,,4400,1452,26400,,,,1452,1056000,836000,704000,70400,8800,22000,180400,1447600,,1298000,220000,30800,,30800,17600,30800,154000,2684000,,699600,,,,,,,,,,1452,,,,,,,2904,,,,44000,96800,44000,26400,8800,2904,,,8800,8800,,1452,,,,,,,8800,5852,8800,1452,13200,2904,4400,8800,5852,26400,48400,8800,,1452,,,,1452,13200,13200,8800,1452,13200,22000,17600,4400,,,,,1452,,4400,17600,8800,,,1452,2904,,1452,,17600,,,,13200,1452,2904,,2904,1452,,,,,,,1452,,,1452
Chaetoceros,Chaetoceros compressus,,,,,,,,,,,,,,,,,,,,,,,,,,,,,,,,,,,,,,,,,,,,,,,,,,,,,,,,,,,,,,,,,,,,,,,,,,,,,,,,,,,,,,,,,,,,,,,,,,,,,,,,,,,,,,,,,,,,,,,,,,,,,,,,,,,,,,,,,,,,,,,,,,,,,,,,,,,,,,,,,,,,,,,,,,,,,,,,,,,,,,,,,,,,,,,,,,,,,,,,,,,,,,,,,,,,,,,,,,,,,,,1452,,,,,,,,,,,,,,,,,
,resting spores of Chaetoceros compressus,,,,,,,,,,,,,,,,,,,,,,,,,,,,,,,,,,,,,,,,,,,,,,,,,,,,,,,,,,,,,39600,17600,,,,,,,,,,,,,,,,,,,,,,,,,,,,,,,,,,,,,,,,,,,,,,,,,,,,,,,,,,,,,,,,,,,,,,,,,,,,,,,,,,,,,,,,,,,,,,,,,,,,,,,,,,,,,,,,,,,,,,,,,,,,,,,,,,,,,,,,,,,,,,,,,,,,,,,,,,,,,,,,,,,,,,,,,,,,,,,,,,
,Chaetoceros constrictus,,,,,,,,,,,,,,,,,,,,,,,,,30800,,,,,,,,,,,,,,,,,,,,,,,,,,,,,,,,,,,,,,,,,,,,,,,,,,,,,,,,,,,,,,,,,,,,,,,,,,,,,,,,,,,,,,,,,,,,,,,,,,,,,,,,,,,,,,,,,,,,,,,,,,,,,,,,,,,,,,,,,,,,,,,,,,,,,,,,,,,,,,,,,,,,,,,,,,,,,,,,,,,,,,,,,,,,,,,,,,,,,,,,,,,,,,,,,,,,,,,
,Chaetoceros curvisetus,,,,,,,,,,,,,,,,,,,,,,,,,,,,,,,,,,,,,,,,,,,,,,,,,,,,,,,,,,,,,,,,,,,,,,,,,,,,,,,,,,,,,,,,,,,,,,,,,,,,,,,,,,,,,,,,,,,,,,,,,,,,,,,,,,,,,,,,,,,,,,,,,,,,,,,,,,,,,,,,,,,,,,,,,,,,,,,,,,,,,,,,,,,,,,,,,,,,,,,,,35200,22000,26400,30800,,,,,,,,,,,,,,,,,,,,,,,,,,,,,,,,,,,,
,Chaetoceros danicus,,,,,,,,,,,,,,,,,,,,,,,,,,,,,1452,,,,,,,,,,,,,,,,,,,,1452,4400,,,,,,,13200,1452,8800,8800,,,,,,,,,,,,,,,1452,,,,,,,,,,,,,,,,,,,,,,,,,,,,,1452,,,,,,,,,,,,,,,,,,,,,,,,,,,,,,,,,,,,,,,,,,,,,,,,,,,,,,,,,,,,,,,,,,,,,,,,,,,,,,,,,,,,,2904,,,,,,,,,,,,1452,1452,2904,2904,4400,,,,4400,1452,,30800,,,8800,,2904,8800,7304,,,,,,,,,,,,,,,,,2904,,,,
,Chaetoceros debilis,,,,,,,,,,,,,,,,,,,,,,,,,,,,,,,,,,,,,,,,,,,,,,,,,,,,,,,,,,,,,,,,,,,,,,,,,,,,,,,,,,,,,,,,,,,,,,,,,,,,,,,,,,,,,,,,,,,,,,,,,,,,,,,,,,,,,,,,,,,,,,,,,,,,,,,,,,,,,,,,,,,,,,,,,,,,,,,,,,,,,,,,,,,,,,,,,,,,,,,,,,,,,,,,,,,,,,,,,,,,,,,,,,,,,,,,,,,,,,,,
,Chaetoceros decipiens,,,,,,,,,,,,,,,,,,,,,,,,,,,,,,,,,,,,,,,,,,,,,,,,,,,,,,,,,,,,,,,,,,,,,,,,,,,,,,,,,,,,,,,,,,,,,,,,,,,,,,,,,,,,,,,,,,,,,,,,,,,,,,,,,,,,,,,,,,,,,,,,,,,,,,,,,,,,,,,,,,,,,,,,,,,,,,,,,,,,,,,,,,,,,,,,,,,,,,,,,,,,,,,,,,,,,,,,,,,,,,,,,,,,,,,,,,,,,,,,
,Chaetoceros didymus,,,,,,,,,,,,,,,,,,,,,,,,,,,,,,,,,,,,,,,,,,,,,,,,,,,,,,,,,,,,,,,,,,,,,,,,,,,,,,,,,,,,,,,,,,,,,,,,,,,,,,,,,,,,,,,,,,,,,,,,,,,,,,,,,,,,,,,,,,,,,,,,,,,,,,,,,,,,,,,,,,,,,,,,,,,,,,,,,,,,,,,,,,,,,,,,,,,,,,,,,,,,,,,,,,,,,,,,,,,,,,,,,,,,,,,,,,,,,,,,
,resting spores of Chaetoceros didymus,,,,,,,,,,,,,,,,,,,,,,,,,,,,,,,,,,,,,,,,,,,,,,,,,,,,,,,,,,,,,,,,,,,,,,,,,,,,,,,,,,,,,,,,,,,,,,,,,,,,,,,,,,,,,,,,,,,,,,,,,,,,,,,,,,,,,,,,,,,,,,,,,,,,,,,,,,,,,,,,,,,,,,,,,,,,,,,,,,,,,,,,,,,,,,,,,,,,,,,,,,,,,,,,,,,,,,,,,,,,,,,,,,,,,,,,,,,,,,,,
,Chaetoceros distans,,,,,,,,,,,,,,,,,,,,,,,,,,,,,,,,,,,,,,,,,,,,,,,,,,,,,,,,,,,,,,,,,,,,,,,,,,,,,,,,,,,,,,,,,,,,,,,,,,,,,,,,,,,,,,,,,,,,,,,,,,,,,,,,,,,,,,,,,,,,,,,,,,,,,,,,,,,,,,,,,,,,,,,,,,,,,,,,,,,,,,,,,,,,,,,,,,,,,,,,,,,,,,,,,,,,,,,,,,,,,,,,,,,,,,,,,,,,,,,,
,Chaetoceros eibenii,,,,,,,,,,,,,,,,,,,,,,,,,,,,,,,,,,,,,,,,,,,,,,,,,,,,,,,,,,,,,,,,,,,,,,,,,,,,,,,,,,,,,,,,,,,,,,,,,,,,,,,,,,,,,,,,,,,,,,,,,,,,,,,,,,,,,,,,,,,,,,,,,,,,,,,,,,,,,,,,,,,,,,,,,,,,,,,,,,,,,,,,,,,,,,,,,,,,,,,,,,,,,,,,,,,,,,,,,,,,,,,,,,,,,,,,,,,,,,,,
,Chaetoceros lorenzianus,,,,,,,,,,,,,,,,,,,,,,,,,,,,,,,,,,,,,,,,,,,,,,,,,,,,,,,,,,,,,,,,,,,,,,,,,,,,,,,,,,,,,,,,,,,,,,,,,,,,,,,,,,,,,,,,,,,,,,,,,,,,,,,,,,,,,,,,,,,,,,,,,,,,,,,,,,,,,,,,,,,,,,,,,,,,,,,,,,,,,,,,,,,,,,,,,,,,,,,,,,,,,,,,,,,,,,,,,,,,,,,,,,,,,,,,,,,,,,,,
,resting spores of Chaetoceros lorenzianus,,,,,,,,,,,,,,,,,,,,,,,,,,,,,,,,,,,,,,,,,,,,,,,,,,,,,,,,,,,,,,,,,,,,,,,,,,,,,,,,,,,,,,,,,,,,,,,,,,,,,,,,,,,,,,,,,,,,,,,,,,,,,,,,,,,,,,,,,,,,,,,,,,,,,,,,,,,,,,,,,,,,,,,,,,,,,,,,,,,,,,,,,,,,,,,,,,,,,,,,,,,,,,,,,,,,,,,,,,,,,,,,,,,,,,,,,,,,,,,,
,Chaetoceros pseudocurvisetus,,,,,,,,,,,,,,,,,,,,,,,,,,,,,,,,,,,,,,,,,,,,,,,,,,,,,,,,,,,,,,,,,,,,,,,,,,,,,,,,,,,,,,,,,,,,,,,,,,,,,,,,,,,,,,,,,,,,,,,,,,,,,,,,,,,,,,,,,,,,,,,,,,,,,,,,,,,,,,,,,,,,,,,,,,,,,,,,,,,,,,,,,,,,,,,,,,,,,,,,,,,,,,,,,,,,,,,,,,,,,,,,,,,,,,,,,,,,,,,,
,Chaetoceros rostratus,,,,,,,,,,,,,,,,,,,,,,,,,,,,,,,,,,,,,,,,,,,,,,,,,,,,,,,,,,,,,,,,,,,,,,,,,,,,,,,,,,,,,,,,,,,,,,,,,,,,,,,,,,,,,,,,,,,,,,,,,,,,,,,,,,,,,,,,,,,,,,,,,,,,,,,,,,,,,,,,,,,,,,,,,,,,,,,,,,,,,,,,,,,,,,,,,,,,,,,,,,,,,,,,,,,,,,,,,,,,,,,,,,,,,,,,,,,,,,,,
,Chaetoceros simplex,,,,,,,,,1452,1452,,,,,,,,,,,,,,1452,,,,,1452,,1452,,,,,,,,,,,,2904,,2904,,,,,,4400,8800,1452,,,,,,,1452,,,,,,,,,,,,,,,,,,,,,4400,1452,,,,,,,,,,,,,,,,,,,,,,,,,,,,,,,,,,,,,,,,1452,1452,,4400,,,,,,,,,,,1452,,,,,,,,,,,,,,,,,,,,,,,,,,,,1452,2904,,,2904,8800,8800,,,,1452,,,,,,1452,,1452,4400,,1452,,17600,,22000,22000,,,,,,,,,,,,1452,,8800,,,,,,,,1452,,,,,,,,,,,,,,,,,,,,,,,,,,,,
,Chaetoceros socialis,,,,,,,,,,,,,,,,,,,,,,,,,,,,,,,,,,,,,,,,,,,,,,,,,,,,,,,,,,,,,,,,,,,,,,,,,,,,,,,,,,,,,,,,,,,,,,,,,,,,,,,,,,,,,,,,,,,,,,,,,,,,,,,,,,,,,,,,,,,,,,,,,,,,,,,,,,,,,,,,,,,,,,,,,,,,,,,,,,,,,,,,,,,,,,,,,,,,,,,,,,,,,,,,,,,,,,,,,,,,,,,,,,,,,,,,,,,,,,,,
,Chaetoceros teres,,,,,,,,,,,,,,,,,,,,,,,,,,,,,,,,,,,,,,,,,,,,,,,,,,,0,,,,,,,,,,,,,,,,,,,,,,,,,,,,,,,,,,,,,,,,,,,,,,,,,,,,,,,,,,,,,,,,,,,,,,,,,,,,,,,,,,,,,,,,,,,,,,,,,,,,,,,,,,,,,,,,,,,,,,,,,,,,,,,,,,,,,,,,,,,,,,,,,,,,,,,,,,,,,,,,,,,,,,,,,,,,,,,,,,,,,,,,,,,,,
,Chaetoceros spp.,,,,,,,,,,,,13200,10252,,,,,,8800,,16104,30800,2904,,,,17600,30800,2904,,22000,,,,,,13200,13200,11704,52800,23452,61600,74800,8800,26400,17600,,66000,44000,13200,66000,35200,30800,10252,,17600,,,26400,22000,,61600,154000,5852,,,,,,,74800,,,,5852,,,,,,,,,,,,,,,,17600,,,,,,,,,,,,,,,8800,,,,,,,2,,,13200,,,,,,1452,,17600,,,1452,,,17600,,,,,,,22000,5852,,13200,,17600,,74800,13200,4400,,22000,,52800,,,1452,8800,,10252,1452,52800,,74800,17600,13200,,,4400,26400,4400,,193600,57200,,,5852,57200,,2904,,26400,189200,,70400,52800,39600,13200,17600,35200,,26400,22000,,176000,39600,17600,8800,61600,,22000,92400,26400,39600,39600,83600,83600,132000,8800,52800,22000,,5852,2904,96800,83600,48400,88000,,30800,13200,,13200,13200,,30800,30800,136400,83600,,,66000,,,30800,35200,180400,22000,5852,,22000,26400,17600,1452
,resting spores of Chaetoceros spp.,,,,,,,,,,,,,,,,,,,,,,,,,,,,,,,,,,,,,,,,,,,,,,,,,,,,,,,,,,,,,,,,,,,,,,,,,,,,,,,,,,,,,,,,,,,,,,,,,,,35200,,,,,,8800,,,,,,,,,,,,,,,,,,,,,,,,,,,,,,,,,,,,,,,,,,,,,,,,,,,,,,,,,,,,,,,,,,,,,,,,,,,101200,,,,,,,,,,,,,,,,,,,,,,,,,,,,,,,,,,,,,,,,,,,,,,,,,,,,,,,,,,,,
Climacosphenia,Climacosphenia moniligera,,,,,,,,,,,,,,,,,,,,,,,,,,,,,,,,,,,,,,,,,,,,,,,,,,,,,,,,,,,,,,,,,,,,,,,,,,,,,,,,,,,,,,,,,,,,,,,,,,,,,,,,1452,,,,,,,,,,,,,,,,,,,,,,,,,,,,,,,,,,,,,,,,,,,,,,,,,,,,,,,,,,,,,,,,,,,,,,,,,,,,,,,,,,,,,,,,,,,,,,,,,,,,,,,,,,,,,,,,,,,,,,,,,,,,,,,,,,,,,,,,
Corethron,Corethron hystrix,,,,,,,,,,,,,,,,,,,,,,,,,,,,,,,,,,,,,,,,,,,,,,,,,,,,,,,,,,,,,,,,,,,,,,,,,,,,,,,,,,,,,,,,,,,,,,,,,,,,,,,,,,,,,,,,,,,,,,,,,,,,,,,,,,,,,,,,,,,,,,,,,,,,,,,,,,,,,,,,,,,,,,,,,,,,,,,,,,,,,,,,,,,,,,,,,,,,,,,,,,,,,,,,,,,,,,,,,,,,,,,,,,,,,,,,,,,,,,,,
,Corethron criophlium,,,,,,,,,1452,,,,,,,,,,,1452,,,,,,,1452,,1452,,,,,,,,,,1452,1452,,,,,,,1452,1452,,,,,,,,,1452,1452,,,,,,,,,,,,,,,,,,,,,,,,,,,,,,,,,,,,,,,,,,,,,,,,,,,,,,,,,,,,,,,,,,,,,,,,,,,,,,,,,,1452,,,,,,,,,,,,,,,,,,,,1452,,,,,,,,,,,,,,,,,,,,,,,,,,,,2904,,,,,,,,,4400,,,,13200,22000,,1452,1452,,,,1452,,17600,8800,8800,1452,,1452,,1452,8800,1452,,,,,,,1452,,1452,,,,,,,,,,,
Coscinodiscus,Coscinodiscus asteromphalus,,,,,,,,,,,,,,,,,,,,,,,,,,,,,,,,,,,,,,,,,,,,,,,,,,,,,,,,,,,,,,,,,,,,,,,,,,,,,,,,,,,,,,,,,,,,,,,,,,,,,,,,,,,,,,,,,,,,,,,,,,,,,,,,,,,,,,,,,,,,,,,,,,,,,,,,,,,,,,,,,,,,,,,,,,,,,,,,,,,,,,,,,,,,,,,,,,,,,,,,,,,,,,,,,,,,,,,,,,,,,,,,,,,,,,,,,,,,,,,,
,Coscinodiscus bipartitus,,,,,,,,,,,,,,,,,,,,,,,,,,,,,,,,,,,,,,,,,,,,,,,,,,,,,,,,,,,,,,,,,,,,,,,,,,,,,,,,,,,,,,,,,,,,,,,,,,,,,,,,,,,,,,,,,,,,,,,,,,,,,,,,,,,,,,,,,,,,,,,,,,,,,,,,,,,,,,,,,,,,,,,,,,,,,,,,,,,,,,,,,,,,,,,,,,,,,,,,,,,,,,,,,,,,,,,,,,,,,,,,,,,,,,,,,,,,,,,,
,Coscinodiscus blandus,,,,,,,,,,,,,,,,,,,,,,,,,,,,,,,,,,,,,,,,,,,,,,,,,,,,,,,,,,,,,,,,,,,,,,,,,,,,,,,,,,,,,,,,,,,,,,,,,,,,,,,,,,,,,,,,,,,,,,,,,,,,,,,,,,,,,,,,,,,,,,,,,,,,,,,,,,,,,,,,,,,,,,,,,,,,,,,,,,,,,,,,,,,,,,,,,,,,,,,,,,,,,,,,,,,,,,,,,,,,,,,,,,,,,,,,,,,,,,,,
,Coscinodiscus concinus,,,,,,,,,,,,,,,,,,,,,,,,,,,,,,,,,,,,,,,,,,,,,,,,,,,,,,,,,,,,,,,,,,,,,,,,,,,,,,,,,,,,,,,,,,,,,,,,,,,,,,,,,,,,,,,,,,,,,,,,,,,,,,,,,,,,,,,,,,,,,,,,,,,,,,,,,,,,,,,,,,,,,,,,,,,,,,,,,,,,,,,,,,,,,,,,,,,,,,,,,,,,,,,,,,,,,,,,,,,,,,,,,,,,,,,,,,,,,,,,
,Coscinodiscus lineatus,,,,,,,,,,,,,,,,,,,,,,,,,,,,,,,,,,,,,,,,,,,,,,,,,,,,,,,,,,,,,,,,,,,,,,,,,,,,,,,,,,,,,,,,,,,,,,,,,,,,,,,,,,,,,,,,,,,,,,,,,,,,,,,,,,,,,,,,,,,,,,,,,,,,,,,,,,,,,,,,,,,,,,,,,,,,,,,,,,,,,,,,,,,,,,,,,,,,,,,,,,,,,,,,,,,,,,,,,,,,,,,,,,,,,,,,,,,,,,,,
,Coscinodiscus radiatus,,,,,,,,,,,,,,,,,,,,,,,,,,,,,,,,,,,,,,,,,,,,,,,,,,,,,,,,,,,,,,,,,,,,,,,,,,,,,,,,,,,,,,,,,,,,,,,,,,,,,,,,,,,,,,,,,,,,,,,,,,,,,,,,,,,,,,,,,,,,,,,,,,,,,,,,,,,,,,,,,,,,,,,,,,,,,,,,,,,,,,,,,,,,,,,,,,,,,,,,,,,,,,,,,,,,,,,,,,,,,,,,,,,,,,,,,,,,,,,,
,Coscinodiscus spp.,,,,,,,,,,,,,,,,,,,,,,,,,,,,,,,,,,,,,,,,,,,,,,,,,,,,,,1452,,,,,,,,,,,,1452,1452,,,,,,,,1452,,,,1452,,,,,,,,,,,,,,,,,,,,,,,,,,,,,,1452,,,,,,,,,,,,,,,,,,,,,,,,,,,,1452,,,,,,,,,,,,,,,,,,,,,,,,,,,,,,,,,,8800,1452,,1452,,,,,,,,,,,,,8800,,,,,,,,,,,,,,,,,,,,,,,,,,,,,,,1452,2904,,,,,,,,,1452,,,,,1452,,1452,1452,,,,1452
Cyclindrotheca,Cyclindrotheca closterium,,,,1452,,,,,,,,,,,,,,,,,,,,,,,,,,,,,,,,,,,,,,,,,,,,,,,,,,,,,,,,,,,,,,,,,,,,,,,,,,,,,,,,,,,,,,,,,,,,,,,,,,,,,,,,,,,,,,,,,,,,,,,,,,,,,,,,,,,,,,,,,,,,,,,,,,,,,,,,,,,,,,,,,,,,,,,,,,,,,,,,,,,,,,,,,,,,,,,,,,,,,,,,,,,,,,,,,,,,,,,,,,,,,,,,,,,,,,,,,,,,
Cyclotella,Cyclotella spp.,,,,,,,,,,,,,,,,,,,,,,,,,,,,,,,,,,,,,,,,,,,,,,,,,,,,,,,,,,,,,,,,,,,,,,,,,,,,1452,,1452,,,,,,,,,,,,,,,,,,,,,,,,,,,,,,,,,,,,,,,,,,,,,,,,,,,,,,,,,,,,,,,,,,,,,,,,,,,,,,,,,,,,,,,,,,,,,,,,,,,,,,,,,,,,,,,,,,,,,,,,,,,,,,,,,,,,,,,,,,,,,,,,,,,,,,,,,,,,,,,,,,
,Cyclotella striata,,,,,,,,,,,,,,,,,,,,,,,,,,,,,,,,,,,,,,,,,,,,,,,,,,,,,,,,,,,,,,,,,,,,,,,,,,,,,,,,,,,,,,,,,,,,,,,,,,,,,,,,,,,,,,,,,,,,,,,,,,,,,,,,,,,,,,,,,,,,,,,,,,,,,,,,,,,,,,,,,,,,,,,,,,,,,,,,,,,,,,,,,,,,,,,,,,,,,,,,,,,,,,,,,,,,,,,,,,,,,,,,,,,,,,,,,,,,,,,,
,Cyclotella stylorum,,,,,,,,,,,,,,,,,,,,,,,,,,,,,,,,,,,,,,,,,,,,,,,,,,,,,,,,,,,,,,,,,,,,,,,,,,,,,,,,,,,,,,,,,,,,,,,,,,,,,,,,,,,,,,,,,,,,,,,,,,,,,,,,,,,,,,,,,,,,,,,,,,,,,,,,,,,,,,,,,,,,,,,,,,,,,,,,,,,,,,,,,,,,,,,,,,,,,,,,,,,,,,,,,,,,,,,,,,,,,,,,,,,,,,,,,,,,,,,,
Cymbella ,Cymbella spp.,,,,,,,,,,,,,,,,,,,,,,,,,,,,,,,,,,,,,,,,,,,,,,,,,,,,,,,,,,,,,,,,,,,,,,,,,,,,,,,,,,,,,,,,,1452,,1452,,,,,,,,,,,,,,,,,,,,,,,,,,,,,,,,,,,,,,,,,,,,,,,,,,,,,,,,,,,,,,,,,,,,,,,,,,,,,,,,,,,,,,,,,,,,,,,,,,,,,,,,,,,,,,,,,,,,,,,,,,,,,,,,,,,,,,,,,,,,,,,,,,,,,
Dactyliosolen,Dactyliosolen fragilissimus,,,,,,,,,,,,,,,,,,,,,,,,,,,,,,,,,,,,,,,,,,,,,,,,,,,,,,,,,,,,,,,,,,,,,,,,,,,,,,,,,,,,,,,,,,,,,,,,,,,,,,,,,,,,,,,,,,,,,,,,,,,,,,,,,,,,,,,,,,,,,,,,,,,,,,,,,,,,,,,,,,,,,,,,,,,,,,,,,,,,,,,,,,,,,,,,,,,,,,,,,,,,,,,,,,,,,,,,,,,,,,,,,,,,,,,,,,,,,,,,
Delphineis,Delphineis surriella,,,,,,,,,,,,,,,,,,,,,,,,,,,,,,,,,,,,,,,,,,,,,,,,,,,,,,,,,,,,,,,,,,,,,,,,,,,,,,,,,,,,,,,,,,,,,,,,,,,,,,,,,,,,,,,,,,,,,,,,,,,,,,,,,,,,,,,,,,,,,,,,,,,,,,,,,,,,,,,,,,,,,,,,,,,,,,,,,,,,,,,,,,,,,,,,,,,,,,,,,,,,,,,,,,,,,,,,,,,,,,,,,,,,,,,,,,,,,,,,
,Delphineis spp. ,,,,,,,1452,,,,1452,,,,,,,,1452,,,,,,,,,,,,,,,,,,,,,,,,,,,,,,,,,,,,1452,,,,,,,,,,,,,,,,,,,,,,,,,,,,,,,,,,,,,,,1452,,,,,4400,,,,,,,,,,,,,,,,,,,,,,,,,,,,,,,,,,,,,,,,,,,,,,,,,,,,,8800,1452,,,,,,,,,,,,,,,,,,,,,,,,,,,,,,,,1452,,,,,,,,,,1452,,,,,,,,,,,,,,,,,,,,,,,,,,,,,,,,,,,,,,,,,,,,,
Detonula,Detonula confervacea,,,,,,,,,,,,,,,,,,,,,,,,,,,,,,,,,,,,,,,,,,,,,,,,,,,,,,,,,,,,,,,,,,,,,,,,,,,,,,,,,,,,,,,,,,,,,,,,,,,,,,,,,,,,,,,,,,,,,,,,,,,,,,,,,,,,,,,,,,,,,,,,,,,,,,,,,,,,,,,,,,,,,,,,,,,,,,,,,,,,,,,,,,,,,,,,,,,,,,,,,,,,,,,,,,,,,,,,,,,,,,,,,,,,,,,,,,,,,,,,
,Detonula pumila,,,,,,,,,,,,,,,,,,,,,,,,,,,,,,,,,,,,,,,,,,,,,,,,,,,,,,,,,,,,,,,,,,,,,,,,,,,,,,,,,,,,,,,,,,,,,,,,,,,,,,,,,,,,,,,,,,,,,,,,,,,,,,,,,,,,,,,,,4400,,,,,,,,,,,,,,,,,,,,,,,,,,,,,,,,,,,,,,,,,,,,,,,,,,,,,,,,,,,,,,,,,,,,,,,,,,,,,,,,,,,,,,,,,,,,,,,,,,,,,,,
Diatoma,Diatoma vulgaris,,,,,,,,,,,,,,,,,,,,,,,,,,,,,,,,,,,,,,,,,,,,,,,,,,,,,,,,,,,,,,,,,,1452,,,,,,,,,,,,,,,,,,,,,,,,,,,,,,,,,,,,,,,,,,,,,,,,,,,,,,,,,,,,,,,,,,,,,,,,,,,,,,,,,,,,,,,,,,,,,,,,,,,,,,,,,,,,,,,,,,,,,,,,,,,,,,,,,,,,,,,,,,,,,,,,,,,,,,,,,,,,,,,,,,,,,,,,,,,,,,
Ditylum,Ditylum brightwellii,,,,,,,,,,,,,,,,,,,,,,,,,,,,1452,,,,,,,,,,,,,,,,,,,,,,,,,,,,,,,,1452,,,,,,,,,,,,,,,,,,,,,,,,,,,,,,,,,,,,,,,,,,,,,,,,,,,,,,,,,,,,,,,,,,,,,,,,,,,,,,,,,,,,,,,,,,1452,,,,,,,,,,,,,1452,,,1452,,1452,,8800,,,,,,,,,1452,2904,,1452,1452,,,,1452,1452,,,1452,,,,1452,1452,1452,1452,1452,1452,8800,,,,,,,,,,,1452,,,,1452,,,,,,,,,,,,1452,,,704,,,,,1452,,,704,
Diploneis,Diploneis smithii,,,,,,,,,,,,,,,,,,,,,,,,,,,,,,,,,,,,,,,,,,,,,,,,,,,,,,,,,,,,,,,,,,,,,,,,,,,,,,,,,,,,,,,,,,,,,,,,,,,,,,,,,,,,,,,,,,,,,,,,,,,,,,,,,,,,,,,,,,,,,,,,,,,,,,,,,,,,,,,,,,,,,,,,,,,,,,,,,,,,,,,,,,,,,,,,,,,,,,,,,,,,,,,,,,,,,,,,,,,,,,,,,,,,,,,,,,,,,,,,
,Diploneis sp.,,1452,,,,,,,,,,,,,,,,,,,,,,,,,,,,,,,,,,,,,,,,,,,,,,,,,,,,,,,,,1452,,,,,,,,,,,,,,,,1452,,,,1452,,,,,,,,,,,,,,,,1452,,,8800,,,,,,,,,,,,,,,,,,,,,,,,,,,,,,,,,,,,,,,,,,,,,,,,,,,,,,,,,,,,,,,,,,,,,,,,,,,,,,,,4400,,,,,,,,,,,,,,,,,,,,,1452,,,,,,,,,,,,,,,,,,,,,,,,,,,,,,1452,,,,,,,,,,,
Eucampia,Eucampia cornuta,,,,,,,,,,,,,,,,,,,,,,,,,,,,,,,,,,,,,,,,,,,,,,,,,,,,,,,,,,,,,,,,,,,,,,,,,,,,,,,,,,,,,,,,,,,,,,,,,,,,,,,,,,,,,,,,,,,,,,,,,,,,,,,,,,,,,,,,,,,,,,,,,,,,,,,,,,,,,,,,,,,,,,,,,8800,,8800,,,,,,,,5852,,,,,,,,,,,,,,,,,,,,,,,,,,,,,,,,,,,,,,,,,,,,,,,,,,,,,,,,,,,,,
,Eucampia zodiacus,,,,,,,,,,,,,,,,,,,,,,,,,,,,,,,,,,,,,,,,,,,,,,,,,,,,,,,,,,,,,,,,,,,,,,,,,,,,,,,,1452,,8800,,,,,,,,,,,17600,,,,,,,,,,,,,,,,,,,,,,,,,,,,,,,,,,,,,,,,,,,,,,,,,,,,,,,,,,,,,,,,,,,,,,,,,,,,,1452,,,,,,,,13200,,,,,,,,5852,,1452,13200,1452,,,,1452,,5852,1452,4400,22000,1452,1161600,1104400,598400,224400,70400,101200,,22000,,,2112000,1337600,796400,66000,30800,79200,26400,1452,1452,8800,,,1452,8800,13200,10252,1452,13200,1452,5852,7304,4400,22000,,8800,1452,17600,,8800,
Fragilaria,Fragilaria spp.,,8800,,,,,8800,2904,1452,,,,,1452,,,,4400,1452,,,,,,,,,,,,,1452,,,,,,,1452,1452,,,,,,,,2904,8800,8800,13200,,,,,8800,,,,8800,17600,,,,,2904,,,,,,,,,,,,,,,,,,,,,,,,,,,,,1452,1452,,,,,,,8800,,,,1452,,,,,,,,,,,,,,,,,2904,,,,,,,,,,,,1452,13200,,,1452,1452,4400,8800,8800,,2904,,,,,,,,,,,,,,,,17600,,,,,,,,,,,,,,,,1452,,,,,,,1452,1452,,,,1452,,,,,,,,,,,,,2904,,,,,,,4400,,,,,,,,,1452,,13200,1452,,,,,1452,,,,1452,,,,1452,,1452,,,
Frustulia,Frustulia spp.,,,,4400,,,,,1452,,1452,,,,1452,,,,,,,1452,,,,,,,,,,1452,1452,,1452,,,1452,,,,,,,,,,,,,,1452,,4400,1452,8800,,1452,,,1452,2904,1452,,,1452,1452,13200,8800,,,,,,2904,,,,,,,,,,,,,,,8800,,1452,,,,,,,,,,,1452,22000,,,,,,,1452,1452,1452,2904,,8800,,1452,1452,1452,,,1452,4400,,,,,,,22000,,1452,,,,4400,8800,,1452,,,,,,2904,,,,,2904,8800,,1452,,,,8800,,,,1452,,,,,,1452,1452,1452,,,1452,2904,,1452,,,1452,,,,,8800,,,1452,,8800,1452,1452,1452,,4400,1452,,1452,4400,1452,,1452,,2904,1452,,1452,,,1452,1452,,,,,1452,1452,,,,1452,,1452,,2904,,,,,13200,1452,17600,2904,2904,1452,2904,13200,,8800,1452,8800
Gomphonema,Gomphonema spp.,,,,,,,,,,,,,,,,,,,,,,,,,,,,,,,,,,,,,,,,,,,,,,,,,,,,,,,,,,,,,,,,,,,,,,,,,,,,,,,,,,,,,,,,,,,,,,,,,,,,,,,,,,,,,,,,,,,,,,,,,,,,,,,,,,,,,,,,,,,,,,,,,,,,,,,,,,,,,,,,,,,,,,,,,,,,,,,,,,,,,,,,,,,,,,,,,,,,,,,,,,,,,,,,,,,,,,,,,,,,,,,,,,,,,,,,,,,,,,,,
Grammatophora,Grammatophora marina,,,,,,,,,,,,,,,,,,,,,,,,,,,,,,,,,,,,,,,,,,,,,,,,,,,,,,,,,,,,,,,,,,,,,,,,,,,,,,,,,,,,,,,,,,,,,,,,,,,,,,,,,,,,,,,,,,,,,,,,,,,,,,,,,,,,,,,,,,,,,,,,,,,,,,,,,,,,,,,,,,,,,,,,,,,,,,,,,,,,,,,,,,,,,,,,,,,,,,,,,,,,,,,,,,,,,,,,,,,,,,,,,,,,,,,,,,,,,,,,
Guinardia,Guinardia delicatula,,,,,,,,,,,,,,,,,,,,,,,,,,,,,,,,,,,,,,,,,,,,,,,,,,,,,,,,,8800,,,,8800,35200,8800,,,,,,,,5852,,,,,1452,,,,,294800,563200,853600,176000,268400,1029600,928400,48400,2904,,,233200,352000,369600,272800,844800,809600,17600,,,8800,44000,,1452,,4400,,,,,,2904,,,,8800,1452,,17600,1452,13200,,,,22000,57200,8800,,,,,,,,,,22000,,,4400,,13200,4400,17600,26400,30800,17600,22000,,74800,4400,2904,13200,22000,,57200,17600,4400,,70400,8800,145200,255200,48400,57200,,,,8800,4400,,,4400,7304,1452,2904,2904,1452,1452,,,,,,,13200,,,8800,13200,,,,,1452,13200,2904,8800,17600,8800,,,,,1452,4400,1452,,13200,26400,8800,1452,17600,,7304,1452,2904,1452,5852,,,8800,13200,,,5852,1452,,1452,1452,2904,1452,,,,,1452,,1452,4400
,Guinardia striata,,,,,,,,,,,,,,,,,,,,,,,,,,,,,,,,,,,,,,,,,,,,,,,,,5852,,,,,,,,,,,,,,,,,,,,,,,,,,,,,,,,,,,,,,,,,,,,,,,,,,,,,,,,,,,,,,,,,,,,,,,,,,,,,,,,,,,,,,,,,2904,,,,,,,,,,,,,,,,,,,,,,,,,,,,,,,,,,,,,,,,,,,,,,,,,,,4400,,,,,,,,,,,,,8800,26400,13200,7304,,,,1452,,,,,,,,,,,,,,,,,,,1452,,,,,,,,4400,,,,
,Guinardia flaccida,,,,,,,,,,,,,,,,,,,,,,,,,,,,,,,,,,,,,,,,,,,,,,,,,,,,,,,,,,,,,,,,,,,,,,,,,,,,,,,,,,,,,,,,,,,,,,,,,,,,,,,,,,,,,,,,,,,,,,,,,,,,,,,,,,,,,,,,,,,,,,,,,,,2904,1452,,,,,,,,,,1452,,,,,,,,,,,,,,,,,,,,,,,,,,,,,,,,,,,,,,,,,,,,,,,,,,,,,,,,,,,,,,,,,,,,,,,,,,,,,,,,,,
,Guinardia spp. ,,,,,,,,,,1452,,1452,,,,,,,,,,,,,,,,,,,,,,,,,,,,,,44000,,,5852,,17600,14652,52800,13200,26400,44000,17600,,,8800,,17600,26400,83600,,,,,,,,,,,,,,,,,,,,,,,,,,,,,,,,,,,,,,,,,,,,,,,,,,,,,,,,,,,,,,74800,,,,,,,,,,,,,,,,,,,,,,,,,,,,,,,,,,,,,,,,,,,,,,,,,,,,,,,,,,,,,,,,,,,,,,,,,,,,,,,,,,,,,,,,,,,,,,,,,,,,,,,,,,,,,,,,,,,,,,
Haslea,Haslea spp.,,,1452,,,,,,,,,,,,,,,,,,2904,,,,,,,,,,,,,,,,,,1452,,,,,,,1452,,,,,,,,,,,,,,,,,,,,,,,,,,,,,,1452,,,,,1452,,,,,,,,,,,,,,,,,1452,,,,,,,,,,,,,,,,,,,,,,,,,,,,,,,,1452,,,,,,,,,,,,,,,,,,1452,,,,,,,,,,,,,,,,,,,,,,,,,,,,,,,,,,,,,,,,,,,,,,,,,,,1452,,,,,,,,,,,,,,,,,,,,,,,,,,,,,,,,,,,,,,,,,
Hemiaulus,Hemiaulus sinensis,,,,,,,,,,,,,,,,,,,,,,,,,,,,,,,,,,,,,,,,,,,,,,,,,,,,,,,,,,,,,,,,,,,,,,,,,,,,,,,,,,,,,,,,,,,,,,,,,,,,,,,,,,,,,,,,,,,,,,,,,,,,,,,,,,,,,,,,,,,,,,,,,,,,,,,,,,,,,,,,,,,,,,,,,,,,,,,,,,,,,,,,,,,,,,,,,,,,,,,,,,,,,,,,,,,,,,,,,,,,,,,,,,,,,,,,,,,,,,,,
Hemidiscus,Hemidiscus cuneiformis,,,,,,,,,,,,,,,,,,,,,,,,,,,,,,,,,,,,,,,,,,,,,,,,,,,,,,,,,,,,,,,,,,,,,,,,,,,,,,,,,,,,,,,,,,,,,,,,,,,,,,,,,,,,,,,,,,,,,,,,,,,,,,,,,,,,,,,,,,,,,,,,,,,,,,,,,,,,,,,,,,,,,,,,,,,,,,,,,,,,,,,,,,,,,,,,,,,,,,,,,,,,,,,,,,,,,,,,,,,,,,,,,,,,,,,,,,,,,,,,
Lauderia,Lauderia annulata,,,,,,,,,,,,,,,,,,,,,,,,,,,,,,,,,,,,,,,,,,,,,,,,,,,,,,,,,,,,,,,,,,,,,,,,,,,,,,,,,,,,,,,,,,,,,,,,,,,2904,,,,,,,,,,,,,,,,,,,,,,,,,,,,,,,,,,,,,,,,,,,,,,,,,,,,,,,,,,,,,,,,,,,,,,,,,,,,,,,,,,,,,,,,,5852,,,,,,,,,,,,,,,,,,,,,,,,,,,,,,,,,,,,,,,,,,2904,,,,,,,,,,
Leptocylindrus,Leptocylindrus danicus,66000,70400,22000,4400,,,,,,,66000,30800,17600,13200,,,,,2904,,,,,8800,,,,,,13200,22000,2904,,,,,,,17600,1452,48400,74800,30800,,,61600,,,,,,,,2904,,,,,,,10252,,48400,,,,,,,,2904,,,,,,,,,,,,,,,,,,,,,,,,,,,,,,44000,,,,,,,,,4400,4400,,,,,,,,1452,17600,17600,,,,,,17600,158400,,66000,,,,,,8800,22000,88000,,61600,,,,,,,,,,,,,,,,,,,,,167200,158400,39600,101200,39600,5852,,79200,246400,391600,35200,22000,39600,22000,,2904,,8800,224400,250800,5852,22000,,,,17600,,1452,5852,114400,13200,8800,,,1452,1452,,4400,61600,17600,,13200,8800,4400,17600,5852,26400,13200,,,17600,13200,4400,5852,8800,,44000,,,4400,,,,,,,,,4400,,,,,,,,,,,
,Leptocylindrus minimus,,,,,2904,,,,,,,,,,,,,,,,,,13200,,,,,,,8800,,,,,,,,7304,,,26400,26400,,14652,22000,,,,,4400,,17600,,,,,,,,,,,13200,,,,,,,,,,,,,,,,,,39600,88000,57200,,,,,,,,8800,,,,,,,,,,,1452,4400,1452,8800,1452,,,1452,1452,,,,,,,,,,,,,,,,,,,,13200,,,,,,,5852,13200,,,,,13200,,,,,,,,,,2904,,,13200,,,,30800,220000,308000,,30800,132000,8800,,8800,30800,,22000,,,,,,,,4400,1452,1452,,,,,,,,13200,4400,,,,,,,,,,5852,,,,,,,,,1452,13200,,,,,,,,,2,,,,,,,,,,,4400,5852,,,,,,,,,
Licmophora,Licmophora dalmatica,,,,,,,,,,,,,,,,,,,,5852,,,,,,,,,,,,,,,,,,,,,,,,,,,,,,,,,,,,,,,,,,,,,,,,,,,,,,,,,,,,,,,,,,,,,,,,,,,,,,,,,,,,,,,,,,,,,,2904,,,,,,,,,,,,,,,,,,,,,,,,,,,,,,,,,,,,,,,,,,,,,,,,,,,,,,,,,,,,,,,,,,,,,,,,,,,,,,,,,,,,,,,,,,,,,,,,,,,,,,,,,,,,,,,,,2904,,,,,,,,,,,,,
,Licmophora flabellata,,1452,,,,,,,,,,,,,,,,,,,,,,,,,,,,,,,,,,,,,,,,,,,,,,,,,,,,,,,,,,,,,,,,,,,,,,,,,,,,,,,,,,,,,,,,,,,,,,,,,,,,,,,,,,,,,,,,,,,,,,,,,,,,,,,,,,,,,,,,,,,,,,,,,,,,2904,,,,,,,,,,,,,,,,,,,,,,,,,,,,,,,,,,,,,,,,,,,,,,,,,,,,,,,,,,,,,,,,,,,,,,,,,,,,,,,,,,,,,,,,,,
Lioloma,Lioloma spp.,,,,,,,,,,,,,,,,,,,,,,,,,,,,,,,,,,,,,,,,,,,,,,,,,,,,,,,,,,,,,,,,,,,,,,,,,,,,,,,,,,,,,,,,,,,,,,,,,,,,,,,,,,,,,,,,,,,,,,,,,,,,,,,,,,,,,,,,,,,,,,,,,,,,,,,,,,,,,,,,,,,,,,,,,,,,,,,,,,,,,,,,,,,,,,,,,,,,,,,,,,,,,,,,,,,,,,,,,,,,,,,,,,,,,,,,,,,,,,,,
Lithodesmium,Lithodesmium undulatum,,,,,,,,,,,,,,,,,,,,,,,,,,,,,,,,,,,,,,,,,,,,,,,,,,,,,,,,,,,,,,,,,,,,,,,,,,,,,,,,,,,,,,,,,,,,,,,,,,,,,,,,,,,,,,,,,,,,,,,,,,,,,,,,,,,,,,,,,,,,,,,,,,,,,,,,,,,,,,,,1452,,,,,,,,,,,5852,,,,,,,,,,,2904,,,5852,,,,,1452,,,13200,,,1452,1452,,,,8800,2904,,,,,,,,,13200,13200,4400,,,,,,,,,1452,,,,,,,,,,,,,,,,,,
Melosria,Melosira nummuloides,,,,,,,,,,,,,,,,,,,,,,,,,,,,,,,,,,,,,,,,,,,,,,,,,,,,,,,,,,,,,,,,,,,,,,,,,,,,,,,,,,,,,,,,,,,,,,,,,,,,,,,,,,,,,,,,,,,,,,,,,,,,,,,,,,,,,,,,,,,,,,,,,,,,,,,,,,,,,,,,,,,,,,,,,,,,,,,,,,,,,,,,,,,,,,,,,,,,,,,,,,,,,,,,,,,,,,,,,,,,,,,,,,,,,,,,,,,,,,,,
,Melosira spp.,,,,,,,,,,,,,,,,,,,,,,,,,,,,,,,,,,,,,,,,,,,,,,,,,,,,,,,,,,,,,,,,,,,,,,,,,,,,,,,,,,,,,,,,,,,,,,,,,,,,,,,,,,,,,,,,,,,,,,,,,,,,,,,,,,,,,,,,,,,,,,,,,,,,,,,,,,,,,,,,,,,,,,,,,,,,,,,,,,,,,,,,,,,,,,,,,,,,,,,,,,,,,,,,,,,,,,,,,,,,,,,,,,,,,,,,,,,,,,,,
Navicula,Navicula ambigua,,,,,,,,,,,,,,,,,,,,,,,,,,,,,,,,,,,,,,,,,,,,,,,,,,,,,,,,,,,,,,,,,,,,,,,,,,,,,,,,,,,,,,,,,,,,,,,,,,,,,,,,,,,,,,,,,,,,,,,,,,,,,,,,,,,,,,,,,,,,,,,,,,,,,,,,,,,,,,,,,,,,,,,,,,,,,,,,,,,,,,,,,,,,,,,,,,,,,,,,,,,,,,,,,,,,,,,,,,,,,,,,,,,,,,,,,,,,,,,,
,Navicula cryptocephala,,,,,,,,,,,,,,,,,,,,,,,,,,,,,,,,,,,,,,,,,,,,,,,,,,,,,,,,,,,,,,,,,,,,,,,,,,,,,,,,,,,,,,,,,,,,,,,,,,,,,,,,,,,,,,,,,,,,,,,,,,,,,,,,,,,,,,,,,,,,,,,,,,,,,,,,,,,,,,,,,,,,,,,,,,,,,,,,,,,,,,,,,,,,,,,,,,,,,,,,,,,,,,,,,,,,,,,,,,,,,,,,,,,,,,,,,,,,,,,,
,Navicula spp.,1452,,,,,1452,,,,1452,,,,13200,,4400,,,1452,,2904,,,,,1452,,,1452,,1452,,,,,,,,,,4400,2904,1452,1452,2904,8800,,1452,4400,2904,8800,,,1452,4400,,4400,,,1452,,,,,,2904,1452,,4400,,,,,,,,,,,1452,,,,,,,,,,,1452,1452,1452,1452,,1452,,,,1452,,,,,,4400,,,2904,17600,,,,,,,,,1452,8800,,,,,,,,,,1452,,,,1452,,,,2904,,8800,,4400,4400,1452,,,,,,,,1452,,,,,,,,,,,,,,,,,,,,,,,,,,2904,,,,,1452,17600,,,,,1452,,8800,,4400,1452,,1452,,,,,,,,2904,,,,,1452,,1452,4400,,2904,,,,,,,,,,,,1452,1452,,1452,1452,,1452,,2904,1452,,1452,,,8800
Neodelphineis,Neodelphineis spp.,,,,,,,,,,,,,,,,,,,,,,,,,,,,,,,,,,,,,,,,,,,,,,,,,,,,,,,,,,,,,,,,,,,,,,,,,,,,,,,,,,,,,,,,,,,,,,,,,,,,,,,,,,,,,,,,,,,,,,,,,,,,,,,,,,,,,,,,,,,,,,,,,,,,,,,,,,,,,,,,,,,,,,,,,,,,,,,,,,,,,,,,,,,,,,,,,,,,,,,,,,,,,,,,,,,,,,,,,,,,,,,,,,,,,,,,,,,,,,,,
Nitzschia,Nitzschia closterium,,,,,,,,,,,,,,,,,,,,,,,,,,,,,,,,,,,,,,,,,,,,,,,,,,,,,,,,,,,,,,,,,,,,,,,,,,,,,,,,,,,,,,,,,,,,,,,,,,,,,,,,,,,,,,,,,1452,,,,,,,,,,,,,,,,,,,,,,,,,,,,,,,,,,,,,,,,,,,,,,,,,,,,,,,,,,,,,,,,,,,,,,,,,,,,,,,,,,,,,,,,,,,,,,,,,,,,,,,,,,,,,,,,,,,,,,,,,,,,,,,
,Nitzschia longissima,,,,,,,,,,,,,,,,,,,,,,,,,,,,,1452,,,,,,,,,,1452,,,,,,,,,,,,,1452,,,,,,,,,,,,,,,,,,,,,,,,,,,,,8800,13200,13200,,,2904,,,1452,,,,,1452,,,8800,,,8800,44000,88000,2904,22000,44000,4400,1452,4400,13200,17600,13200,13200,4400,4400,,17600,,,13200,4400,26400,8800,1452,4400,13200,4400,26400,13200,,13200,4400,17600,17600,13200,4400,22000,8800,22000,,13200,26400,118800,83600,132000,,2904,,8800,,,1452,17600,8800,8800,,22000,4400,4400,,,48400,8800,22000,,,,,4400,4400,,,,,8800,,,,,17600,1452,1452,8800,,4400,8800,,1452,,,,1452,2904,,1452,,1452,,,,1452,,,,,,,,,,,,,,,,,,,,,,,,,,,,,,,,,,,,,,,,
,Nitzschia lorenziana,,,,,,,,,,,,,,,,,,,,,,,,,,,,,,,,,,,,,,,,,,,,,,,,,,,,,,,,,,,,,,,,,,,,,,,,,,,,,,,,,,,,,,,,,,,,,,,,,,,,,,,,,,,,,,,,,,,,,,,,,,,,,,,,,,,,,,,,,,,,,,,,,,,,,,,,,,,,,,,,,1452,,,1452,,,,,,,,,,,,,,,,,,,,,,,,,1452,,,,,,,,,,,,,,,,,,,,,,,,,,,,,,,,,,,,,,,,,,,,,,,,,,,
,Nitzschia navicularis,,,,,,,,,,,,,,,,,,,,,,,,,,,,,,,,1452,,,,,,,,,,,,,,,,,,,,,,,,,,,,,,,,,,,,,,,,,,,,,,,,,,,,,,,,,,,,,,,,,,,,,,,,,,,,,,,,,,,,,,,,,,,,,,,,,,,,,,1452,,,,,,,,,,,,,,,,,1452,,,4400,,,,,,,,8800,,,,,,,,,,,,,,,,,,,,,,,,,,,,,,,,,,,,,,,,,,,,,,,,,,,,,,,,,,,,,,,,,,,,,,,,,,,,,,
,Nitzschia obtusa,,,,,,,,,,,,,,,,,,,,,,,,,,,,,,,,,,,,,,,,,,,,,,,,,,,,,,,,,,,,,,,,,,,,,,,,,,,,,,,,,,,,,,,,,,,,,,,,,,,,,,,,,,,,,,,,,,,,,,,,,,,,,,,,,,,,,,,,,,,,,,,,,,,,,,,,,,,,,,,,,,,,,,,,,,,,,,,,,,,,,,,,,,,,,,,,,,,,,,,,,,,,,,,,,,,,,,,,,,,,,,,,,,,,,,,,,,,,,,,,
,Nitzschia spp.,,,,,,,,8800,,1452,1452,,,,,1452,,,1452,,,,,,,,,,4400,,,,,13200,1452,1452,1452,,,,,,,,,,,,,,,,,,,1452,,,,,,,,,,,,,8800,,,,,1452,,,,,,,,,,,,,,,,,,,,,,1452,,,,,,,,,,,,,,,,,,,,,,,8800,,,,,,,,,,,,,,,,,,,,,,,,,,,,,,,,,,,,,,,,,,,,,,,,,,,,1452,,1452,,,,1452,,,,,,,,,,,,,,,,,,,,,,,,,,,,,,,,,,,,,,,,,,,,,,,,,,,,,,,,,,,,,,,
Odontella,Odontella aurita,,,,,,,,,,,,,,,,,,,,,,,,,,,,,,,,,,,,,,,,,,,,,,,,,,,,,,,,,,,,,,,,,,,,,,,,,,,,,,,,,,,,,,,,,,,,,,,,,,,,,,,,,,,,,,,,,,,,,,,,,,,,,,,,,,,,,,,,,,,,,,,,,,,,,,,,,,,,,,,,,,,,,,,,,,,,,,,,,,,,,,,,,,,,,,,,,,,,,,,,,,,,,,,,,,,,,,,,,,,,,,,,,,,,,,,,,,,,,,,,
,Odontella longicruris,,,,,,,,,,,,,,,,,,,,,,,,,,,,,,,,,,,,,,,,,,,,,,,,,,,,,,,,,,,,,,,,,,,,,,,,,,,,,,,,,,,,,,,,,,,,,,,,,,,,,,,,,,,,,,,,,,,,,,,,,,,,,,,,,,,,,,,,,,,,,,,,,,,,,,,,,,,,,,,,,,,,,,,,,,,,,,,,,,,,,,,,,,,,,,,,,,,,,,,,,,,,,,,,,,,,,,,,,,,,,,,,,,,,,,,,,,,,,,,,
,Odontella mobiliensis,,,,,,,,,,,,,,,,,,,,,,,,,,,,,,,,,,,,,,,,,,,,,,,,,,,,,,,,,,,,,,,,,,,,,,,,,,,,,,,,,,,,,,,,,,,,,,,,,,,,,,,,,,,,,,,,,,,,,,,,,,,,,,,,,,,,,,,,,,,,,,,,,,,,,,,,,,,,,,,,,,,,,,,,,,,,,,,,,,,,,,,,,,,,,,,,,,,,,,,,,,,,,,,,,,,,,,,,,,,,,,,,,,,,,,,,,,,,,,,,
,Odontella sinensis,,,,,,,,,,,,,,,,,,,,,,,,,,,,,,,,,,,,,,,,,,,,,,,,,,,,,,,,,,,,,,,,,,,,,,,,,,,,,,,,,,,,,,,,,,,,,,,,,,,,,,,,,,,,,,,,,,,,,,,,,,,,,,,,,,,,,,,,,,,,,,,,,,,,,,,,,,,,,,,,,,,,,,,,,,,,,,,,,,,,,,,,,,,,,,,1452,,1452,,1452,,1452,,,,,,,,,,,,,,,,,,,,,,,,,,,,,,,1452,,,,,,,,,,,,
,Odontella spp.,,,8800,,,,,,1452,,,,4400,,,2904,,,,,7304,4400,4400,4400,,,,,,2904,4400,8800,,,,,,,10252,,,,8800,1452,,7304,,1452,,1452,44000,11704,13200,17600,30800,,1452,30800,1452,7304,,5852,,,,,,2904,,,1452,1452,,,1452,1452,2904,1452,,,,,,,,1452,,,,,1452,,,,,,,,,1452,,,,,,,,,,,,,,1452,,,,,,,,13200,5852,,,,,,,,4400,1452,,,,,,,,,,,,,,,,,,,,,,1452,1452,,,,,,,,,,,,,,,,,,,,,,,,,,1452,1452,,,,1452,,,,,1452,,,,,,,,,,1452,8800,5852,4400,,,,,1452,,13200,13200,4400,1452,1452,4400,,704,,,,,,1452,,,,,,,,,,,,,,,,
Paralia,Paralia sulcata,17600,13200,22000,8800,17600,10252,5852,22000,,26400,22000,13200,8800,44000,13200,4400,2904,52800,39600,,20504,,13200,52800,48400,35200,5852,,22000,13200,52800,44000,8800,13200,17600,32252,19052,7304,35200,,,,,13200,4400,24904,29304,57200,8800,,26400,35200,,44000,74800,118800,105600,22000,17600,,35200,39600,2904,13200,17600,22000,22000,22000,39600,13200,17600,17600,5852,30800,44000,22000,70400,57200,13200,,17600,52800,,,,,,35200,,79200,22000,8800,70400,79200,61600,22000,7304,88000,118800,79200,66000,14652,22000,22000,,32252,17600,,30800,44000,13200,44000,13200,79200,39600,22000,66000,29304,83600,13200,,,22000,22000,,,,,,,39600,26400,44000,13200,88000,79200,22000,,,,,2904,,17600,,52800,,,,,8800,17600,44000,52800,88000,,39600,8800,,,,,,,,,,,,4400,,22000,2904,30800,8800,57200,2904,,,,7304,22000,22000,17600,26400,8800,,,22000,35200,44000,26400,26400,35200,,8800,52800,44000,13200,,,,,,8800,,30800,,8800,,,66000,,,1452,,2904,10252,,,22000,,8800,26400,26400,,4400,8800,2904,13200,17600,35200,48400,13200,22000,,2904,61600,8800,5852
Pinnularia,Pinnularia spp.,,,,,,,,,,,,,,,,,,,,,,,,,,,,,,,,,,,,,,,,,,,,,,,,1452,,,,,,,,,,,,,,,,,,,,,,,,,,,,,,,,,,,,,,,,,,,,,,,,,,,,,,,,,,,,,,,,,,,,,,,,,,,,,,,,,,,,,,,,,,,,,,,,,,,,,,,,,,,,,,,,,,,,,,,,,,,,,,,,,,,,,,,,,,,,,,,,,,,,,,,,,,,,,,,,,,,,,,,,,,,,,,,,,,,,,,,,,,,,,,,,
Pleurosigma,Pleurosigma angulatum,,,,,,,,,,,,,,,,,,,,,,,,,,,,,,,,,,,,,,,,,,,,,,,,,,,,,,,,,,,,,,,,,,,,,,,,,,,,,,,,,,,,,,,,,,,,,,,,,,,,,,,,,,,,,,,,,,,,,,,,,,,,,,,,,,,,,,,,,,,,,,,,,,,,,,,,,,,,,,,,,,,,,,,,,,,,,,,,,,,,,,,,,,,,,,,,,,,,,,,,,,,,,,,,,,,,,,,,,,,,,,,,,,,,,,,,,,,,,,,,
Pleurosigma,Pleurosigma directum,,,,,,,,,,,,,,,,,,,,,,,,,,,,,,,,,,,,,,,,,,,,,,,,,,,,,,,,,,,,,,,,,,,,,,,,,,,,,,,,,,,,,,,,,,,,,,,,,,,,,,,,,,,,,,,,,,,,,,,,,,,,,,,,,,,,,,,,,,,,,,,,,,,,,,,,,,,,,,,,,,,,,,,,,,,,,,,,,,,,,,,,,,,,,,,,,,,,,,,,,,,,,,,,,,,,,,,,,,,,,,,,,,,,,,,,,,,,,,,,
,Pleurosigma falx,,,,,,,,,,,,,,,,,,,,,,,,,,,,,,,,,,,,,,,,,,,,,,,,,,,,,,,,,,,,,,,,,,,,,,,,,,,,,,,,,,,,,,,,,,,,,,,,,,,,,,,,,,,,,,,,,,,,,,,,,,,,,,,,,,,,,,,,,,,,,,,,,,,,,,,,,,,,,,,,,,,,,,,,,,,,,,,,,,,,,,,,,,,,,,,,,,,,,,,,,,,,,,,,,,,,,,,,,,,,,,,,,,,,,,,,,,,,,,,,
,Pleurosigma normanii,,,,,,,,,,,,,,,,,,,,,,,,,,,,,,,,,,,,,,,,,,,,,,,,,,,,,,,,,,,,,,,,,,,,,,,,,,,,,,,,,,,,,,,,,,,,,,,,,,,,,,,,,,,,,,,,,,,,,,,,,,,,,,,,,,,,,,,,,,,,,,,,,,,,,,,,,,,,,,,,,,,,,,,,,,,,,,,,,,,,,,,,,,,,,,,,,,,,,,,,,8800,,,,,,,,,,,,,,,,,,,,,,,,,,,,,,,,,,,,,,,
,Pleurosigma spp.,,,,1452,4400,,,,,,,1452,,,,1452,,4400,1452,1452,,,,,,,,,1452,1452,,,,,,,,,1452,,,,,1452,,1452,,1452,1452,,1452,,,1452,2904,,4400,,,1452,2904,,,,,,,,,,1452,2904,,,,,,1452,,,,,,,,,,,1452,,,,1452,,1452,,,,1452,8800,,,2904,,1452,,,,8800,1452,4400,8800,4400,2904,8800,4400,1452,,13200,,,,1452,,880,880,,,,1452,4400,1452,,,1452,,1452,13200,,1452,,,1452,7304,,,,13200,,,,1452,,,8800,1452,5852,4400,,1452,,,,,,2904,,2904,1452,,,,1452,1452,,8800,,,1452,,,,1452,,1452,,,,8800,,,,,,1452,,,,,,,8800,1452,4400,1452,,,,,,8800,1452,,13200,,1452,1452,,1452,,,,704,,,,8800,,1452,,1452,,1452,1452,,,1452,1452,1452,
Pseudo-nitzschia,Pseudo-nitzschia spp.,,,,,,,17600,,,,,,,,,,,4400,,1452,,,,,,,1452,,,,,,,,,,,,,,,,,1452,,,,,,,,,,,,,,,,,,,,,,,,,,,,,,,,,,,,,,,,,,,,,,,,,,,,1452,,,,,,,,,,,,,,,,,,,,,,,,1452,,,,,,,,,,,,,,,,1452,,4400,,1452,,13200,,,,5852,,22000,,79200,,,,,,13200,5852,10252,,13200,,,2904,,,,,,44000,,,2904,,,,,,1452,13200,17600,,5852,,2904,1452,,,1452,13200,7304,,1452,,,,4400,,2904,22000,13200,88000,48400,74800,30800,17600,,4400,8800,,,39600,,,,4400,30800,13200,13200,1452,1452,,,,,,,,4400,8800,,,,,,,2904,,13200,,
,Pseudo-nitzschia delicatissima,,,,,,,,,,,,,,,,,,,,,,,,,,,,,,,,,,,,,,,,,,,,,,,,,,,,,,,,,,,,,,,,,,,,,,,,,,,,,,,,,,,,,,,,,,,,,,,,,,,,,,,,,,,,,,,,,,,,,,,,,,,,,,,,,,,,,,,,,,,,,,,,,,,,,,,,,,,,,,,,,,,,,,,,,,,,,,,,,,,,,,,,,,,,,,,,,,,,,,,,,,,,,,,,,,,,,,,,,,,,,,,,,,,,,,,,,,,,,,,,
,Pseudo-nitzschia pungens,,,,,,,,,,,,,,,,,,,,,,,,,,,,,,,,,,,,,,,,,,,,,,,,,,,,,,,,,,,,,,,,,,,,,,,,,,,,,,,,,,,,,,,,,,,,,,,,,,,,1452,,,,,,,,,,,,,,,,,,,,,,,,,,,,,,,,,,,,,,,,,,,,,,,,,,,,,,,,,,,,,,,,,,,,,,,,,,,730,,,,,,,,,,,,,,,,,,10252,,5852,,,,,,,,,,,,,,,,,,,,,,,,,,,,,,,,,,,,,,,,,,,,,
Rhabdonema,Rhabdonema adriaticum,,,,,,,,,,,,,,,,,,,,,,,,,,,,,,,,,,,,,,,,,,,,,,,,,,,,,,,,,,,,,,,,,,,,,13200,,,,,,,,,,,,,,,,,,,,,,,,,,,,,,,,,,,,,,,,,,,,,,,,,,,,,,,,,,,,,,,,,,,,,,,,,,,,,,,,,,,,,,,,,,,,,,,,,,,,,,,,,,,,,,,,,,,,,,,,,,,,,,,,,,,,,,,,,,,,,,,,,,,,,,,,,,,,,,,,,,,,,,,,,,,
,Rhaphoneis rhomoides,,,,,,,,,,,,,,,,,,,,,,,,,,,,,,,,,,,,,,,,,,,,,,,,,,,,,,,,,,,,,,,,,,,,,,,,,,,,,,,,,,,,,,,,,,,,,,,,,,,,,,,,,,,,,,,,,,,,,,,,,,,,,,,,,,,,,,,,,,,,,,,,,,,,,,,,,,,,,,,,,,,,,,,,,,,,,,,,,,,,,,,,,,,,,,,,,,,,,,,,,,,,,,,,,,,,,,,,,,,,,,,,,,,,,,,,,,,,,,,,
,Rhaphoneis spp.,,,,,,,1452,1452,1452,,,,,,,,,8800,7304,1452,,,,,,,,,4400,8800,1452,,,,,,,,4400,2904,,,,,,,,1452,,1452,,,,,,,1452,2904,8800,1452,,,,,,,,,,1452,,,,,,1452,8800,1452,4400,1452,,,,,,,,1452,1452,,,,,,1452,,2904,13200,22000,13200,,,,,,,,,17600,13200,,,,,1452,,,,17600,1452,,,,,,,,,,1452,,,,,,,4400,8800,,,,,,,,,,,,2904,,,,,1452,,,,,,,,,,,,,,1452,,,,,733,,,1452,2904,17600,1452,,,,,,1452,1452,,1452,8800,,,1452,,,,,13200,1452,1452,,,,,,,,,,,,,,1452,,,,,4400,,1452,,,,,,,2904,13200,,,,,,1452,1452,2904,,2904,2904
Rhizosolenia,Rhizosolenia alata,,,,,,,,,,,,,,,,,,,,,,,,,,,,,,,,,,,,,,,,,,,,,,,,,,,,,,,,,,,,,,,,,,,,,,,,,,,,,,,,,,,,,,,,,,,,,,,,,,,,,,,,,,,,,,,,,,,,,,,,,,,,,,,,,,,,,,,,,,,,,,,,,,,,,,,,,,,,,,,,,,,,,,,,,,,,,,,,,,,,,,,,,,,,,,,,,,,,,,,,,,,,,,,,,,,,,,,,,,,,,,,,,,,,,,,,,,,,,,,,
,Rhizosolenia calar-avis,,,,,,,,,,,,,,,,,,,,,,,,,,,,,,,,,,,,,,,,,,,,,,,,,,,,,,,,,,,,,,,,,,,,,,,,,,,,,,,,,,,,,,,,,,,,,,,,,,,,,,,,,,,,,,,,,,,,,,,,,,,,,,,,,,,,,,,,,,,,,,,,,,,,,,,,,,,,,,,,,,,,,,,,,,,,,,,,,,,,,,,,,,,,,,,,,,,,,,,,,,,,,,,,,,,,,,,,,,,,,,,,,,,,,,,,,,,,,,,,
,Rhizosolenia longiseta,,,,,,,,,,,,,,,,,,,,,,,,,,,,,,,,,,,,,,,,,,,,,,,,,,,,,,,,,,,,,,,,,,,,,,,,,,,,,,,,,,,,,,,,,,,,,,,,,,,,,,,,,,,,,,,,,,,,,,,,,,,,,,,,,,,,,,,,,,,,,,,,,,,,,,,,,,,,,,,,,,,,,,,,,,,,,,,,,,,,,,,,,,,,,,,,,,,,,,,,,,,,,,,,,,,,,,,,,,,,,,,,,,,,,,,,,,,,,,,,
,Rhizosolenia pungens,,,,,,,,,,,,,,,,,,,,,,,,,,,,,,,,,,,,,,,,,,,,,,,,,,,,,,,,,,,,,,,,,,,,,,,,,,,,,,,,,,,,,,,,,,,,,,,,,,,,,,,,,,,,,,,,,,,,,,,,,,,,,,,,,,,,,,,,,,,,,,,,,,,,,,,,,,,,,,,,,,,,,,,,,,,,,,,,,,,,,,,,,,,,,,,,,,,,,,,,,,,,,,,,,,,,,,,,,,,,,,,,,,,,,,,,,,,,,,,,
,Rhizosolenia robusta,,,,,,,,,,,,,,,,,,,,,,,,,,,,,,,,,,,,,,,,,,,,,,,,,,,,,,,,,,,,,,,,,,,,,,,,,,,,,,,,,,,,,,,,,,,,,,,,,,,,,,,,,,,,,,,,,,,,,,,,,,,,,,,,,,,,,,,,,,,,,,,,,,,,,,,,,,,,,,,,,,,,,,,,,,,,,,,,,,,,,,,,,,,,,,,,,,,,,,,,,,,,,,,,,,,,,,,,,,,,,,,,,,,,,,,,,,,,,,,,
,Rhizosolenia setigera,,,,,,,,,,,,,,,,,,,,,,,,,,,,,,,,,,,,,,,,,,,,,,,,,,,,,,,,,,,,,,,,,,,,,,,,,,,,,,,,,,,,,,,,,,,,,,,,,,,,,,,,,,,,,,,,,,,,,,,,,,,,,,,,,,,,,,,,,,,,,,,,,,,,,,,,,,,,,,,,,,,,,,,,,,,,,,,,,,,,,,,,,,,,,,,,,,,,,,,,,,,,,,,,,,,,,,,,,,,,,,,,,,,,,,,,,,,,,,,,
,Rhizosolenia stolterfothii,,,,,,,,,,,,,,,,,,,,,,,,,,,,,,,,,,,,,,,,,,,,,,,,,,,,,,,,,,,,,,,,,,,,,,,,,,,,,,,,,,,,,,,,,,,,,,,,,,,,,,,,,,,,,,,,,,,,,,,,,,,,,,,,,,,,,,,,,,,,,,,,,,,,,,,,,,,,,,,,,,,,,,,,,,,,,,,,,,,,,,,,,,,,,,,,,,,,,,,,,,,,,,,,,,,,,,,,,,,,,,,,,,,,,,,,,,,,,,,,
,Rhizosolenia styliformis,,,,,,,,,,,,,,,,,,,,,,,,,,,,,,,,,,,,,,,,,,,,,,,,,,,,,,,,,,,,,,,,,,,,,,,,,,,,,,,,,,,,,,,,,,,,,,,,,,,,,,,,,,,,,,,,,,,,,,,,,,,,,,,,,,,,,,,,,,,,,,,,,,,,,,,,,,,,,8800,,,,,,,,,,,,,,,,,,,,,,,,,,,,,,,,,,,,,,,,,,,,,,,,,,,,,,,,,,,,,,,,,,,,,,,,,,,,,,,,,,,
,Rhizosolenia spp.,,,,,,,,1452,,,,,1452,,,,1452,,,,,,,,,,,,,,,,,,,,,,,1452,,,,,,,,,1452,1452,4400,,,,,,,,,1452,,,1452,,,,,,,,,,,,,,,,,,,4400,,,,,,,,,,,,,,,,,1452,,,,,,,,,,,,,,,,,,,,,,,,,,,,,4400,,1452,1452,,,,,,5852,5852,,8800,,8800,4400,,,2904,1452,,,8800,2904,2904,,1452,1452,,,,,1452,,,,,,,,,,1452,,733,1452,,,1452,,,1452,734.8,1452,,,,,,,,8800,8800,,,,,,,,,4400,13200,,,,2904,,,,,,,1452,1452,8800,2904,,2904,5852,,2904,1452,1452,,1452,,2904,,,,,,2904,704,2904,660,8800,,7304,660,,
Rhoicosphenia,Rhoicosphenia curvata,,,,,,,,,,,,,,,,,,,,,,,,,,,,,,,,,,,,,,,,,,,,,,,,,,,,,,,,,,,,,,,,,,,,,1452,,,,,,,,,,,,,,,,,,,,,,,,,,,,,,,,,,,,,,,,1452,,,,,,,,,,,,,,,,,,,,,,,,,,,,,,,,,,,,,,,,,,,,,,,,,,,,,,,,,,,,,,,,,,,,1452,,,,,,,,,,,,,,,,,,,,,,,,,,,,,,,,,,,,,,,,,,,,,,,,,,,,,,,,,,,,,,,
Rhopalodia,Rhopalodia musculus,,,,,,,,,,,,,,,,,,,,,,,,,,,,,,,,,,,,,,,,,,,,,,,,,,,,,,2904,,,,,,,,,,,,,,,,,,,,,,,,,,,,,,,,,,,,,,,,,,,,,,,,,,,,,,,,,,,,,,,,,,,,,,,,,,,,,,,,,,,,,,,,,,,,,,,,,,,,,,,,,,,,,,,,,,,,,,,,,,,,,,,,,,,,,,,,,,,,,,,,,,,,,,,,,,,,,,,,,,,,,,,,,,,,,,,,,,,,,,,,,,
Schröderella,Schröderella delicatula ,,,,,,,,,,,,,,,,,,,,,,,,,,,,,,,,,,,,,,,,,,,,,,,,,,,,,,,,,,,,,,,,,,,,,,,,,,,,,,,,,,,,,,,,,,,,,,,,,,,,,,,,,,,,,,,,,,,,,,,,,,,,,,,,,,,,,,,,,,,,,,,,,,,,,,,,,,,,,,,,,,,,,,,,,,,,,,,,,,,,,,,,,,,,,,,,,,,,,,,,,,,,,,,,,,,,,,,,,,,,,,,,,,,,,,,,,,,,,,,,
Seminavis,Seminavis robusta,,,,,,,,,,,,,,,,,,,,,,,,,,,,,,,,,,,,,,,,,,,,,,,,,,,,,,,,,,,,,,,,,,,,,,,,,,,,,,,,,,,,,,,,,,,,,,,,,,,,,,,,,,,,,,,,,,,,,,,,,,,,,,,,,,,,,,,,,,,,,,,,,,,,,,,,,,,,,,,,,,,,,,,,,,,,,,,,,,,,,,,,,,,,,,,,,,,,,,,,,,,,,,,,,,,,,,,,,,,,,,,,,,,,,,,,,,,,,,,,
Skeletonema,Skeletonema spp.,162800,92400,105600,8800,,,,83600,13200,13200,154000,101200,61600,57200,13200,,39600,,17600,,5042400,4356000,3568400,2754400,2169200,184800,215600,145200,127600,202400,2450800,1377200,1896400,814000,180400,154000,70400,105600,66000,39600,3559600,607200,567600,1236400,92400,2068000,910800,2569600,563200,74800,23689600,5935600,6133600,20961600,11994400,7972800,2811600,6212800,1320000,299200,1192400,1988800,1619200,132000,30800,48400,30800,17600,101200,48400,466400,114400,259600,286000,224400,316800,110000,237600,66000,8800,123200,48400,17600,,8800,57200,17600,22000,180400,105600,,17600,13200,92400,44000,110000,26400,233200,180400,110000,132000,1672000,528000,704000,44000,875600,57200,,52800,88000,968000,259600,220000,220000,88000,783200,,26400,74800,26400,48400,88000,,39600,,,,,,8800,66000,,,44000,61600,17600,,8800,,39600,,,13200,61600,13200,1452,,132000,,211200,,17600,10252,,39600,57200,,167200,,70400,17600,,,,,,,26400,,,,26400,17600,,17600,5852,5852,52800,118800,13200,1452,,,,,,,,,,,8800,8800,,,39600,,,,7304,176000,,,22000,17600,26400,13200,,39600,101200,,35200,52800,1452,5852,,,,,17600,321200,690800,171600,,,127600,110000,,17600,13200,101200,79200,52800,52800,61600,30800,,35200,17600,
Stephanopyxis,Stephanopyxis turris,,,,,,,,,,,,,,,,,,,,,,,,,,,,,,,,,,,,,,,,,,,,,,,,,,,,,,,,,,,,,,,,,,,,,,,,,,,,,,,,,,,,,,,,,,,,,,,,,,,,,,,,,,,,,,,,,,,,,,,,,,,,,,,,,,,,,,,,,,2904,,,,,,,,,,,,,,,,,,,,,,,,,,,,,,,4400,4400,,,,,,5852,,,,5852,,,,,,,,,,,,,,,,,,,,,,,,,,4400,,,,,2904,2904,,10252,,,,,,,,,,,,,,,,,,,,,,,,,,17600
Streptotheca,Streptotheca indica,,,,,,,,,,,,,,,,,,,,,,,,,,,,,,,,,,,,,,,,,,,,,,,,,,,,,,,,,,,,,,,,,,,,,,,,,,,,,,,,,,,,,,,,,,,,,,,,,,,,,,,,,,,,,,,,,,,,,,,,,,,,,,,,,,,,,,,,,,,,,,,,,,,,,,,,,,,,,,,,,,,,,,,,,,,,,,,,,,,,,,,,,,,,,,,,,,,,,,,,,,,,,,,,,,,,,,,,,,,,,,,,,,,,,,,,,,,,,,,,
Surirella,Surirella fluminensis,,,,,,,,,,,,,,,,,,,,,,,,,,,,,,,,,,,,,,,,,,,,,,,,,,,,,,,,,,,,,,,,,,,,,,,,,,,,,,,,,,,,,,,,,,,,,,,,,,,,,,,,,,,,,,,,,,,,,,,,,,,,,,,,,,,,,,,,,,,,,,,,,,,,,,,,,,,,,,,,,,,,,,,,,,,,,,,,,,,,,,,,,,,,,,,,,,,,,,,,,,,,,,,,,,,,,,,,,,,,,,,,,,,,,,,,,,,,,,,,
,Surirella spp.,,,,,,,,,,,,,,,,,,,,,,,,,,,,,,,,,,,,,,,,,,,,,,,,,,,,,,,,,,,,,,,,,,,,,,,,,,,0.33,,,,,,,,,,,,,,,,,,,,,,,,,,,,,,,,,,,,,,,,,,,,,,,,,,,,,,,,,,1452,,,,,,,,,,,,,,,,,,,,,,,,,,,,,,,,,,,,,,,,,,,,,,,,,,,,,,,,,,,,,,,,,,,,,,,,,,,,,,,,,,,,,,,,,,,,,,,,,,,,,,,,,,,
Thalassionema,Thalassionema frauenfeldii,,,,,,,,,,,,,,,,,,,,,,,,,,,,,,,,,,,,,,,,,,,,,,,,,,,,,,,,,,,,,,,,,,13200,,,,,,,,,,,,,,,,,,,,,,,,,,,,,,,,,,,,,,,,,,,,,,,,,,,,,,,,,,,,,,,,,,,,,,,,,,,,,,,,,,,,,,,,,,,,,,,,,,,,,,,,,,,,,,,,,,,,,,,,,,,,,,,,,,,,,,,,,,,,,,,,,,,,,,,,,,,,,,,,,22000,,,,,,,,,,,,,
,Thalassionema nitzschiodes,17600,26400,8800,5852,22000,30800,17600,13200,,1452,61600,26400,13200,17600,70400,22000,13200,35200,5852,2904,44000,26400,140800,57200,39600,39600,52800,35200,61600,123200,79200,61600,180400,26400,26400,66000,13200,101200,8800,13200,123200,30800,13200,92400,26400,211200,92400,123200,123200,30800,426800,101200,418000,624800,184800,215600,202400,154000,242000,57200,44000,83600,114400,294800,237600,426800,220000,237600,167200,233200,140800,215600,184800,180400,444400,426800,453200,422400,281600,74800,22000,,,8800,,44000,30800,26400,114400,158400,,4400,39600,136400,136400,35200,123200,167200,409200,123200,44000,17600,52800,13200,44000,79200,66000,105600,66000,88000,57200,66000,52800,101200,88000,83600,79200,70400,118800,30800,17600,4356000,3916000,26400,88000,206800,352000,,,35200,,22000,39600,39600,39600,26400,30800,22000,,,1452,,,17600,,22000,8800,8800,,,13200,13200,10252,35200,44000,4400,17600,8800,,7304,,,5852,,,2904,,8800,17600,,,17600,13200,,,13200,,2904,17600,5852,8800,61600,26400,30800,30800,8800,2904,8800,8800,8800,4400,13200,61600,39600,26400,17600,26400,13200,13200,8800,26400,30800,17600,5852,1452,8800,1452,8800,1452,,,8800,17600,,10252,1452,17600,,8800,,48400,57200,39600,26400,35200,39600,,,4400,1452,35200,26400,44000,48400,,8800,22000,66000,17600,30800
Thalassiosira,"Thalassiosira angulata (large, >20µm)",22000,,2904,,13200,2904,1452,2904,8800,1452,4400,8800,4400,4400,1452,7304,1452,13200,2904,1452,8800,35200,2904,8800,8800,,1452,,30800,17600,2904,13200,4400,,2904,2904,2904,13200,8800,13200,8800,,4400,35200,8800,44000,,8800,13200,4400,13200,1452,13200,39600,48400,22000,26400,13200,22000,48400,8800,13200,30800,1452,,2904,,,22000,13200,13200,2904,,1452,2904,2904,8800,4400,,4400,88000,211200,88000,22000,,,,,,1452,8800,5852,1452,1452,1452,,4400,17600,22000,4400,22000,4400,,1452,,8800,1452,,1452,1452,4400,13200,8800,22000,4400,13200,,2904,4400,2904,1452,,2904,4400,,1452,1452,,,1452,44000,,1452,,5852,26400,10252,8800,,,2904,,,1452,1452,4400,,,,4400,1452,1452,2904,17600,13200,,2904,,,1452,4400,,,1452,4400,1452,1452,1452,1452,2904,8800,1452,2904,2904,1452,22000,,1452,2904,748,,,,,5852,,2904,,1452,2904,,,8800,,,2904,,2904,13200,1452,1452,1452,2904,8800,1452,2904,8800,2904,8800,1452,1452,8800,4400,1452,1452,13200,13200,1452,8800,4400,,,,8800,1452,,,1452,,2904,1452,1452,8800,1452,,,4400,8800,,2904
,Thalassiosira bioculata,,,,,,,,,,,39600,,,,,,,,,,,,,,,,,,,,,,,,,,,,,,,,,,,,,,,,,,,,,,,,,,,,,,,,,,,,,,,,,,,,,,,,,,,,,,,,,,,,,,,,,,,,,,,,,,,,,,,,,,,,,,,,,,,,,,,,,,,,,,,,,,,,,,,,,,,,,,,,,,,,,,,,,,,,,,,,,,,,,,,,,,,,,,,,,,,,,,,,,,,,,,,,,,,,,,,,,,,,,,,,,,,,,,,,,,,,,,,,,,,,,
,Thalassiosira eccentrica,,,,,,,,,,,,,,,,,,,,,,,,,,,,,,,,,,,,,,,,,,,,,,,,,,,,,,,,,,,,,,,,,,,,,,,,,,,,,,,,,,,,,,,,,,,,,,,,,,,,,,,,,,,,,,,,,,,,,,,,,,,,,,,,,,,,,,,,,,,,,,,,,,,,,,,,,,,,,,,,,,,,,,,,,,,,,,,,,,,,,,,,,,,,,,,,,,,,,,,,,,,,,,,,,,,,,,,,,,,,,,,,,,,,,,,,,,,,,,,,
,Thalassiosira hyalina,,,,,,,,,,,,,,,,,,,,,,,,,,,,,,,,,,,,,,,,,,,,,,,,,,,,,,,,,,,,,,,,,,,,,,,,,,,,,,,,,,,,,,,,,,,,,,,,,,,,,,,,,,,,,,,,,,,,,,,,,,,,,,,,,,,,,,,,,,,,,,,,,,,,,,,,,,,,,,,,,,,,,,,,,,,,,,,,,,,,,,,,,,,,,,,,,,,,,,,,,,,,,,,,,,,,,,,,,,,,,,,,,,,,,,,,,,,,,,,,
,Thalassiosira nordenskioldii,,,,,,,,,,,,,,,,,,,,,,,,,,,,,,,,,,,,,,,,,,,,,,,,,,,,,,,,,,,,,,,,,,,,,,,,,,,,,,,,,,,,,,,,,,,,,,,,,,,,,,,,,,,,,,,,,,,,,,,,,,,,,,,,,,,,,,,,,,,,,,,,,,,,,,,,,,,,,,,,,,,,,,,,,,,,,,,,,,,,,,,,,,,,,,,,,,,,,,,,,,,,,,,,,,,,,,,,,,,,,,,,,,,,,,,,,,,,,,,,
,Thalassiosira rotula,,,,,,,,,,,,,,,,,,,,,,,,,,,,,,,,,,,,,,,,,,,,,,,,,,,,,,,,,,,,,,,,,,,,,,,,,,,,,,,,,,,,,,,,,,,,,,,,,,,,,,,,,,,,,,,,,,,,,,,,,,,,,,,,,,,,,,,,,,,,,,,,,,,,,,,,,,,,,,,,,,,,,,,,,,,,,,,,,,,,,,,,,,,,,,,,,,,,,,,,,,,,,,,,,,,,,,,,,,,,,,,,,,,,,,,,,,,,,,,,
,Thalassiosira weissflogii,,,,,1452,,,,,,,,,,1452,,,4400,,,22000,30800,17600,22000,17600,,8800,,,,13200,1452,52800,,,,,,,1452,13200,,,22000,,8800,4400,44000,,,30800,,22000,22000,30800,26400,17600,13200,13200,,,17600,,,,,,,,,,,,,,,,,,,,,,,,,,,,,,,,,,,,,,,,,,,,8800,8800,,,,,,,,13200,4400,,1452,,,4400,,1452,,,,,1452,,1452,,,2904,4400,4400,13200,17600,8800,,8800,1452,4400,,,1452,,,,,,,,1452,,,1452,,,,,1452,,,,,1452,,,1452,,,,,,,,1452,,,,,,1452,,2904,,2904,,,,,,,,,,1452,,,,,2904,30800,4400,2904,1452,,1452,1452,1452,4400,1452,2904,1452,,8800,4400,1452,1452,,,8800,,1452,,,1452,1452,,,,,,1452,8800,,,,4400,
,auxospore of Thalassiosira,,,,,,,,,,,,,,,,,,,,,,,,,,,,,,,,,,,,,,,,,,,,,,,,,,,,,,,,,,,,,,,,,,,,,,,,,,,,,,,,,,,,,,,,,,,,,,,,,,,,,,,,,,,,,,,,,,,,,,,,,,,,,,,,,,,,,,,,,,,,,,,,,,,,,,,,,,,,,,,,,,,,,,,,,,,,,,,,,,,,,,,,,,,,,,,,,,,,,,,,,,,,,,,,,,,,,,,,,,,,,,,,,,,,,,,,,,,,,,,,
,"Thalassiosira spp.1 (medium-large, 15-20µm",8800,8800,13200,39600,13200,8800,22000,8800,4400,1452,,17600,8800,13200,17600,4400,13200,30800,8800,8800,44000,26400,13200,30800,30800,30800,35200,13200,13200,35200,13200,8800,30800,22000,17600,22000,13200,8800,,13200,13200,8800,,114400,8800,228800,74800,334400,22000,,149600,35200,101200,198000,347600,171600,105600,132000,52800,17600,22000,88000,57200,30800,4400,8800,4400,4400,13200,13200,13200,17600,,26400,22000,22000,30800,17600,22000,4400,30800,8800,,,,1452,,,8800,8800,17600,13200,8800,13200,22000,8800,52800,52800,83600,22000,4400,8800,22000,2904,13200,39600,17600,8800,39600,26400,13200,13200,8800,22000,17600,35200,22000,22000,13200,26400,1452,,,13200,,1452,,,,2904,44000,,13200,17600,13200,39600,52800,26400,,22000,,,,13200,4400,8800,,8800,,,8800,8800,4400,88000,22000,13200,13200,1452,,,4400,,,,,1452,,,,,,,1452,,,8800,8800,1452,4400,,1452,4400,,4400,1452,4400,1452,4400,1452,,4400,8800,13200,4400,4400,17600,,4400,22000,,1452,1452,17600,22000,1452,4400,4400,8800,4400,8800,13200,4400,8800,13200,1452,7304,13200,8800,8800,4400,,1452,13200,8800,,8800,4400,13200,1452,1452,8800,13200,22000,8800,8800,4400,8800,8800,,8800
,"Thalassiosira spp.2 (medium-small, 10-15µm)",35200,13200,8800,39600,13200,22000,22000,4400,4400,13200,,52800,13200,35200,13200,26400,26400,57200,8800,8800,13200,26400,35200,17600,13200,52800,110000,52800,52800,39600,92400,92400,52800,79200,61600,17600,26400,17600,22000,26400,8800,8800,17600,61600,66000,264000,96800,316800,74800,13200,360800,79200,171600,488400,391600,224400,242000,462000,44000,39600,39600,48400,48400,44000,13200,61600,26400,13200,22000,35200,8800,22000,17600,57200,30800,26400,8800,26400,17600,8800,8800,26400,4400,,,,,8800,35200,52800,17600,4400,4400,4400,61600,26400,57200,52800,136400,35200,88000,88000,22000,66000,13200,118800,17600,30800,149600,30800,132000,44000,66000,22000,8800,74800,132000,39600,66000,39600,30800,57200,66000,17600,4400,,1452,2904,,1452,44000,,44000,57200,66000,66000,30800,30800,,44000,22000,1452,,13200,8800,17600,4400,17600,,,13200,8800,13200,132000,44000,26400,13200,,,,8800,,,,,,,8800,1452,,26400,,13200,1452,22000,22000,2904,4400,4400,8800,13200,8800,22000,17600,1452,13200,1452,4400,4400,4400,4400,4400,13200,8800,8800,8800,8800,8800,8800,8800,13200,17600,4400,8800,13200,8800,8800,8800,8800,1452,22000,17600,17600,35200,4400,8800,8800,8800,4400,1452,22000,1452,26400,26400,13200,35200,13200,8800,1452,1452,22000,17600,22000,8800,4400,4400,13200,8800,,8800
,"Thalassiosira spp.3 (small, <10µm)",26400,39600,57200,26400,52800,61600,44000,35200,17600,17600,,88000,57200,57200,66000,66000,79200,57200,13200,35200,118800,88000,52800,70400,30800,114400,176000,79200,79200,74800,145200,92400,,57200,52800,57200,70400,39600,44000,39600,30800,8800,17600,88000,44000,299200,105600,426800,57200,17600,136400,114400,118800,611600,576400,536800,497200,752400,66000,57200,57200,127600,105600,114400,48400,52800,30800,22000,61600,35200,39600,22000,48400,79200,114400,184800,118800,66000,22000,17600,35200,22000,,8800,,8800,44000,35200,48400,52800,22000,26400,8800,114400,96800,26400,79200,127600,330000,52800,2860000,9284000,836000,5104000,484000,184800,57200,83600,154000,92400,1540000,2904000,352000,132000,440000,198000,220000,88000,74800,79200,308000,1892000,484000,39600,52800,792000,88000,22000,,74800,264000,,110000,136400,105600,118800,140800,145200,,22000,8800,,,30800,13200,35200,22000,30800,,,48400,39600,39600,352000,88000,52800,26400,13200,,8800,2640000,352000,22000,22000,,,,52800,17600,17600,22000,4400,8800,30800,44000,35200,13200,22000,22000,35200,13200,39600,26400,30800,22000,8800,8800,13200,26400,22000,26400,22000,30800,8800,22000,13200,8800,22000,30800,8800,35200,26400,8800,8800,26400,8800,17600,30800,26400,8800,30800,17600,17600,48400,4400,13200,26400,22000,26400,30800,17600,57200,79200,17600,22000,74800,26400,22000,57200,39600,74800,30800,57200,30800,52800,57200,48400,61600,13200,17600
Thalassiothrix,Thalassiothrix longissima,,,,,,,,,,,,,,,,,,,,,,,,,,,,,,,,,,,,,,,,,,,,,,,,,,,,,,,,,,,,,,,,,,,,,,,,,,,,,,,,,,,,,,,,,,,,,,,,,,,,,,,,,,,,,,,,,,,,,,,,,,,,,,,,,,,,,,,,,,,,,,,,,,,,,,,,,,,,,,,,,,,,,,,,,,,,,,,,,,,,,,,,,,,,,,,,,,,,,,,,,,,,,,,,,,,,,,,,,,,,,,,,,,,,,,,,,,,,,,,,
Trachyneis,Trachyneis aspera,,,,,,,,,,,,,,,,,,,,,,,,,,,,,,,,,,,,,,,,,,,,,,,,,,,,,,,,,,,,,,,,,,,,,,,,,,,,,,,,,,,,,,,,,,,,,,,,,,,,,,,,,,,,,,,,,,,,,,,,,,,,,,,,,,,,,,,,,,,,,,,,,,,,,,,,,,,,,,,,,,,,,,,,,,,,,,,,,,,,,,,,,,,,,,,,,,,,,,,,,,,,,,,,,,,,,,,,,,,,,,,,,,,,,,,,,,,,,,,,
Triceratium,Triceratium spp.,,,,,,,,,,,,,,,,,,,,,,,,,,,,,,,,,,,,,,,,,,,,,,,,,,,,,,,,,,,,,,,,,,,,,,,,,,,,,,,,,,,,,,,,,,,,,,,,,,,,,,,,,,,,,,,,,,,,,,,,,,,,,,,,,,,,,,,,,,,,,,,,,,,,,,,,,,,,,,,,,,,,,,,,,,,,,,,,,,,,,,,,,,,,,,,,,,,,,,,,,1452,,,,,,,,,,,,,,,,,,,,,,,,,,,,,,,,,,,,,,,
Trigonium,Trigonium spp.,,,,,,,,,,,,,,,,,,,,,,,,,,,,,,,,,,,,,,,,,,,,,,,,,,,,,,,,,,,,,,,,,,,,,,,,,,,,,,,,,,,,,,,,,,,,,,,,,,,,,,,,,,,,,,,,,,,,,,,,,,,,,,,,,,,,,,,,,,,,,,,,,,,,,,,,,,,,,,,,,,,,,,,,,,,,,,,,,,,,,,,,,,,,,,,,,,,,,,,,,,,,,,,,,,,,,,,,,,,,,,,,,,,,,,,,,,,,,,,,
Toxarium ,Toxarium spp.,,,,,,,,,,,,,,,,,,,,,,,,,,,,,,,,,,,,,,,,,,,,,,,,,,,,,,,,,,,,,,,,,,,,,,,,,,,,,,,,,,,,,,,,,,,,,,,,,,,,,,,,,,,,,,,,,,,,,,,,,,,,,,,,,,,,,,,,,,,,,,,,,,,,,,,,,,,,,,,,,,,,,,,,,,,,,,,,,,,,,,,,,,,,,,,,,,,,,,,,,,,,,,,,,,,,,,,,,,,,,,,,,,,,,,,,,,,,,,,,
diatom1,"unknown diatom, six-horn star shape, ~10um)",,,,,,,,,,,,,,,,,,,,,,,,,,,,,,,,,,,,,,,,,,,,,,,,,,,,,,,,,,,,,,,,,,,,,,,,,,,,,,,,,,,,,,,,,,,,,,,,,,,,,,,,,,,,,,,,,,,,,,,,,,,,,,,,,,,,,,,,,,,,,,,,,,,,,,,,,,,,,,,,,,,,,,,,,,,,,,,,,,,,,,,,,,,,,,,,,,,,,,,,,,,,,,,,,,,,,,,,,,,,,,,,,,,,,,,,,,,,,,,,
Other diatoms,Other diatoms,,,,,,,,,,,,,,,,,,,,,,,,,,,,,,,,,,,,,,,,,,,,,,,,,,,,,,,,,,,,,,,,,,,,,,,,,,,,,,,,,,110000,633600,492800,88000,101200,,44000,,13200,,,,,,,,,,,,,,,,,,,,,,,,,,,,,,,,,,,,,,,,,,,,,,,,,,,,,,,,,,,,,,,,,,,,,,,,,,,,,,,,,,,,,,,,,,,,,,,,,,,,,,,,,,,,,,2904,,,,,,,,,,,,,,,,,,,,,,,,,,,,,,,,,,,,,,,,
,,,,,,,,,,,,,,,,,,,,,,,,,,,,,,,,,,,,,,,,,,,,,,,,,,,,,,,,,,,,,,,,,,,,,,,,,,,,,,,,,,,,,,,,,,,,,,,,,,,,,,,,,,,,,,,,,,,,,,,,,,,,,,,,,,,,,,,,,,,,,,,,,,,,,,,,,,,,,,,,,,,,,,,,,,,,,,,,,,,,,,,,,,,,,,,,,,,,,,,,,,,,,,,,,,,,,,,,,,,,,,,,,,,,,,,,,,,,,,,,,
Dinoflagellate,,,,,,,,,,,,,,,,,,,,,,,,,,,,,,,,,,,,,,,,,,,,,,,,,,,,,,,,,,,,,,,,,,,,,,,,,,,,,,,,,,,,,,,,,,,,,,,,,,,,,,,,,,,,,,,,,,,,,,,,,,,,,,,,,,,,,,,,,,,,,,,,,,,,,,,,,,,,,,,,,,,,,,,,,,,,,,,,,,,,,,,,,,,,,,,,,,,,,,,,,,,,,,,,,,,,,,,,,,,,,,,,,,,,,,,,,,,,,,,,,
Akashiwo,Akashiwo sanguinea,,,,,,,,,,,,,,,,,,,,,,,,,,,,,,,,,,,,,,,,,,,,,,,,,,,,,,,,,,,,,,,,,,,,,,,,,,,,,,,,,,,,,,,,,,,,,,,,,,,,,,,,,,,,,,,,,,,,,,,,,,,,,,,,,,,,,,,,,,,,,,,,1452,,,,,,1452,,,,,,,,,,,,,,,,,,,,,,,,,,,,,,,,,,,,,,,,,,,,,,,,,,,,,,,,,,,,,,,,,,,,,,,,,,,,,,,,,,,,,,,,,,
Alexandrium,Alexandrium spp.,,,,,1452,,,,,,,8800,,1452,1452,,,1452,,1452,,,,,,,,,,,,,,,,,,,,,,,,,,,,,,1452,4400,4400,,2904,,,1452,,1452,,,,1452,,,,,,,,,1452,,,,,,,,,,,,,,1452,,,,,,,,,,,,,,,,,,,,,,,,,,,,,,,,,,,13200,22000,13200,,,,4400,4400,,2904,,1452,,,,,,8800,,,,4400,,1452,,,,,,,,,,,,,,,,,,,,,,,,,,,,,,,730.4,,,,,,,,,,,1452,,,,,,,,,,,,,,,,,,,,,,,,,,,,,,,,,,,,,,,,,,,,,,,,,,,,,,
,Alexandrium tamarense,,,,,,,,,,,,,,,,,,,,,,,,,,,,,,,,,,,,,,,,,,,,,,,,,,,,,,,,,,,,,,,,,,,,,,,,,,,,,,,,,,,,,,,,,,,,,,,,,,,,,,,,,,,,,,,,,,,,,,0,,,,,,,,,,,,,,,,,,,,,,,,,,,,,,,,,,,,,,,,,,,,,,,,,,,,,,,,,,,,,,,,,,,,,,,,,,,,,,,,,,,,,,,,,,,,,,,,,,,,,,,,,,,,,,,,,,,,,,,,,,
Amphidinium,Amphidinium crassum,,,,,,,,,,,,,,,,,,,,,,,,,,,,,,,,,,,,,,,,,,,,,,,,,,,,,,,,,,,,,,,,,,,,,,,,,,,,,,,,,,,,1452,,,,,,,,,,,,,,,,,1452,4400,,2904,,,,,1452,,1452,1452,1452,,,,,1452,1452,,,,,,,,,,,,,,,,,,,2904,,,,,,,1452,1452,,,,,1452,,,4400,,,,,,,1452,,,,,,,,,1452,,,1452,1452,,,,,,,,,,,,1452,,,,,,,,,1452,,1452,,,1452,,,,1452,,,1452,,,,,,,,,,,,,,,,,,,,,,,,,,,,,,,,,
,Amphidinium carterae,,,,,,,,,,,,,,,,,,,,,,,,,,,,,,,,,,,,,,,,,,,,,,,,,,,,,,,,,,,,,,,,,,,,,,,,,,,,,,,,,,,,,,,,,,,,,,,,,,,,,,,,,,,,,,,,,,,,,,,,,,,,,,,,,,1452,,,,,,,,,,,,,,8800,,,,,,,,,,,,,,,,,,,,,,,,,,,,,,,,,,,,,,,,1452,,,1452,,,,,,1452,,,,,,,,,,,1452,,,,,,,,,,,,,,,,,,,,,,,,,,,704,,,,,,,,,
Ceratium,Ceratium fusus,,,,,,,,,,,,,,,,,,,,,,,,,,,,,,,,,,,,,,,,,,,,,,,,,,,,,,,,,,,,,,,,,,,,,,,,,,,,,,,,,,,,,,,,,,,,,,,,,,,,,,,,,,,,,,,,,,,,,,,,,,,,,,,,,,,,,,,,,,,,,,,4400,,,,,,,,,,,,,,,,,,,,,,,,,,,,,,,,,,,,,,,,,,,,,,,,,,,,,,,,,,,,,,,,,,,,,,,,,,,,,,,,,,,,,,,,,,,,,,,,,
,Ceratium spp.,,,,,,,,,,,,,,,,,,,,,,,,,,,,,,,,,,,,,,,,,,,,,,,,,,,,,,,,,,,,,,,,,,,,,,,,,,,,,,,,,,,,,,,,,,,,,,,,,,,,,,,,,,,,,,,,,,,,,,,,,,,,,,,,,,,,,,,,,,,,,,,,,,,,,,1452,,,,,,,,,,1452,,,,,,,,,,,,,,,,,,,,,,1452,,,,,,,,,,,,,,,,,,,,,,,,,,,,,,,,,,,,,,,,,,,,,,,,,,,,,,,,,,
Cochlodinium,Cochlodinium spp.,,,,1452,,,1452,,,,,,,,1452,,1452,,,,,,,,,1452,,,,,,,,,,,,,,,,,,,,,,,,,,,,,,,,,,,1452,,,,,,,,,,,,,,,,,,,,2904,,,,,,,,,,,,,,,,,,,,,,,,,,,,,,,,,,,,,,,,,,,,1452,1452,,,,,,1452,,,,,,,,,,,,,,,,,,,1452,,,,,,,,,,1452,,,,,,,,,,,,,,,,,,,,,1452,,,,,,,,,,,,,,,,,,,,,,,,,,,,,,,,,,,,,,,,,,,,,,,,,,,,,,,,,,
Coolia,Coolia spp.,,,,,,,,,,,,,,,,,,,,,,,,,,,,,,,,,,,,,,,,,,,,,,,,,,,,,,,,,,,,,,,,,,,,,,,,,,,,,,,,,,,,,,,,,,,,,,,,,,,,,,,,,,,,,,,,,,,,,,,,,,,,,,,,,,,,,,,,,,,,,,,,,,,,,,,,,,,,,,,,,,,,,,,,,,,,,,,,,,,,,,,,,,,,,,,,,,,,,,,,,,,,,,,,,,,,,,,,,,,,,,,,,,,,,,,,,,,,,,,,
Dinophysis,Dinophysis acuminata,,,,,,,,,,,,,,,,,,,,,,,,,,,,,,,,,,,,,,,,,,,,,,,,,,,,,,,,,,,,,,,,,,,1452,,,,,,,,,,,,,,,,,,,,,,,,,1452,,,,,,,,,,8800,4400,1452,1452,,,,1452,,,,,,,,1452,1452,,,4400,2904,1452,1452,10252,13200,,4400,,,4400,1452,,,,1452,,4400,,,2904,1452,2904,2904,,,,,,,,,,,,,,,,,,,,,,,,,,,,,1452,,,,,,,,,,,,,,,,,,,,,,,,,,,,,1452,,,,,,,,,,,,,,,,,,,,,,,,,,,,,,,,,,,,,,
,Dinophysis miles,,,,,,,,,,,,,,,,,,,,,,,,,,,,,,,,,,,,,,,,,,,,,,,,,,,,,,,,,,,,,,,,,,,,,,,,,,,,,,,,,,,,,,,,,,,,,,,,,,,,,,,,,,,,,,,,,,,,,,,,,,,,,,,,,,,,,,,,,,,,,,,,,,,,,,,,,,,,,,,,,,,,,,,,,,,,,,,,,,,,,,,,,,,,,,,,,,,,,,,,,,,,,,,,,,,,,,,,,,,,,,,,,,,,,,,,,,,,,,,,
,Dinophysis norvegica,,,,,,,,,,,,,,,,,,,,,,,,,,,,,,,,,,,,,,,,,,,,,,,,,,,,,,,,,,,,,,,,,,,,,,,,,,,,,,,,,,,,,,,,,,,,,,,,,,,,,,,,,,,,,,,,,,,,,,,,,,,,,,,,,,,,,,,,,,,,,,,,,,,,,,,,,,,,,,,,,,,,,,,,,,,,,,,,,,,,,,,,,,,,,,,,,,,,,,,,,,,,,,,,,,,,,,,,,,,,,,,,,,,,,,,,,,,,,,,,
Diplopsalis,Diplopsalis lenticula,,,,,,,,,,,,,,,,,,,,,,,,,,,,,,,,,,,,,,,,,,,,,,,,,,,,,,,,,,,,,,,,,,,,,,,,,,,,,,,,,,,,,,,,,,,,,,,,,,,,,,,,,,,,,,,,,,,,,,,,,22000,4400,1452,,,,,4400,,,,8800,,,,,1452,1452,,,,,,,,,,,,,,,,,,,,,,,,,,,,,,,,,,,,,,,,,,,,,,,,,,,,,,,,,,,,,,,,,,,,,,,,,,,,,,,,,,,,,,,,,,,,,,,,,,,,,,
Gambierdiscus,Gambierdiscus toxicus,,,,,,,,,,,,,,,,,,,,,,,,,,,,,,,,,,,,,,,,,,,,,,,,,,,,,,,,,,,,,,,,,,,,,,,,,,,,,,,,,,1452,1452,,1452,,,,,,,,,,,,,,,,,,,,2904,1452,,,,,,,,,,,,,,,,,,,,,,,,1452,,,,,,,,1452,,,,,,1452,8800,,,1452,,,,,,,,,,,,4400,,,,,,,,,,,,,,,,,,,,,,,,,,,,,,,,,,,,,1452,,,,,,,,,,,,,,,,,,,,,,,,,,,,,,,,,,,,,,,,,,,
Gonyaulax,Gonyaulax spp.,,,,,,,,,,,,,,,,,,,,,,,,,,,,,,,,,,,,,,,,,,,,,,,,,,,,,,,,,,,,,,,,,,,,,,,,,,,,,,,,,,,,,,,,,,,,,,,,,,,,,,,1452,,,,,,,,,,,,,,,,,,,,,,,,,,,,,,,,,,,,,,,4400,4400,,17600,,,,,,,,,,,1452,,,,,,,,,,,,,,,,,,,,,,,,,,,,,,,,,,,,,,,,,,,,,,,,,,,,,,,,,,,,,,,,,,,1452,,,,,,,,,,,,,,,,,
,Gonyaulax polygramma,,,,,,,,,,,,,,,,,,,,,,,,,,,,,,,,,,,,,,,,,,,,,,,,,,,,,,,,,,,,,,,,,,,,,,,,,,,,,,,,,,,,,,,,,,,,,,,,,,,,,,,,,,,,,,,,,,,,,,,,,,,,,,,,,,,,,,,,,,,,,,,,,,,,,,,,,,,,,,,,,,,,,,,,,,,,,,,,,,,,,,,,,,,,,,,,,,,,,,,,,,,,,,,,,,,,,,,,,,,,,,,,,,,,,,,,,,,,,,,,
,Gonyaulax verior,,,,,,,,,,,,,,,,,,,,,,,,,,,,,,,,,,,,,,,,,,,,,,,,,,,,,,,,,,,,,,,,,,,,,,,,,,,,,,,,,,,,,,,,,,,,,,,,,,,,,,,,,,,,,,,,,,,,,,,,,,,,,,,,,,,,,,,,,,,,,,,,,,,,,,,,,,,,,,,,,,,,,,,,,,,,,,,,,,,,8800,,,,,,,,,,,,,,,,,,,,,,,,,,,,,,,,,,,,,,,,,,,,,,,,,,,,,,,,,,,,
Gymnodinium,Gymnodinium spp.,,,,1452,,,,,,,,,,,1452,,1452,,,,,,,,1452,,,8800,,,,,2904,,,,,1452,1452,,,,2904,,,,,,,,,,2904,,1452,,1452,,,,,1452,,,,,,,,,1452,,,,,,,,,,,13200,2904,,,2904,,1452,,,,,,,,1452,1452,,,,1452,17600,13200,22000,,8800,,,,,1452,13200,1452,,,8800,,,2904,1452,8800,13200,,,,,4400,1452,,,22000,,8800,,,,,,,,4400,4400,22000,,30800,,,,,,22000,,,1452,,,,,,4400,4400,,,,,1452,,4400,,1452,,,,1452,,,1452,,,,,1452,,,1452,,,1452,,,,,,,1452,,,,,,1452,,1452,,1452,,,,,,1452,,,1452,,,2904,1452,,,1452,,,,,1452,,,,,,,,,,,,,,1452
Gyrodinium,Gyrodinium instriatum,,,,,,,,,,,,,,,,,,,,,,,,,,,,,,,,,,,1452,,,,,1452,,,,,,,,,,,,,,,,,,,,,,,,,,,,,,,,,,,,,,,,,,,,,1452,,1452,,,,,,,,,,,,,,,,,,,,,,,,,,,,,,,,,,,,,,,,,,,,,,,,,,,,,,,,,,,,,,,,,,,,,,,,,,,,,,,,,,,,,,,,,,,,,,,,,,,,,,,,,,,,,,,,,,,,,,,,,,,,,,,,,,,,,,,,,,,,,,,,,,,,,,,,,
,Gyrodinium spirale,,,,,,,,,,,,,,,,,,,,,,,,,,,,,,,,,,,,,,,,,,,,,,,,,,,,,,,,,,,,,,,,,,,,,,,,,,,,,,,,,,,,,,,,,,,,,,,,8800,,,,,1452,,,,,,,,,,,1452,,,,1452,,,,,,1452,,,,,1452,,,1452,,2904,,,1452,1452,1452,,,,1452,,,,,1452,,,,,,,,,,,,,,,,,,,,,,,,,,,,,,,,,,,,,,1452,,,,726,1452,,,,,,,,,,,,,,,,,,,,,,,1452,,,,,,,,,,,1452,,,,,,,,,,,,,,,,,
Heterocapsa,Heterocapsa triquetra,,,,,,,,,,,,1452,,1452,,,,,,1452,,,,,,,,,,,,,,,,,,,,,,,,,,,,,,,,,,,,,,,,,,,,,,,,,,,,,,,,,,,,,,,,,,,,,,,,,,,,,,,,,22000,5852,,1452,,,,,,,,1452,,,,,,,,,17600,8800,4400,,,,4400,,,,8800,4400,1452,,,1452,,,,,4400,8800,22000,,,,,,,,13200,,,,,,,,,,22000,,,,1452,,1452,17600,,1452,,,,,,,,,,,1452,,,,,,,,1452,,,,,,,,,,,,,,,,1452,,,,,,,,,,,,,,,,,,,,,,,,,,,,,,,,,,,
,Heterocapsa circularisquama,13200,88000,70400,,,,8800,13200,,8800,8800,8800,13200,,1452,1452,5852,4400,,,17600,,8800,,,1452,13200,48400,,,17600,1452,8800,1452,,,,,,,2904,,8800,2904,1452,8800,8800,8800,,,8800,,8800,,,4400,1452,,,,8800,13200,22000,,,1452,,,,,8800,,,,,,,,,,8800,13200,1452,,,,2904,8800,,,,,,1452,,,,,,,176000,44000,13200,22000,,4400,,,,8800,4400,8800,,,,4400,,1452,2904,1452,57200,136400,66000,,8800,17600,66000,1452,,1452,22000,8800,,,,,,4400,,,26400,4400,26400,22000,13200,,,,,,26400,,,,,,,,,,,1452,,,,26400,,,,1452,,1452,,1452,1452,1452,,,,,8800,,2904,,2904,,,,17600,1452,17600,4400,1452,2904,8800,35200,,,,13200,,,,,,,,1452,,,,8800,4400,,1452,,,,1452,,1452,,13200,2904,,,13200,2904,,1452,,1452,,,,,,,,1452
Karenia,Karenia brevis-like,,,,,,,,,,,,,,,,,,,,,,,,,,,,,,,,,,,,,,,,,,,,,,,,,,,,,,,,,,,,,,,,,,,,,,,,,,,,,,,,,,,,,,,,,,,,,,,,,,,,,,,,,,,,,,,,,,,,,,,,,,,,,,,,,,,,,,,,,,,,,,,,,,,,,,,,,,,,,,,,,,,,,,,,,,,,,,,,,,,,,,,,,,,,,,,,,,,,,,,,,,,,,,,,,,,,,,,,,,,,,,,,,,,,,,,,,,,,,,,,
Katodinium,Katodinium glaucum,,,,,,,,,,,,,,,,,,,,,,,,,,,,,,,,,,,,,,,,,,,,,,,,,,,,,,,,,,,,,,,,,,,,,,,,,,,,,,,,,,,,,,,,,,,,,,,,,,,,,,,,,,,,,,,,,,,,,,,,,,,,,,,,,,,,,,,,,,,,,,,,,,,,,,,,,,,,,,,,,,,,,,,,,,,,,,,,,,,,,,,,,,,,,,,,,,,,,,,,,,,,,,,,,,,,,,,,,,,,,,,,,,,,,,,,,,,,,,,,
Noctiluca,Noctiluca scintillans,,,,,,,,,,,,,,,,,,,,,,,,,,,,,,,,,,,,,,,,,,,,,,,,,,,,,,,,,,,,,,,,,,,,,,,,,,,,,,,,,,,,,,,,,,,,,,,,,,,,,,,,,,,,,,,,,,,,,,,,,,,,,,,,,,,,,,,,,,,,,,,,,,,,,,,,,,,,,,,,,,,,,,,,,,,,,,,,,,,,,,,,,,,,,,,,,,,,,,,,,,,,,,,,,,,,,,,,,,,,,,,,,,,,,,,,,,,,,,,,
Oblea ,Oblea rotunda,,,,,,,,,,,,,,,,,,,,,,,,,,,,,,,,,,,,,,,,,,,,,,,,,,,,,,,,,,,,,,,,,,,,,,,,,,,,,,,,,,,,,,,,,,,,,,,,,,,,,,,,,,,,,,,,,,,,,,,,,,4400,4400,1452,,,,2904,,,,,,,,,,,,,,,,,,,,,,,,,,,,,,,,,,,,,,,,,,,,,,,,,,,,,,,,,,,,,,,,,,,2904,,,,1452,,,,,,,,,,,,,,,,,,,,,,,,,,,,,,,,,,,,,,,,,
Oxyrrhis,Oxyrrhis marina,,,,,,,,,,,,,,,,,,,,,,,,,,,,,,,,,,,,,,,,,,,,,,,,,,,,,,,,,,,,,,,,,,,,,,,,,,,,,,,,,,,,,,,,,,,,,,,,,,,,,,,,,,,,,,,,,,,,,,,,,,,,,,,,,,,,,,,,,,,,,,,,,,,,,,,,,,,,,,,,,,,,,,,,,,,,,,,,,,,,,,,,,,,,,,,,,,,,,,,,,,,,,,,,,,,,,,,,,,,,,,,,,,,,,,,,,,,,,,,,
Oxytoxum,Oxytoxum spp.,,,,,,,,,,,,,,,,,,,,,,,,,,,,,,,,,,,,,,,,,,,,,,,,,,,,,,,,,,,,,,,,,,,,,,,,,,,,,,,,,,,,,,,,,,,,,,,,,,,,,,,,,,,,,,,,,,,,,,,,,,,,,,,,,,,,,,,,,,,,,,,,,,,,,,,,,,,,,,,,,,,,,,,,,,,,,,,,,,,,,,,,,,,,,,,,,,,,,,,,,,,,,,,,,,,,,,,,,,,,,,,,,,,,,,,,,,,,,,,,
Peridiniella,Peridiniella spp.,,,,,,,,,,,,,,,,,,,,,,,,,,,,,,,,,,,,,,,,,,,,,,,,,,,,,,,,,,,,,,,,,,,,,,,,,,,,,,,,,,,,,,,,,,,,,,,,,,,,,,,,,,,,,,,,,,,,,,,,,,,,,,,,,,,,,,,,,,,,,,,,,,,,,,,,,,,,,,,,,,,,,,,,,,,,,,,,,,,,,,,,,,,,,,,,,,,,,,,,,,,,,,,,,,,,,,,,,,,,,,,,,,,,,,,,,,,,,,,,
Peridinium,Peridinium quinquecorne,,,,,,,,,,,,,,,,,,,,,,,,,,,,,,,,,,,,,,,2904,,,,,,,,,,,,,,,,,,,,,,,,,,,,,,,,,,,,,,,,,,,,,,,,,,,,,,,,,,,,,,,,,,1452,,,,,,,,,,,,,,,,,,,,,,,,,,,,,,,,,,,,,,,,,,,,,,,,,,,,,,,,4400,8800,,,,,,,,,,,,,,,,,,,,,,,,,,,,,1452,,,,,,,,,,,,,,,,,,,,,,,,,,,,,,,,,,,,,,,,,,,,,,,,,
,Pfiesteria-like,,,,,,,,,,,,,,,,,1452,,,,,,,,,,,,,,,,,,,,,,,1452,,,1452,,,,,,,,,,,,,,,,,,1452,,,,,1452,,,,,1452,,,,,,,,,,,,1452,1452,1452,8800,2904,1452,,,13200,,,,,,,,,1452,,,,,,,,,,,,1452,,,1452,,,,,,,4400,,,,,1452,,,,,1452,,,,,,,,,1452,48400,35200,4400,8800,,,,,,,,,,,,,,,,1452,1452,,4400,,1452,,22000,,8800,,,,,,1452,,,,,4400,,,1452,,1452,1452,,,,,,,1452,1452,,1452,,,,1452,,1452,,1452,,1452,,8800,,1452,8800,,,,,2904,1452,,,,,1452,1452,,,,,,,,,,,,,,,,1452
Pheopolykrikos ,Pheopolykrikos hartmannii,,,,,,,,,,,,,,,,,,,,,,,,,,,,,,,,,,,,,,,,,,,,,,,,,,,,,,,,,,,,,,,,,,,,,,,,,,,,,,,,,,,,,,,,,,,,,,,,,,,,,,,,,,,,,,,,,,,,,,,,,,,,,,,,,,,,,,,,,,,,,,,,,,,,,,,,,,,,,,,,,,,,,,,,,,,,,,,,,,,,,,,,,,,,,,,,,,,,,,,,,,,,,,,,,,,,,,,,,,,,,,,,,,,,,,,,,,,,,,,,
Polykrikos,Polykrikos spp.,,,,,,,,,,,,,,,,,,,,,,,,,,,,,,,,,,,,,,,,,,,,,,,,,,,,,,,,,,,,,,,,,,,,,,,,,,,,,,,,,,,,,,,,,,,,,,,,,,,,,2904,2904,,,,,,,,,1452,,,,,,,,,,,1452,,,,,,,,,,1452,,,,,,,,,,8800,1452,,2904,,,,,,,,,,,,,,,,,,,,,,,,,,,,,,,,,,,,,,,,,,,,,,,,,,,,,,,,,,,,,,,,,,,,,,,,,,,,,,,,,,,,,,,,,,,,,,,
Polykrikos,Polykrikos schwarzii,,,,,,,,,,,,,,,,,,,,,,,,,,,,,,,,,,,,,,,,,,,,,,,,,,,,,,,,,,,,,,,,,,,,,,,,,,,,,,,,,,,,,,,,,,,,,,,,,,,,,,,,,,,,,,,,,,,,,,,,,,,,,,,,,,,,,,,,,,,,,,,,,,,,,,,,,,,,,,,,,,,,,,,,,,,,,,,,,,,,,,,,,,,,,,,,,,,,,,,,,,,,,,,,,,,,,,,,,,,,,,,,,,,,,,,,,,,,,,,,
Prorocentrum,Prorocentrum balticum,,,,,1452,,,,,,,,,,,,,,,,,,,,,,,,,,,,,,,,,,,,,,,,,,,,,,,,,,,,,,,,,,,,,,,,,,,1452,,,,,,,,,,4400,,,,,1452,,,,,,,,,,,,,,,1452,,,,,,,,,,,,,,,,,,,,8800,1452,,,,,,,,,,,,,,,,,4400,1452,,,4400,,,,1452,,,,1452,,,,,,,,1452,2904,,,,,1452,8800,,,,,,,,,,,,,1452,,,,,1452,,,,,,,,,,,,,,,,,,,,,,,,,,,1452,1452,,,,,,,,,,,,,,1452,,,,,,,,,,,,,
,Prorocentrum emarginatum,2904,,,,,,,,,,,,,,,,,,,,,,,,,,,,,,,,,,,,,,,,,,,,,1452,,4400,,,,,,,,,,,,,,,,,,,,,,,,,,,,,,,,,,,,,,,,,,,,,,,,,,,,,,,,,,1452,,,,,,,,,,,,,,,,,,,,,,1452,,,,,,,,,,,,,,,,,,,,,,,,,,,,,,,,,,,,1452,2904,,13200,4400,,1452,,,,,,,,,,,,,,,,,,,,,,,,,,,,,,,,,,,,,,,,,,,,,,,,,,,,,,,,,,,,,,,,,,,,,,
,Prorocentrum dentatum(=P. donghaiense),,,,,,,,,,,,,,,,,,,,,,,,,,,,,,,,,,,,,,,,,,,,,,,,,,,,,,,,,,,,,,,,,,,,,,,,,,,,,,,,,,,,,,,,,,,,,,,,,,,,,,,,,,,,,,,,,,,,,,,,,,,,,,,,,,,,,,,,,,,,,,,,,,,,,,,,,,,,,,,,,,,,,,,,,,,,,,,,,,,,,,,,,,,,,,,,,,,,,,,,,,,,,,,,,,,,,,,,,,,,,,,,,,,,,,,,,,,,,,,,
,Prorocentrum lima,,,,,,,,,,,,,,,,,,,,,,,,,,,,,,,,,,,,,,,,,,,,,,,,,,,,,,,,,,,,,,,,,,,,,,,,,,,,,,,,,,,,,,,,,,,,,,,,,,,,,,,,,,,,,,,,,,,,,,,,,,,,,,,,,,,,,,,,,,,,,,,,,,,,,,,,,,,,,,,,,,,,,,,,,,,,,,,,,,,,,,,,,,,,,,,,,,,,,,,,,,,,,,,,,,,,,,,,,,,,,,,,,,,,,,,,,,,,,,,,
,Prorocentrum mexicanum,,,,,,,,,,,,,,,,,,,,,,,,,,,,,,,,,,,,,,,,,,,,,,,,,,,,,,,,,,,,,,,,,,,,,,,,,,,,,,,,,,,,,,,,,,,,,,,,,,,,,,,,1452,,,,,,,,,,,,,,,,,,,,,,,,,,,,,,,,,,,,,,,,,,,,,,,,,,,,,,,,,,,,,,5852,,,,,,,,1452,,,,,,,,,,,,,,,,,,,,1452,,,,,,,,,,,,,,,,,,,,,,,,,,,,,,,,,,,,,,,,,,,,,,
,Prorocentrum micans,,,,,,,,,,,,,,,,,,,,,,,,,,,,,,,,,,,,,,,,,,,,,,,,,,,,,,,,,,,,,,,,,,,,,,,,,,,,,,,,,,,,,,,,,,,,,,,,,,,,,,,,,,,,,,,,,,,,,,,,,1452,,,,,,,,,,,,,,,,,,,,,,,,,,,,,,,,,,,,,,,,,,,,,,,,,,,,,,,,,,,,,,,,,,,,,,,,,,,,,,,,,,,,,,,,,,,,,,,,,,,,,,,,,,,,,,,,,,,,,,,
,Prorocentrum minimum,,,,,,,,,,,,,,,,,,,,,,,,,,,,,,,,,,,,,,,,,,,,,,,,,,,,,,,,,,,,,,,,,,,,,,,,,,,,,,,,,,,,,,,,,,,,,,,,,,,,,44000,39600,4400,66000,13200,,,8800,,,,1452,,,,,,,,1452,30800,52800,88000,26400,35200,30800,26400,13200,,,4400,61600,13200,8800,5852,30800,17600,26400,,,,13200,22000,39600,44000,,,1452,,,,,,,,13200,,,,,8800,1452,2904,13200,35200,8800,2904,4400,,,,,,,,,,,,,,,,,1452,1452,,,,,,,,1452,,,,,,,,,,,,,,,,,,,,,,,,,,1452,,1452,1452,,,,,,,,,,,,,,,,,
,Prorocentrum sigmoides,,,,,,,,,,,,,,,,,,,,,,,,,,,,,,,,,,,,,,,,,,,,,,,,,,,,,,,,,,,,,,,,,,,,,,,,,,,,,,,,,,,,,,,,,,,,,,,,,,,,,,,,,,,,,,,,,,,,,,,,,,,,,,,,,,,,,,,,,,,,,,,,,,,,,,,,,,,,,,,,,,,,,,,,,,,,,,,,,,,,,,,,,,,,,,,,,,,,,,,,,,,,,,,,,,,,,,,,,,,,,,,,,,,,,,,,,,,,,,,,
,Prorocentrum triestinum,,,,,,,,,,,,,,,,,,,,,,,,,,,,,,,,,,,,,,,,,,,,,,,,,,,,,,,,,,,,,,,,,,,,,,,,,,,,,,,,,,,,,,,,,,,,,,,,,,,,,,,,1452,,,,,,,,,,,,,,,,,158400,365200,206800,101200,74800,39600,57200,4400,,2904,22000,57200,66000,8800,,22000,8800,26400,,,22000,22000,35200,4400,8800,,8800,,,,17600,2904,,,,8800,,1452,,,8800,1452,8800,4400,,8800,1452,8800,4400,,,1452,1452,1452,,,,,,,,2904,,,1452,,4400,,,,,,,,1452,,,,,,,1452,1452,,,,,,,,,,,,,,,,,,1452,,,,,,,1452,,,,,,,,,,,,
,Prorocentrum spp.,,,,,,,,,,,,,1452,1452,,,,,1452,,,,,1452,,,,,1452,,,,,,,,,,,,,,,,,,,,,,4400,,,,,,,,,,,,,,,,,,,,,,,,,,,,,,,,,,,,1452,,,,,,,,,,,,,,,,,,,,,,,,,,,,,,,,,,,,,,,,,,,,1452,,,,,,,,,,,,,,8800,,,,,,,1452,,1452,,,,,,,,,,,,,,13200,,,,,,,,,,,,,,,,,,,,,,,,,,,,,,,,,26400,17600,8800,1452,,1452,,,,,4400,8800,,1452,,,1452,,,,,,,,,,2904,,1452,,,,,,,,,,,
Protoperidinium,Protoperidinium claudicans,,,,,,,,,,,,,,,,,,,,,,,,,,,,,,,,,,,,,,,,,,,,,,,,,,,,,,,,,,,,,,,,,,,,,,,,,,,,,,,,,,,,,,,,,,,,,,,,,,,,,,,,,,,,,,,,,,,,,,,,,,,,,,,,,,,,,,,,,,,,,,,,,,,,,,,,,,,,,,,,,,,,,,,,,,,,,,,,,,,,,,,,,,,,,,,,,,,,,,,,,,,,,,,,,,,,,,,,,,,,,,,,,,,,,,,,,,,,,,,,
,Protoperidinium conicum,,,,,,,,,,,,,,,,,,,,,,,,,,,,,,,,,,,,,,,,,,,,,,,,,,,,,,,,,,,,,,,,,,,,,,,,,,,,,,,,,,,,,,,,,,,,,,,,,,,,,,,,,,,,,,,,,,,,,,,,,,,,,,,,,,,,,,,,,,,,,,,,,,,,,,,,,,,,,,,,,,,,,,,,,,,,,,,,,,,,,,,,,,,,,,,,,,,,,,,,,,,,,,,,,,,,,,,,,,,,,,,,,,,,,,,,,,,,,,,,
,Protoperidinium depressum,,,,,,,,,,,,,,,,,,,,,,,,,,,,,,,,,,,,,,,,,,,,,,,,,,,,,,,,,,,,,,,,,,,,,,,,,,,,,,,,,,,,,,,,,,,,,,,,,,,,,,,,,,,,,,,,,,,,,,,,,,,,,,,,,,,,,,,,,,,,,,,,,,,,,,,,,,,,,,,,,,,,,,,,,,1452,,,,,,,,,,,,,,,,,,,,,,,,,,,,,,,,,,,,,,,,,,,,,,,,,,,,,,,,,,,,,,,,,,,,,,
,Protoperidinium oblongum,,,,,,,,,,,,,,,,,,,,,,,,,,,,,,,,,,,,,,,,,,,,,,,,,,,,,,,,,,,,,,,,,,,,,,,,,,,,,,,,,,,,,,,,,,,,,,,,,,,,,,,,,,,,,,,,,,,,,,,,,,,,,,,,,,,,,,,,,,,,,,,,,,,,,,,,,,,,,,,,,,,,,,,,,,,,,,,,,,,,,,,,,,,,,,,,,,,,,,,,,,,,,,,,,,,,,,,,,,,,,,,,,,,,,,,,,,,,,,,,
,Protoperidinium oceanicum,,,,,,,,,,,,,,,,,,,,,,,,,,,,,,,,,,,,,,,,,,,,,,,,,,,,,,,,,,,,,,,,,,,,,,,,,,,,,,,,,,,,,,,,,,,,,,,,,,,,,,,,,,,,,,,,,,,,,,,,,,,,,,,,,,,,,,,,,,,,,,,,,,,,,,,,,,,,,,,,,,,,,,,,,,,,,,,,,,,,,,,,,,,,,,,,,,,,,,,,,,,,,,,,,,,,,,,,,,,,,,,,,,,,,,,,,,,,,,,,
,Protoperidinium spp.,,,,,,,,,,,,,,,,,,,,,,,,,,,,,,,,,,,,,,,,,,,,,,,,,,,,,,,,,,,,,1452,,,,,,,,,,,,,,,,,,,,,,,,,,,1452,,,,,,,,,,,,,,,,,,,,,,,,,,,,,,,,,,,,,,,,,,,,,,,,,,8800,,,,,,,5852,,,,,,,,,,,1452,,,,,,,,,,,,,,,,,,1452,,,,,,,,,,,,,,,,,726,1452,,,,,,,,,,,,,,,,,,,,,,,,1452,,,,,,,,,,,,,,,,,,,,,,,,
Scrippsiella,Scrippsiella spp.,,,,,,,,,,,,,,,,,,,,,,,,,,,,,,,,,,,,,,,,,,,,,,,,,,,,,,,,,,,,,1452,2904,1452,,,,,,,,,,,,,,,,,,,1452,13200,8800,1452,,,,,,,1452,,,,,,,,,4400,5852,4400,,,4400,,,,,,,,,,1452,,,,1452,26400,35200,13200,4400,8800,1452,8800,1452,,,,4400,,,,,,,,,4400,8800,35200,1452,8800,,1452,,,13200,,,,,,5852,,,,1452,,,,,,13200,,30800,,2904,,,,,,,,,,,,,,,,,1452,,1452,2904,,,,,,,,,,,,,,,,,,,,,,,,,,,,,,,,,,,,,,,,,,,,,,,,,,
Other dinoflagellates,other dinoflagellates,,,,,,,,,,,,,,,,,,,,,,,,,,,,,,,,,,,,,,,,,,,,,,,,,,,,,,,,,,,,,,,,,,,,,,,,,,,,,,,,,,,,,,,,13200,,,,,,,,,,,,,,,,4400,4400,,,,,,,4400,,,,,,,,,,,,,,,,,,,,,,,,,,,,,,,,,,,,,,,,,,,,,,,,,,,,,,,,1452,,,,,,,,,,,,,,4400,,1452,,,,,1452,,,,,,,1452,,1452,,,,,,,,,,,,,,,,,,,,,,,,,,,,,,,,,,,,,,,,,,
,cysts of Lingulodinium polyedra,,,,,,,,,,,,,,,,,,,,,,,,,,,,,,,,,,,,,,,,,,,,,,,,,,,,,,,,,,,,,,,,,,,,,,,,,,,,,,,,,,,,,,,,,,,,,,,,,,,,,,,,,,,,,,,,,,,,,,,,,,,,,,,,,,,,,,,,,,,,,,,,,,,,,,,,,,,,,,,,,,,,,,,,,,,,,,,,,,,,,,,,,,,,,,,,,,,,,,,,,,,,,,,,,,,,,,,,,,,,,,,,,,,,,,,,,,,,,,,,
,cysts,8800,,,,,,,,,,,,,,,,,,,,,,,,,,,,,,,,,,,,,,,,,,1452,,,,,,,,,,,,,,,,,1452,,,,,,,,,,,,,,,,,,,,,,,,,,,,,,,,,,,,,,,,,4400,,,,,,,,,,,,,,,,,,,,,,,,4400,,,,,,,,,,,,1452,,,,,4400,,,1452,,,,,,,,,,,,,,,,,,,,,,,,,,,,1452,,,,,,,,4400,1452,,1452,2904,,8800,,1452,1452,1452,,4400,,1452,,,,8800,,,,,,,,,,,,,,1452,,,,,,,,,,,,,,,,,,,,,,,1452,,,,
,,,,,,,,,,,,,,,,,,,,,,,,,,,,,,,,,,,,,,,,,,,,,,,,,,,,,,,,,,,,,,,,,,,,,,,,,,,,,,,,,,,,,,,,,,,,,,,,,,,,,,,,,,,,,,,,,,,,,,,,,,,,,,,,,,,,,,,,,,,,,,,,,,,,,,,,,,,,,,,,,,,,,2904,,,,,,,,,,,,,,,,,,,,,,,,,,,,,,,,,,,,,,,,,,,,,,,,,,,,,,,,,,,,,,,,,,,,,,,,,,,,
Chlorophyte,Scenedesmus spp.,,,,5852,,,,,,,,,,,,,,,,,,,,,,,,,,,,,,,,,,,,,,,,,,,,,,,,,,,,,,,,,,,,,,,,,,,,,,,,,,,,,,,,,,,,,,,,,,,,,,,,,,,,,,,,,,,,,,,,,,,,,,,,,,,,,,,,,,,,,,,,,,,,,,,,,,,,,,,,,,,,,,,,,,,,,,,,,,,,,,,,,,,,,,,,,,,,,,,,,,,,,,,,,,,,,,,,,,,,,,,,,,,,,,,,,,,,,,,,,,,,
,Scenedesmus dimorphus,,,,,,,,,,,,,,,,,,,,,,,,,,,,,,,,,,,,,,,,,,,,,,,,,,,,,,,,,,,,,,,,,,,,,,,,,,,,,,,,,,,,,,,,,,,,,,,,,,,,,,,,,,,,,,,,,,,,,,,,,,,,,,,,,,,,,,,,,,,,,,,,,,,,,,,,,,,,,,,,,,,,,,,,,,,,,,,,,,,,,,,,,,,,,,,,,,,,,,,,,,,,,,,,,,,,,,,,,,,,,,,,,,,,,,,,,,,,,,,,
,,,,,,,,,,,,,,,,,,,,,,,,,,,,,,,,,,,,,,,,,,,,,,,,,,,,,,,,,,,,,,,,,,,,,,,,,,,,,,,,,,,,,,,,,,,,,,,,,,,,,,,,,,,,,,,,,,,,,,,,,,,,,,,,,,,,,,,,,,,,,,,,,,,,,,,,,,,,,,,,,,,,,,,,,,,,,,,,,,,,,,,,,,,,,,,,,,,,,,,,,,,,,,,,,,,,,,,,,,,,,,,,,,,,,,,,,,,,,,,,,
Raphidophyte,Chattonella antiqua,,,,,,,,,,,,,,,,,,,,,,,,,,,,,,,,,,,,,,,,,,,,,,,,,,,,,,,,,,,,,,,,,,,,,,,,,,,,,,,,,,,,,,,,,,,,,,,,,,,,,1452,,,,,,,,,,,,,,,,,,,,,,,,,,,,,,,,,,,,,,,,,,,,,,,,,,,,,,,,,,,,,,,,,,,,,,,,,,,,,,,,,,,,,,,,,,,,,,,,,,,,,,,,,,,,,,,,,,,,,,,,,,,,,,,,,,,,,,,,,,,
,Chattonella marina,,,,,,,,,,,,,,,,,,,,,,,,,,,,,,,,,,,,,,,,,,,,,,,,,,,,,,,,,,,,,,,,,,,,,,,,,,,,,,,,,,,,,,,,,,,,,,,,,,,,,,,,,,,,,,,,,,,,,,,,,,,,,,,,,,,,,,,,,,,,,,,,,,,,,,,,,,,,,,,,,,,,,,,,,,,,,,,,,,,,,,,,,,,,,,,,,,,,,,,,,,,,,,,,,,,,,,,,,,,,,,,,,,,,,,,,,,,,,,,,
,Chattonella spp.,8800,8800,8800,1452,,,,,,,,,,,,,,,,,8800,,1452,8800,,1452,,1452,,,,,,,,,,,,,,,,,,,,1452,,1452,8800,,1452,,,,,2904,,,,1452,,,,,,,,,,,,,,,,,,,1452,,,,,,,1452,,,8800,,1452,,,,,,,8800,,1452,1452,,1452,1452,,,,,1452,8800,2904,,,,,,1452,,8800,,,1452,,1452,,,,,,,,,,,,,,,4400,8800,,,,,,,,,,,,,,8800,,,,,,1452,,,1452,1452,,,4400,,,,,,,,,,,,,,,,,1452,,,,22000,,,,,,,,,,,,,,,,,,,1452,,,,,1452,,,,,,1452,1452,1452,1452,,,,1452,,,,1452,,,,,1452,,,,
,Gonyostomum semen,,,,,,,,,,,,,,,,,,,,,,,,,,,,,,,,,,,,,,,,,,,,,,,,,,,,,,,,,,,,,,,,,,,,,,,,,,,,,,,,,,,,,,,,,,,,,,,,,,,,,,,,,,,,,,,,,,,,,,,,,,,,,,,,,,,,,,,,,,,,,,,,,,,,,,,,,,,,,,,,,,,,,,,,,,,,,,,,,,,,,,,,,,,,,,,,,,,,,,,,,,,,,,,,,,,,,,,,,,,,,,,,,,,,,,,,,,,,,,,,
,Heterosigma akashiwo,,,,,,,,,,,,,,,,,,,,,,,,,,,,,,,,,,,,,,1452,,,,,,,,,,,,,,,,,,,,,,,,,,,,,,,,,,,,,,,,,,,,,,,,,,13200,,,,,,,,,,,,,132000,,52800,,,,,,,,,,,,,,,,,,,,,,,,,,,,,,44000,,,,,,,,,,,,,,,431200,,,,,,,,,,,,,,,,,,,,,,,,,,,,,,,,,,,,,,,,,,,,,,,,,,,,,,,,,,,,,,,,,,,,,,,,,,,,,,,,,,,,,,,,,,,,
,,,,,,,,,,,,,,,,,,,,,,,,,,,,,,,,,,,,,,,,,,,,,,,,,,,,,,,,,,,,,,,,,,,,,,,,,,,,,,,,,,,,,,,,,,,,,,,,,,,,,,,,,,,,,,,,,,,,,,,,,,,,,,,,,,,,,,,,,,,,,,,,,,,,,,,,,,,,,,,,,,,,,,,,,,,,,,,,,,,,,,,,,,,,,,,,,,,,,,,,,,,,,,,,,,,,,,,,,,,,,,,,,,,,,,,,,,,,,,,,,
Silicoflagellate,Dictyocha speculum,,,,,,,,,,,,,,,,,,,,,,,,,,,,,,,,,,,,,,,,,,,,,,1452,,,,,,,,,,,,,,1452,,,,,,,1452,,1452,,,,,,1452,,,,,,1452,,,8800,1452,4400,2904,1452,1452,,1452,1452,13200,,8800,17600,,,1452,1452,,,,,,1452,1452,,1452,,4400,1452,1452,1452,1452,,1452,,1452,,,,,,,,,,,,22000,,2904,8800,,,,,,,,,,,,,,,,,,,,,,,,,,,,,,,,,,,,,,,,,,,1452,,,,,,,,,,,,,,,,,,,,,,,,,,,,,,,,,,,,,,,,,,1452,2904,,,1452,,,,,,2904,1452,,,,1452,1452,,1452,660,1452,2904
,Dictyocha fibula,,,,,,,,,,,,,,,,,,,,,,,,,,,,,,,,,,,,,,,,,,,,,,,,,,,,,,,,,,,,,,,,,,,,,,,,,,,,,,,,,,,,,,,,,,,,,,,,,,,,,,,,,,,,,,,,,,,,,,,,,,,,,,,,,,,,,,,,,,,,,,,,,,,,,,,,,,,,,,,,,,,,,,,,,,,,,,,,,,,,,,,,,,,,,,,,,,,,,,,,,,,,,,,,,,,,,,,,,,,,,,,,,,,,,,,,,,,,,,,,
,Ebria tripartita,,,,,,,,,,,,,,,,,,,,,,,,1452,,,,,,1452,,1452,,,,,,,,,,,,,,,,,,,,,,,,,,,,,,,1452,,,,,,,,1452,,,1452,,1452,,,,,,,,,,,,1452,1452,,,,,4400,,,,,4400,,,,,,,,,,,,,,,1452,,,,,1452,,,,,,,,,,,,,,,,,,,,,1452,,,,,,,,,,,,,,,,,,,,,,,1452,,,,,,,,,,,,,,,,,,,1452,,,,,,,,,,,,,,,,,,,,,,,,,1452,,,,,,,,,,,,,,,,,,,,1452,,,,,,1452,,,,,,,
,,,,,,,,,,,,,,,,,,,,,,,,,,,,,,,,,,,,,,,,,,,,,,,,,,,,,,,,,,,,,,,,,,,,,,,,,,,,,,,,,,,,,,,,,,,,,,,,,,,,,,,,,,,,,,,,,,,,,,,,,,,,,,,,,,,,,,,,,,,,,,,,,,,,,,,,,,,,,,,,,,,,,,,,,,,,,,,,,,,,,,,,,,,,,,,,,,,,,,,,,,,,,,,,,,,,,,,,,,,,,,,,,,,,,,,,,,,,,,,,,
Pyramimonadales,Pyramimonas spp.,8800,8800,1452,,,1452,1452,,,,,,,,,,,,,,,,,,,,,,,,,,,,,,,,,,,,,,,,,,,,,,,,,,,1452,,,,,,,,,,,,,,,,,,,,,,,,79200,83600,13200,,1452,,1452,,,,,,,,,,,,,44000,4400,8800,22000,,4400,13200,1452,,,,,,,,,,1452,,,13200,13200,17600,,4400,,8800,1452,,1452,,8800,,,,,,,,,,13200,,8800,,,,,,,,,,,,4400,,,,,1452,,,,,,2904,1452,8800,,,,,,,,,,,,8800,,,,1452,,1452,,,,,,,,,,,,,,,,,,8800,,,,1452,1452,,,,,,,,,,,,,,,,2904,,,2904,,1452,,,1452,1452,,,8800,,
,Halosphaera spp.,,,,,,,,,,,,,,,,,,,,,,,,,,,,,,,,,,,,,,,,,,,,,,,,,,,,,,,,,,,,,,,,,,,,,,,,,,,,,,,,,,,,,,,,,,,,,,,,,,,,,,,,,,,,,,,,,,,,,,,,,,,,,,,,,,,,,,,,,,,,,,,26400,,,,,,,,,,,,,,,,,,,,,,,,,,,,,,,,,,,,,,,,,,,,,,,,,,,,,,,,,,,,,,,,,,,,,,,,,,,,,,,,,,,,,,,,,,,,,,,,,
,,,,,,,,,,,,,,,,,,,,,,,,,,,,,,,,,,,,,,,,,,,,,,,,,,,,,,,,,,,,,,,,,,,,,,,,,,,,,,,,,,,,,,,,,,,,,,,,,,,,,,,,,,,,,,,,,,,,,,,,,,,,,,,,,,,,,,,,,,,,,,,,,,,,,,,,,,,,,,,,,,,,,,,,,,,,,,,,,,,,,,,,,,,,,,,,,,,,,,,,,,,,,,,,,,,,,,,,,,,,,,,,,,,,,,,,,,,,,,,,,
Cryptophyte,Hemiselmis spp.,,,,,,,,,,,,,,,,,,,,,,,,,,,,,,,,,,,,,,,,,,,,,,,,,,,,,,,,,,,,,,,,,,,,,,,,,,,,,,,,,,,,,,,,,,,,,,,,,,,,,,,,,,,,,,,,,,,,,,,,,,,,,,,,,,,,,,,,,,,,,,,,,,,,,,,,,,,,,,,,,,,,,,,,,,,,,,,,,,,,,,,,,,,,,,,,,,,,,,,,,,,,,,,,,,,,,,,,,,,,,,,,,,,,,,,,,,,,,,,,
,Rhodomonas spp.,,,8800,1452,,,,,,,,,,,,,,,,,,,,,,,,,,,,,,,,,,,,,,,,,,,,,,,,,,,,,,,,,,,,,,,,,,,,,,,,,,,,,,,,,,,,,,,,,,,,,,,,,,,,,,,,,,,,,,,,,,,,1452,,,,,4400,,1452,,,,,,,,,,,,,1452,,,,4400,,,,,,,,,,,,,,,,,,,,,,,,,,,,,,,,,,,,,,,,,,,1452,,8800,,,,,,,,22000,,,,,,,,,,,,,,,,,,,,,,,,,,,,,,,,,,,,,,,,,,,
,Teleaulax spp.,17600,74800,101200,,26400,26400,61600,26400,61600,26400,8800,39600,74800,26400,22000,,57200,66000,,13200,52800,22000,13200,8800,,4400,22000,,13200,17600,8800,,17600,26400,,22000,,22000,39600,13200,8800,1452,,,1452,,,8800,,,8800,,8800,8800,,8800,13200,,,8800,4400,22000,1452,4400,17600,4400,,13200,,,,4400,,8800,,,,8800,,,13200,35200,149600,35200,,8800,1452,30800,8800,4400,8800,,8800,,,,,8800,4400,4400,88000,396000,88000,44000,,8800,88000,440000,48400,30800,220000,132000,176000,,,,22000,66000,48400,26400,22000,22000,22000,22000,13200,13200,,,,35200,22000,,,4400,,8800,4400,,,13200,,8800,704000,22000,,,,,,,17600,,,,,,,,,,22000,,8800,,,,1452,,13200,,,,,,,,,,,,22000,13200,8800,22000,,,,,22000,8800,,22000,22000,35200,,66000,,,,17600,22000,8800,8800,13200,22000,1452,44000,4400,4400,,,,,,1452,,1452,2904,,,,48400,39600,30800,,13200,,,,1452,17600,8800,22000,4400,8800,4400,8800,22000,1452,1452
,,,,,,,,,,,,,,,,,,,,,,,,,,,,,,,,,,,,,,,,,,,,,,,,,,,,,,,,,,,,,,,,,,,,,,,,,,,,,,,,,,,,,,,,,,,,,,,,,,,,,,,,,,,,,,,,,,,,,,,,,,,,,,,,,,,,,,,,,,,,,,,,,,,,,,,,,,,,,,,,,,,,,,,,,,,,,,,,,,,,,,,,,,,,,,,,,,,,,,,,,,,,,,,,,,,,,,,,,,,,,,,,,,,,,,,,,,,,,,,,,
Ochrophyte (diatoms excluded),Ochromonas spp.,8800,,,,13200,,8800,,30800,,,88000,88000,13200,,,22000,22000,,8800,,,,,,22000,88000,8800,,8800,,,,,,35200,44000,,,,,17600,8800,,8800,8800,,8800,,,,22000,,22000,,22000,,66000,,,,88000,22000,132000,13200,,,17600,,8800,22000,176000,35200,44000,44000,,,,,,88000,88000,,440000,22000,88000,8800,,,,176000,88000,132000,176000,8800,132000,44000,132000,88000,44000,44000,66000,22000,44000,,,48400,83600,44000,22000,,,,22000,,,17600,17600,44000,,22000,26400,66000,88000,,,101200,176000,,52800,396000,44000,176000,,22000,88000,,22000,,,52800,44000,308000,88000,,,,,,,35200,88000,22000,132000,44000,44000,,,,,,,,,,,,22000,,,,22000,,,8800,,22000,,,,,22000,,,,,,88000,,,,,,,,,,,,,22000,,,44000,8800,13200,,22000,,,22000,,,,,,1452,8800,13200,22000,,22000,,22000,17600,22000,13200,,,,,13200,,22000,,66000,,,,
,Ochromonas danica,,,,,,,,,,,,,,,,,,,,,,,,,,,,,,,,,,,,,,,,,,,,,,,,,,,,,,,,,,,,,,,,,,,,,,,,,,,,,,,,,,,,,,,,,,,,,,,,,,,,,,,,,,,,,,,,,,,,,,,,,,,,,,,,,,,,,,,,,,,,,,,,,,,,4400,,,,,,,,,,,,22000,,,,,,,,,,,,,,,,,,,,,,,,,,,,,,,,,,17600,,,,,,,,,,,,,,,,,,,,,,,,,,,,,,,,,,,,,,,,,,,,,,
,,,,,,,,,,,,,,,,,,,,,,,,,,,,,,,,,,,,,,,,,,,,,,,,,,,,,,,,,,,,,,,,,,,,,,,,,,,,,,,,,,,,,,,,,,,,,,,,,,,,,,,,,,,,,,,,,,,,,,,,,,,,,,,,,,,,,,,,,,,,,,,,,,,,,,,,,,,,,,,,,,,,,,,,,,,,,,,,,,,,,,,,,,,,,,,,,,,,,,,,,,,,,,,,,,,,,,,,,,,,,,,,,,,,,,,,,,,,,,,,,
Haptophyte,Chrysochromulina polylepis,,,,,,,,,,,,,,,,,,,,,,,,,,,,,,,,,,,,,,,,,,,,,,,,,,,,,,,,,,,,,,,,,,,,,,,,,,,,,,,,,,,,,,,,,,,,,,,,,,,,,,,,,,,,,,,,,,,,,,,,,,,,,,,,,,,,,,,,,,,,,,,,,,,,,,,,,,,,,,,,,,,,,,,,,,,,,,,,,,,,,,,,,,,,,,,,,,,,,,,,,,,,,,,,,,,,,,,,,,,,,,,,,,,,,,,,,,,,,,,,
,Chrysochromulina sp.,,,,,1452,,,,,,,,,,,,,,,,,,,,,,,,,,,,,,,,,,,,,,,,,,,,,,,,,,,,,,,,,,,,,,,,,,,,,,,,,,,,,,,,,,,,,,,,,,,,,,,,,,,,,,,,,,,,,,,,,,,,,,,,,,,,,,,,,,,,,,,,,,,,,,,,,,,,,,,,,,,,,,,,,,,,,,,,,,,,,,,,,,,,,,,,,,,,,,,,,,,,,,,,,,,,,,,,,,,,,,,,,,,,,,,,,,,,,,,,,,,
,Phaeocystis globosa,,,,,,,,,,,,,,,,,,,,,,,,,,,,,22000,,,,,,,,,,,,,,,,,,,,,,,,,,,,,,,,,,,,,,,,,,,,,,,,,,,,,,,,,,,,,,,,,,,,,,,,,8800,,,,,,,1452,,,,,,,,,,,,,,,,,,,,,,,,,,,,,,,,,,,,,,,,,,,,,,,,,,,,,,,,,,,,,,,,,,,,,,,,,,,,,,,,,,,,,,,,,,,,,,,,,,,,,,,,,,,,,,,,,,,,,,,,,,,,,,,,,,,
,Phaeocystis sp.,,,,,,,,17600,,,,,,,,,,,,,,,,,,,,,,,,,,,,,,,,,,,,,,,,,,,,,,,,,,,,,,,,,,,,,,,,,,,,,,,,,,,,,,,,,,,,,,,,,,,,,,,,,,,,,,,,,,,,,,,,,,,,,,,,,,,,,,,,,,,,,,,,,,,,,,,,,,,,,,,,,,,,,,,,,,,,,,,,,,,,,,,,,,,,,,,,,,,,,,,,,,,,,,,,,,,,,,,,,,,,,,,,,,,,,,,,,,,,,,,,
,,,,,,,,,,,,,,,,,,,,,,,,,,,,,,,,,,,,,,,,,,,,,,,,,,,,,,,,,,,,,,,,,,,,,,,,,,,,,,,,,,,,,,,,,,,,,,,,,,,,,,,,,,,,,,,,,,,,,,,,,,,,,,,,,,,,,,,,,,,,,,,,,,,,,,,,,,,,,,,,,,,,,,,,,,,,,,,,,,,,,,,,,,,,,,,,,,,,,,,,,,,,,,,,,,,,,,,,,,,,,,,,,,,,,,,,,,,,,,,,,
Euglenozoa,Eutreptiella spp. ,,,,,,,,,,,,,,,,,,,,,,,,,,,,,,,,,,,,,,,,,1452,,,,,,,,,,,,,,,,,,,,,,,,,,,,,,,,,,,,,,,,8800,39600,,,,,,,17600,,,,,,,,,,4400,,22000,,,4400,4400,,,,,,8800,2904,,,,,,,,,22000,1452,1452,,,,1452,,,,,1452,1452,,1452,,,,,,1452,30800,26400,1452,8800,,,13200,,1452,1452,,1452,,,,,13200,,,,,,,,1452,,1452,,,,,,,,1452,,,,,,,,,,,,,,,,,,,,,,,,,,,,,,,,,,,,,,,,,,,,,,,,,,,,,,,,,,,,,,,,
,,,,,,,,,,,,,,,,,,,,,,,,,,,,,,,,,,,,,,,,,,,,,,,,,,,,,,,,,,,,,,,,,,,,,,,,,,,,,,,,,,,,,,,,,,,,,,,,,,,,,,,,,,,,,,,,,,,,,,,,,,,,,,,,,,,,,,,,,,,,,,,,,,,,,,,,,,,,,,,,,,,,,,,,,,,,,,,,,,,,,,,,,,,,,,,,,,,,,,,,,,,,,,,,,,,,,,,,,,,,,,,,,,,,,,,,,,,,,,,,,
Unknown flagellates,Small flagellates,,13200,8800,8800,,,13200,,1452,,1452,4400,8800,,,4400,48400,,,13200,1452,,,,,,,,,,,22000,,,,,,,,,8800,,,,,,,,,,,,,,,,,13200,,,,,,4400,,,,,,1452,,,1452,,,,,,,,8800,,,,,,4400,,,,,,,,1452,,1452,4400,4400,,88000,66000,13200,8800,,,,,,,,,,,,,,,1452,,,8800,88000,8800,22000,,,1452,,,,,,4400,,,,,,,,44000,,,8800,,,,,,,,,,,,,,,,,,,,,,,,,,,,,,,,,,,,,,,,,,,,,,,,,,,,8800,,22000,,,,,,,1452,,,,,1452,,,,,,,,,,,,,,,,,,,,,,,,,,,,,
,,,,,,,,,,,,,,,,,,,,,,,,,,,,,,,,,,,,,,,,,,,,,,,,,,,,,,,,,,,,,,,,,,,,,,,,,,,,,,,,,,,,,,,,,,,,,,,,,,,,,,,,,,,,,,,,,,,,,,,,,,,,,,,,,,,,,,,,,,,,,,,,,,,,,,,,,,,,,,,,,,,,,,,,,,,,,,,,,,,,,,,,,,,,,,,,,,,,,,,,,,,,,,,,,,,,,,,,,,,,,,,,,,,,,,,,,,,,,,,,,
unknown1,tear drop (Ochromonas?Tetraselmis?)(4x8 um),,,,,,,,,,,,,,,,,,,,,,,,,,,,,,,,,,,,,,,,,,,,,,,,,,,,,,,,,,,,,,,,,,,,,,,,,,,,,,,,,,,,,,,,,,,,,,,,,,,,,,,,,,,,,,,,,,,,,,,,,,,,,,,,,,,,,,,,,,,,,,,,,,,,,,,,,,,,,,,,,,,,,,,,,,,,,,,,,,,,,,,,,,,,,,,,,,,,,,,,,,,,,,,,,,,,,,,,,,,,,,,,,,,,,,,,,,,,,,,,
unknown2,Pear shaped,,,,,,,,,,,,,,,,,,,,,,,,,,,,,,,,,,,,,,,,,,,,,,,,,,,,,,,,,,,,,,,,,,,,,,,,,,,,,,,,,,,,,,,,,,,,,,,,,,,,,,,,,,,,,,,,,,,,,,,,,,,,,,,,,,,,,,,,,,,,,,,,,,,,,,,,,,,,,,,,,,,,,,,,,,,,,,,,,,,,,,,,,,,,,,,,,,,,,,,,,,,,,,,,,,,,,,,,,,,,,,,,,,,,,,,,,,,,,,,,
nanoplankton,"small  cells (2-4um), often stained brown",132000,132000,176000,264000,264000,176000,176000,176000,88000,88000,220000,308000,308000,220000,264000,352000,88000,308000,88000,88000,132000,132000,88000,44000,176000,132000,132000,66000,66000,132000,220000,396000,44000,88000,220000,264000,132000,88000,44000,,132000,22000,44000,22000,44000,132000,88000,88000,88000,66000,176000,44000,44000,264000,352000,132000,88000,88000,88000,13200,88000,616000,132000,264000,44000,88000,22000,88000,132000,88000,44000,176000,88000,132000,176000,44000,264000,132000,132000,22000,220000,924000,44000,484000,176000,132000,35200,44000,44000,22000,220000,132000,132000,308000,264000,88000,440000,264000,264000,132000,484000,704000,352000,132000,176000,308000,44000,44000,176000,264000,572000,264000,704000,176000,704000,176000,264000,88000,264000,220000,1100000,880000,704000,880000,308000,1100000,352000,88000,,132000,528000,352000,1760000,528000,308000,704000,396000,308000,,88000,404800,792000,1012000,2024000,264000,88000,88000,3432000,,176000,1012000,704000,352000,3872000,836000,836000,264000,88000,,88000,4356000,1672000,308000,484000,1452000,924000,352000,484000,88000,132000,792000,396000,748000,440000,220000,396000,44000,88000,132000,132000,924000,792000,792000,748000,352000,396000,352000,220000,308000,220000,528000,880000,968000,308000,1056000,484000,660000,220000,528000,176000,352000,132000,88000,308000,22000,132000,176000,44000,44000,88000,88000,132000,220000,44000,22000,88000,132000,22000,132000,88000,220000,220000,220000,176000,22000,176000,264000,176000,176000,22000,220000,396000,220000,132000,132000,264000,264000,352000,4400,88000
unknown3,"irregular small dark strain cells (close to a triangle, 2-4um)",,,,,,,,,,,,,,,,,,,,,,,,,,,,,,,,,,,,,,,,,,,,,,,,,,,,,,,,,,,,,,,,,,,,,,,,,,,,,,,,,,,,,,,,,,,,,,,,,,,,,,,,,,,,,,,,,,,,,,,,,,,,,,,,,,,,,,,,,,,,,,,,,,,,,,,,,,,,,,,,,,,,,,,,,,,,,,,,,,,,,,,,,,,,,,,,,,,,,,,,,,,,,,,,,,,,,,,,,,,,,,,,,,,,,,,,,,,,,,,,