"(Note: S: surface water sample, B: bottom water sample",cell abundance (cells/L),A4S Note: Skeletonema bloom,B3S Note: Skeletonema bloom,C1S Note: Skeletonema bloom,D3S Note: Skeletonema bloom,E1S ,F2S NOTE: FEW CELLS ,H4S NOTE: DEBRIS,"I2S NOTE:  FEW CELLS, DEBRIS",J2S NOTE:  DEBRIS,K2S NOTE:  DEBRIS,A4B Note: Skeletonema bloom. DEBRIS.,B3B Note: Skeletonema bloom. DEBRIS.,C1B Note: SMALL Skeletonema bloom. DEBRIS.,D3B Note: DEBRIS.,E1B ,F2B NOTE: FEW CELLS ,H4B NOTE: LARGE AMOUNT OF DEBRIS,I2B ,J2B NOTE: LARGE AMOUNT OF DEBRIS,K2B NOTE:  DEBRIS,A4S Note: Skeletonema bloom,B3S Note: Skeletonema bloom,C1S Note: Skeletonema bloom,D3S Note: Skeletonema bloom,"E1S Note: Skeletonema bloom, DEBRIS","F2S Note: Skeletonema bloom, DEBRIS","H4S NOTE: Skeletonema bloom, DEBRIS",I2S NOTE: Skeletonema bloom,"J2S NOTE: Skeletonema bloom, DEBRIS",K2S NOTE: FEW CELLS ,A4B Note: Skeletonema bloom,B3B Note: Skeletonema bloom,C1B Note: Skeletonema bloom,D3B Note: Skeletonema bloom,E1B Note: Skeletonema bloom,F2B Note: Skeletonema bloom,"H4B NOTE: Skeletonema bloom, DEBRIS",I2B NOTE: Skeletonema bloom,"J2B NOTE: Skeletonema bloom, DEBRIS",K2B NOTE: FEW CELLS ,A4S Note: small Skeletonema bloom,B3S,C1S,D3S ,E1S  ,F2S ,H4S  Note: small Thalassionema nitzschiodes bloom,I2S Note: low cell abundance,J2S ,K2S  ,A4B Note: small Skeletonema and Thalassionema nitzschiodes blooms,B3B Note: small Thalassionema nitzschiodes bloom,C1B Note: small Thalassionema nitzschiodes bloom,D3B  Note: small Thalassionema nitzschiodes bloom,E1B Note: small Thalassionema nitzschiodes bloom; DEBRIS,F2B Note: small Thalassionema nitzschiodes bloom,H4B  Note: Skeletonema and Thalassionema nitzschiodes blooms; DEBRIS,I2B ,J2B  Note: Skeletonema bloom,K2B  ,A4S Note: small Guinardia delicatula and Leptocylindrus danicus blooms,B3SNote: small Leptocylindrus danicus bloom,C1S Note: no sample,D3S Note: small Thalassionema nitzschiodes bloom,E1S Note: low cell abundance,"F2S Note: debris, small Thalassionema nitzschiodes bloom",H4S  Note: low cell abundance,I2S,"J2S Note: debris, small Thalassionema nitzschiodes bloom",K2S   Note: low cell abundance,A4B Note: small Leptocylindrus danicus and Thalassionema nitzschiodes blooms,B3B Note: small Thalassionema nitzschiodes bloom,C1B Note: no sample,"D3B Note: debris, small Thalassionema nitzschiodes bloom",E1B Note: small Thalassionema nitzschiodes bloom,"F2B Note: debris, small Thalassionema nitzschiodes bloom",H4B  ,"I2B Note: debris, small Thalassionema nitzschiodes bloom","J2B Note: debris, small Thalassionema nitzschiodes bloom",K2B   Note: low cell abundance,A4S Note: small Dactyliosolen fragilissimus bloom,B3S Note: small Dactyliosolen fragilissimus bloom,C1S Note: small Dactyliosolen fragilissimus bloom ,D3S Note: small Dactyliosolen fragilissimus bloom,E1S Note: small Dactyliosolen fragilissimus bloom,F2S  Note: small Skeletonema bloom,H4S,I2S,J2S Note: debris,K2S   Note: low cell abundance,A4B Note: debris,B3B Note: small Dactyliosolen fragilissimus bloom,C1B Note: small Dactyliosolen fragilissimus  bloom ,"D3B Note: debris, small Dactyliosolen fragilissimus bloom","E1B Note: debris, small Dactyliosolen fragilissimus bloom",F2B  Note: small Skeletonema bloom,"H4B Note: debris, low cell abundance",I2B Note: debris,J2B Note: debris,K2B,A4S Note: few  diatoms,B3S Note: few  diatoms,C1S Note: few  diatoms,D3S  Note: few  diatoms,E1SNote: low cell abundance,F2S,H4S Note: very low cell abundance,I2S Note: very low cell abundance,J2S ,K2S ,A4B Note: Large amount of debris,B3 Note: Large amount of debris,C1B  Note: debris,D3B Note: Debris,E1B Note: Debris,F2B,H4B Note: very low cell abundance,I2B,J2B ,K2B ,"A4S Note:  Thalassiosira, Skeletonema blooms",B3S,C1S Note: small Thalassiosira bloom,D3S Note:  small Thalassiosira bloom,E1S ,F2S,H4S Note: low cell abundance,I2S Note: low cell abundance ,J2S Note: low cell abundance ,K2S Note: low cell abundance ,A4B Note:  Large amount of Debris,B3B Note:  Large amount of Debris,C1SNote:  Large amount of Debris,D3B Note:  Large amount of Debris,E1B Note:  Debris,F2B,H4B Note: low cell abundance,I2B Note: low cell abundance ,J2B,K2B Note: low cell abundance,"A4S Note: Nitzschia longissima, Skeletonema, Heterocapsa circularisquama blooms","B3S Note: Heterocapsa circularisquama, Pyramimonas spp. blooms. ","C1S Note: small sized Teleaulax spp, Pyramimonas spp. blooms",D3S Note: low cell abundance,E1S,F2S,H4S,I2S ,J2S ,K2S ,A4B Note: Lot of debris;  Heterocapsa circularisquama bloom,B3B Note: debris,C1B Note: debris; low cell abundance,D3B Note: Lot of debris,E1B Note: low cell abundance ,F2B,H4B Note: low cell abundance,I2B ,J2B Note: low cell abundance,K2B Note: low cell abundance,A4S ,B3S,C1S Note: low cell abundance ,D3S Note: low cell abundance ,"E1S Note: Debris; small bloom of Thalassiosira spp.3 (small, <10µm)","F2S; small bloom of Thalassiosira spp.3 (small, <10µm)","H4S Note: small bloom of Thalassiosira spp.3 (small, <10µm)","I2S Note: bloom of Thalassiosira spp.3 (small, <10µm)","J2S Note: bloom of Thalassiosira spp.3 (small, <10µm) ","K2S Note: debris; bloom of Thalassiosira spp.3 (small, <10µm)",A4B Note: Debris; low cell abundance,B3B Note: low cell abundance,C1B Note: low cell abundance,D3B  Note: low cell abundance,E1B  Note: low cell abundance,F2B Note: low cell abundance,H4B,I2B Note: low cell abundance,J2B ,K2B Note: low cell abundance,A4SNote: Debris,B3S,C1S,D3S,E1S  Note: low cell abundance,F2S Note: low cell abundance,H4S Note: low cell abundance,I2S Note: low cell abundance,J2S Note: low cell abundance,K2S Note: low cell abundance,A4B Note: large amount of debris,B3B,C1B Note: large amount of debris,D3B Note: large amount of debris,E1B Note: debris,F2B Note: low cell abundance,H4B,I2B Note: low cell abundance,J2B Note: low cell abundance,K2B Note: low cell abundance,A4S Note: low cell abundance,B3S Note: low cell abundance,C1S Note: low cell abundance ,D3S,E1S,F2S,H4S ,I2S Note: debris,J2S Note: large amount of debris,K2S,A4B Note: low cell abundance,B3B Note: low cell abundance,C1B Note: low cell abundance ,D3B,E1B,F2B Note: debris,H4B ,I2B Note: debris,J2B Note: large amount of debris,K2B,A4S ,B3S,C1S Note: debris,D3S  Note: Low cell abundance,E1S Note: Very Low cell abundance,F2 S ,H4S  Note: debris,I2S  Note: Large amount of debris,J2S Note: Large amount of debris,K2S Note: low cell abundance,A4B,B3B,C1B Note: debris,D3B,E1B ,F2B ,H4B  Note: Large amount of debris,I2B  Note: Large amount of debris,J2B Note: Large amount of debris,"K2B Note: low cell abundance, Debris"
Phylum,Species,1/10/17,1/10/17,1/10/17,1/10/17,1/6/17,1/6/17,1/6/17,1/4/17,1/4/17,1/4/17,1/10/17,1/10/17,1/10/17,1/10/17,1/6/17,1/6/17,1/6/17,1/4/17,1/4/17,1/4/17,2/8/17,2/8/17,2/8/17,2/8/17,2/14/17,2/14/17,2/14/17,2/7/17,2/7/17,2/7/17,2/8/17,2/8/17,2/8/17,2/8/17,2/14/17,2/14/17,2/14/17,2/7/17,2/7/17,2/7/17,3/7/17,3/7/17,3/7/17,3/7/17,3/8/17,3/8/17,3/6/17,3/6/17,3/6/17,3/6/17,3/7/17,3/7/17,3/7/17,3/7/17,3/8/17,3/8/17,3/6/17,3/6/17,3/6/17,3/6/17,4/4/17,4/4/17,4/5/17,4/5/17,4/5/17,4/5/17,4/5/17,4/3/17,4/3/17,4/3/17,4/4/17,4/4/17,4/5/17,4/5/17,4/5/17,4/5/17,4/5/17,4/3/17,4/3/17,4/3/17,5/3/17,5/3/17,5/3/17,5/3/17,5/4/17,5/4/17,5/1/17,5/1/17,5/1/17,5/1/17,5/3/17,5/3/17,5/3/17,5/3/17,5/4/17,5/4/17,5/1/17,5/1/17,5/1/17,5/1/17,6/7/17,6/7/17,6/7/17,6/6/17,6/7/17,6/7/17,6/8/17,6/5/17,6/5/17,6/5/17,6/7/17,6/7/17,6/7/17,6/6/17,6/7/17,6/7/17,6/8/17,6/5/17,6/5/17,6/5/17,7/6/17,7/6/17,7/6/17,7/6/17,7/7/17,7/7/17,7/5/17,7/5/17,7/5/17,7/5/17,7/6/17,7/6/17,7/6/17,7/6/17,7/7/17,7/7/17,7/5/17,7/5/17,7/5/17,7/5/17,8/1/17,8/1/17,8/1/17,8/1/17,8/2/17,8/2/17,8/2/17,7/31/17,7/31/17,7/31/17,8/1/17,8/1/17,8/1/17,8/1/17,8/2/17,8/2/17,8/2/17,7/31/17,7/31/17,7/31/17,8/28/17,8/28/17,8/28/17,8/28/17,8/31/17,8/31/17,8/31/17,9/1/17,9/1/17,9/1/17,8/28/17,8/28/17,8/28/17,8/28/17,8/31/17,8/31/17,8/31/17,9/1/17,9/1/17,9/1/17,10/10/17,10/10/17,10/10/17,10/10/17,10/10/17,10/11/17,10/11/17,10/6/17,10/6/17,10/6/17,10/10/17,10/10/17,10/10/17,10/10/17,10/10/17,10/11/17,10/11/17,10/6/17,10/6/17,10/6/17,11/13/17,11/13/17,11/13/17,11/13/17,11/14/17,11/14/17,11/9/17,11/9/17,11/9/17,11/6/17,11/13/17,11/13/17,11/13/17,11/13/17,11/14/17,11/14/17,11/9/17,11/9/17,11/9/17,11/6/17,11/30/17,11/30/17,11/30/17,11/30/17,11/30/17,12/1/17,12/5/17,12/5/17,11/30/16,12/5/17,11/30/17,11/30/17,11/30/17,11/30/17,11/30/17,12/1/17,12/5/17,12/5/17,11/30/16,12/5/17
Genus,,,,,,,,,,,,,,,,,,,,,,,,,,,,,,,,,,,,,,,,,,,,,,,,,,,,,,,,,,,,,,,,,,,,,,,,,,,,,,,,,,,,,,,,,,,,,,,,,,,,,,,,,,,,,,,,,,,,,,,,,,,,,,,,,,,,,,,,,,,,,,,,,,,,,,,,,,,,,,,,,,,,,,,,,,,,,,,,,,,,,,,,,,,,,,,,,,,,,,,,,,,,,,,,,,,,,,,,,,,,,,,,,,,,,,,,,,,,,,,,,
,,,,,,,,,,,,,,,,,,,,,,,,,,,,,,,,,,,,,,,,,,,,,,,,,,,,,,,,,,,,,,,,,,,,,,,,,,,,,,,,,,,,,,,,,,,,,,,,,,,,,,,,,,,,,,,,,,,,,,,,,,,,,,,,,,,,,,,,,,,,,,,,,,,,,,,,,,,,,,,,,,,,,,,,,,,,,,,,,,,,,,,,,,,,,,,,,,,,,,,,,,,,,,,,,,,,,,,,,,,,,,,,,,,,,,,,,,,,,,,,,
Diatom,,,,,,,,,,,,,,,,,,,,,,,,,,,,,,,,,,,,,,,,,,,,,,,,,,,,,,,,,,,,,,,,,,,,,,,,,,,,,,,,,,,,,,,,,,,,,,,,,,,,,,,,,,,,,,,,,,,,,,,,,,,,,,,,,,,,,,,,,,,,,,,,,,,,,,,,,,,,,,,,,,,,,,,,,,,,,,,,,,,,,,,,,,,,,,,,,,,,,,,,,,,,,,,,,,,,,,,,,,,,,,,,,,,,,,,,,,,,,,,,,
Achnanthes,Achnanthes spp.,1452,,,,1452,704,1452,,,,,,1452,,,,1452,1452,,,1452,,,,1452,748,,1452,,,,,,,1452,,,,1452,,,,,1452,,,,2904,8800,748,8800,1452,1452,,2904,2904,,,13200,,1452,,,8800,,,,,8800,748,,,,,,2904,,,8800,,,,,,,,,,1452,,,,,,,1452,,,1452,2904,,,,,,,,,,,,,,,,2904,,,,,,,,,,,,,,,1452,,704,704,,,,,,,1452,,,,,,,,,,,,,1452,,1452,,,,,,,,,,,,,,,1452,,,,,,,,,,,,,,,,,,,,,,704,,,,,2904,,,,,704,,704,,2904,1452,,,,,,,,,,704,1452,1452,660,,,,,,,2904,704,,704,1452,704,,,,8800,2904,,704
Actinocyclus,Actinocyclus spp.,,,,1452,1452,,1452,,,,,,,,,,,,,,,,,,,,,,,,,,,,,,,,,,,,,,,,,,,,,,,,,,,,,,,,,,,,,,,,,1452,,,,,,,1452,,,,2904,2904,,1452,,1452,,,,,,,,,,,,,,,,,,,,,,,,,,,,,,,,,,,,,,,,,,,,,,,,,,,,,,,,,,,,,,,,,,,,,,,,,,8800,,,,,,,,,,,,704,,704,,,,,,,,,,,,,,,,,,,,,,,,,,,,,,,,,,,,,,,,,,,,,,,,,,,,,,,,,,,,,,,,
Actinoptychus,Actinoptychus senarius,,,,,,,,,,,,,,,,,,,,,,,,,,,,,,,,,,,,,,,,,,,,,,,,,,,,,,,,,,,,,,,,,,,,,,,,,,,,,,,,,,,,,,,,,,,,,,,,,,,,,,,,,,,,,,,,,,,,,,,,,,,,,,,,,,,,,,,,,,,,,,,,,,,,,,,,,,,,,,,,,,,,,,,,,,,,,,,,,,,,,,,,,,,,,,,,,,,,,,,,,,,,,,,,,,,,,,,,,,,,,,,,,,,,,,,,,,,,,,,,
,Actinoptychus undulatus,,,,,,,,,,,,,,,,,,,,,,,,,,,,,,,,,,,,,,,,,,,,,,,,,,,,,,,,,,,,,,,,,,,,,,,,,,,,,,,,,,,,,,,,,,,,,,,,,,,,,,,,,,,,,,,,,,,,,,,,,,,,,,,,,,,,,,,,,,,,,,,,,,,,,,,,,,,,,,,,,,,,,,,,,,,,,,,,,,,,,,,,,,,,,,,,,,,,,,,,,,,,,,,,,,,,,,,,,,,,,,,,,,,,,,,,,,,,,,,,
Amphiprora,Amphiprora spp.,,,,,,,,,,,,,,,,,,,,,,,,,,,,,,,,,,,,,,,,,,,,,,,,,,,,,,,,,,,,,,,,,,748,,,,,1452,,,,,,,,,,,,,,,,,,,,,,,,,,,,,,,,,,,,,,,,,,,,,,,,,,,,,,,,,,,,,,,,,,,,,,,,,,,,,,,,,,,,,,,,,,,,,,,,,,,,,,,,,,,,,,,,,,,,,,,,,,,,,,,,,,,,,,,,,,,,,,,,,,,,,,,,,,,,,,,,,,,,,,,,,
,Amphora spp.,,,,,,,,,,,,,,,,,1452,,,,,,,,,,,,,,,,,,,,,,,,,,,,,,,,,,,,,,,,,1452,,,,,,,,,,,,,,,,,,,,1452,,,,,,,,,,,,,,,,,,,,,,,,,,,,,,,,,,,,,,,,,,,,,,,,,,,,,,,,,,,,,,,,,,,,,,,,,,,,8800,,,8800,1452,,,,,,,,,,,,,,,,,,,,,,,,,,,,,,,,704,,,,,704,,2904,,,,,,,,,,,,1452,,,,704,,,,,,,,,,,,,704,,,,,,,,,,,,,,
Asterionellopsis,"Asterionellopsis glacialis (Asterionella glacialis Castracane 1886 , A. japonica Cleve 1882)",,,,,,,,1452,1452,1452,,,,,,,,,1452,1452,1452,,1452,,1452,,1452,1452,2904,,,,13200,26400,,,4400,8800,,1452,17600,8800,,,1452,1452,,1452,17600,17600,4400,,2904,1452,,8800,17600,13200,30800,26400,,,,,,,,,17600,1452,,,,,,,,,13200,13200,,2904,,1452,2904,,8800,1452,,,,5852,,17600,,,,,8800,1452,,,,,,,,,,2904,,,,1452,,,,,,,,,8800,,,,,,,,,,,,,,,,1452,17600,,,,,,,,,2904,2904,,,,,,,,,,,154000,,,,,,,,,,,,,,,,,,39600,30800,,,,,,,,,,,,,,,,,,,,,,,,,,,,,,,,,,,,,,,,,,,,,,,,,17600,8800,,,,,,,,,704,8800
Asteroplanus,Asteroplanus karianus,,,,,,,,,,,,,,,,,,,,,,,,,,,,,,,,,,,,,,,,,,,,,,,,,,,,,,,,,,,,,,,,,,,,,,,,,,,,,,,,,,,,,,,,,,,,,,,,,,,,,,,,,,,,,,,,,,,,,,,,,,,,,,,,,,,,,,,,,,,,,,,,,,,,,,,,,,,,,,,,,,,,,,,,,,,,,,,,,,,,,,,,,,,,,,,,,,,,,,,,,,,,,,,,,,,,,,,,,,,,,,,,,,,,,,,,,,,,,,,,
Bacillaria,Bacillaria paxillifer,,,,,,,,,,,,,,,,,,,,,,,,,,,,,,,,,,,,,,,1452,,,,,,,,,,,,,,,,,,,,,,,,,,,,,,,,,,,,,,,,,,,,,,,,,,,,,,,,,,,,8800,,,,,,,,,,,,,,,,,,,,,,,,,,,,,,,,,,,,,,,,,,,,,,,,,,,,,,,,,,,,,,,,,,,,,,,,,,,,,,,,,,,,,,,,,,5852,,7304,,,,,,,,,,,,,,,,,,,,,,,,,,,,,,,,,,,,,,7304,,,,,,,,,,,10252
Bacteriastrum,Bacteriastrum spp.,,,,,,,,,,,,,,,,,,,,,,,,,,,,,,,,,,,,,,,,,,,,,,,,,,,,,,,,,,,,,,,,,,,,,,,,,,,,,,,,,,,,,,,,,,,,,,,,,,,,,,,,,,,,,,,,,,,,,,,,,,,,,,,,,,,,,,,,,,,,,,,,,,,,,,,,,,,,,,,,,,,,,,,,,,,,,,,,,,,,,,,,,,,,,,,,,,,,,,,,,,,,,,,,,,,,,,,,,,,,,,,,,,,,,,,,,,,,,,,,
Cerataulina,Cerataulina pelagica,8800,2904,,8800,,,,,,,5852,,8800,,,,,,1452,,13200,2904,13200,48400,,17600,8800,,13200,8800,1452,8800,48400,,13200,2904,,13200,,,35200,136400,61600,110000,22000,,,,22000,7304,206800,26400,114400,52800,22000,52800,22000,13200,8800,8800,154000,162800,,,,,,,,,202400,26400,,8800,,,,,,,61600,110000,44000,88000,70400,13200,,,,,136400,118800,259600,48400,,,,,,,,,,,,,,8800,,,8800,,,,,,,,,,17600,,,,,,,,,,,,,,,,,,1452,,,8800,,,,,,,,,,,,,,,,,,,1452,8800,,1452,8800,,,,,,,,,,,704,,,13200,1452,8800,,,2904,13200,13200,35200,2904,,,4400,8800,4400,1452,2904,17600,4400,26400,26400,1452,,,,,,,4400,,,,1452,,,,1452,5852,,,,,2904,704,704,,1452,,4400,1452,,,704,1452,1452,2904,,,,1452,,
Chaetoceros,Chaetoceros compressus,,,,,,,,,,,,,,,,,,,,,,,,,,,,,,,,,,,,,,,,,,,,,,,,,,,,,,,,,,,,,,,,,,,,,,,,,,,,,,,,,,,,,,,,,,,,,,,,,,,,,,,,,,,,,,,,,,,,,,,,,,,,,,,,,,,,,,,,,,,,,,,,,,,,,,,,,,,,,,,,,,,,,,,,,,,,,,,,,,,,,,,,,,,,,,,,,,,,,,,,,,,,,,,,,,,,,,,,,,,,,,,,,,,,,,,,,,,,,,,,
,resting spores of Chaetoceros compressus,,,,,,,,,,,,,,,,,,,,,,,,,,,,,,,,,,,,,,,,,,,,,,,,,,,,,,,,,,,,,,,,,,,,,,,,,,,,,,,,,,,,,,,,,,,,,,,,,,,,,,,,,,,,,,,,,,,,,,,,,,,,,,,,,,,,,,,,,,,,,,,,,,,,,,,,,,,,,,,,,,,,,,,,,,,,,,,,,,,,,,,,,,,,,,,,,,,,,,,,,,,,,,,,,,,,,,,,,,,,,,,,,,,,,,,,,,,,,,,,
,Chaetoceros constrictus,,,,,,,,,,,,,,,,,,,,,,,,,,,,,,,,,,,,,,,,,,,,,,,,,,,,,,,,,,,,,,,,,,,,,,,,,,,,,,,,,,,,,,,,,,,,,,,,,,,,,,,,,,,,,,,,,,,,,,,,,,,,,,,,,,,,,,,,,,,,,,,,,,,,,,,,,,,,,,,,,,,,,,,,,,,,,,,,,,,,,,,,,,,,,,,,,,,,,,,,,,,,,,,,,,,,,,,,,,,,,,,,,,,,,,,,,,,,,,,,
,Chaetoceros curvisetus,,,,,,,,,,,,,,,,,,,,,,,,,,,,,,,,,,,,,,,,,,,,,,,,,,,,,,,,,,,,,,,,,,,,,,,,,,,,,,,,,,,,,,,,,,,,,,,,,,,,,,,,,,,,,,,,,,,,,,,,,,,,,,,,,,,,,,,,,,,,,,,,,,,,,,,,,,,,,,,,,,,,,,,,,,,,,,,,,,,,,,,,,,,,,,,,,,,,,,,,,,,,,,,,,,,,,,,,,,,,,,,,,,,,,,,,,,,,,,,,
,Chaetoceros danicus,,,,,,,,,,,,,,1452,,,,,,,,,,,,5852,,,,,1452,,1452,8800,,,,1452,,1452,1452,,,,,,,1452,8800,,,,,,,,,,,1452,,,,,,,,,,,,,,,,,,,,,,,,,,,,,,,,,,,,,,,,,,,,,,,,,,,,,,,,,,,,,,,,,,,,,,,,,,,,,,,,,,,,,,,,,,,,,,,,,,,,,,1452,1452,,,,,,,,,,,,,,,,704,,,,,,,,,,,,,,,1452,,,,,,,,,,,,,,2904,,,,,,,,,,,,,,,,,,,,,,,,,,,,,,,,
,Chaetoceros debilis,,,,,,,,,,,,,,,,,,,,,,,,,,,,,,,,,,,,,,,,,,,,,,,,,,,,,,,,,,,,,,,,,,,,,,,,,,,,,,,,,,,,,,,,,,,,,,,,,,,,,,,,,,,,,,,,,,,,,,,,,,,,,,,,,,,,,,,,,,,,,,,,,,,,,,,,,,,,,,,,,,,,,,,,,,,,,,,,,,,,,,,,,,,,,,,,,,,,,,,,,,,,,,,,,,,,,,,,,,,,,,,,,,,,,,,,,,,,,,,,
,Chaetoceros decipiens,,,,,,,,,,,,,,,,,,,,,,,,,,,,,,,,,,,,,,,,,,,,,,,,,,,,,,,,,,,,,,,,,,,,,,,,,,,,,,,,,,,,,,,,,,,,,,,,,,,,,,,,,,,,,,,,,,,,,,,,,,,,,,,,,,,,,,,,,,,,,,,,,,,,,,,,,,,,,,,,,,,,,,,,,,,,,,,,,,,,,,,,,,,,,,,,,,,,,,,,,,,,,,,,,,,,,,,,,,,,,,,,,,,,,,,,,,,,,,,,
,Chaetoceros didymus,,,,,,,,,,,,,,,,,,,,,,,,,,,,,,,,,,,,,,,,,,,,,,,,,,,,,,,,,,,,,,,,,,,,,,,,,,,,,,,,,,,,,,,,,,,,,,,,,,,,,,,,,,,,,,,,,,,,,,,,,,,,,,,,,,,,,,,,,,,,,,,,,,,,,,,,,,,,,,,,,,,,,,,,,,,,,,,,,,,,,,,,,,,,,,,,,,,,,,,,,,,,,,,,,,,,,,,,,,,,,,,,,,,,,,,,,,,,,,,,
,resting spores of Chaetoceros didymus,,,,,,,,,,,,,,,,,,,,,,,,,,,,,,,,,,,,,,,,,,,,,,,,,,,,,,,,,,,,,,,,,,,,,,,,,,,,,,,,,,,,,,,,,,,,,,,,,,,,,,,,,,,,,,,,,,,,,,,,,,,,,,,,,,,,,,,,,,,,,,,,,,,,,,,,,,,,,,,,,,,,,,,,,,,,,,,,,,,,,,,,,,,,,,,,,,,,,,,,,,,,,,,,,,,,,,,,,,,,,,,,,,,,,,,,,,,,,,,,
,Chaetoceros distans,,,,,,,,,,,,,,,,,,,,,,,,,,,,,,,,,,,,,,,,,,,,,,,,,,,,,,,,,,,,,,,,,,,,,,,,,,,,,,,,,,,,,,,,,,,,,,,,,,,,,,,,,,,,,,,,,,,,,,,,,,,,,,,,,,,,,,,,,,,,,,,,,,,,,,,,,,,,,,,,,,,,,,,,,,,,,,,,,,,,,,,,,,,,,,,,,,,,,,,,,,,,,,,,,,,,,,,,,,,,,,,,,,,,,,,,,,,,,,,,
,Chaetoceros eibenii,,,,,,,,,,,,,,,,,,,,,,,,,,,,,,,,,,,,,,,,,,,,,,,,,,,,,,,,,,,,,,,,,,,,,,,,,,,,,,,,,,,,,,,,,,,,,,,,,,,,,,,,,,,,,,,,,,,,,,,,,,,,,,,,,,,,,,,,,,,,,,,,,,,,,,,,,,,,,,,,,,,,,,,,,,,,,,,,,,,,,,,,,,,,,,,,,,,,,,,,,,,,,,,,,,,,,,,,,,,,,,,,,,,,,,,,,,,,,,,,
,Chaetoceros lorenzianus,,,,,,,,,,,,,,,,,,,,,,,,,,,,,,,,,,,,,,,,,,,,,,,,,,,,,,,,,,,,,,,,,,,,,,,,,,,,,,,,,,,,,,,,,,,,,,,,,,,,,,,,,,,,,,,,,,,,,,,,,,,,,,,,,,,,,,,,,,,,,,,,,,,,,,,,,,,,,,,,,,,,,,,,,,,,,,,,,,,,,,,,,,,,,,,,,,,,,,,,,,,,,,,,,,,,,,,,,,,,,,,,,,,,,,,,,,,,,,,,
,resting spores of Chaetoceros lorenzianus,,,,,,,,,,,,,,,,,,,,,,,,,,,,,,,,,,,,,,,,,,,,,,,,,,,,,,,,,,,,,,,,,,,,,,,,,,,,,,,,,,,,,,,,,,,,,,,,,,,,,,,,,,,,,,,,,,,,,,,,,,,,,,,,,,,,,,,,,,,,,,,,,,,,,,,,,,,,,,,,,,,,,,,,,,,,,,,,,,,,,,,,,,,,,,,,,,,,,,,,,,,,,,,,,,,,,,,,,,,,,,,,,,,,,,,,,,,,,,,,
,Chaetoceros pseudocurvisetus,,,,,,,,,,,,,,,,,,,,,,,,,,,,,,,,,,,,,,,,,,,,,,,,,,,,,,,,,,,,,,,,,,,,,,,,,,,,,,,,,,,,,,,,,,,,,,,,,,,,,,,,,,,,,,,,,,,,,,,,,,,,,,,,,,,,,,,,,,,,,,,,,,,,,,,,,,,,,,,,,,,,,,,,,,,,,,,,,,,,,,,,,,,,,,,,,,,,,,,,,,,,,,,,,,,,,,,,,,,,,,,,,,,,,,,,,,,,,,,,
,Chaetoceros rostratus,,,,,,,,,,,,,,,,,,,,,,,,,,,,,,,,,,,,,,,,,,,,,,,,,,,,,,,,,,,,,,,,,,,,,,,,,,,,,,,,,,,,,,,,,,,,,,,,,,,,,,,,,,,,,,,,,,,,,,,,,,,,,,,,,,,,,,,,,,,,,,,,,,,,,,,,,,,,,,,,,,,,,,,,,,,,,,,,,,,,,,,,,,,,,,,,,,,,,,,,,,,,,,,,,,,,,,,,,,,,,,,,,,,,,,,,,,,,,,,,
,Chaetoceros simplex,,,,,,,,,,,,,,,,,,,,,1452,1452,1452,,,,,1452,,,,8800,1452,,,,,,,,,,1452,1452,,,,,8800,,,,,,,,,,1452,,,,,,,,,,,,,,,,1452,,,,,,,,,,,,,,,,,,,,,,,,,,,,,,,,,,,,,,,,,,,,,,,,,,,,,,,,,,,,,,,,,,,,,,,,,,1452,,,,,,,1452,,,1452,,,,,,,,,,,1452,,,,,,,,,1452,1452,,704,,,,,,,4400,,,704,,,,8800,,30800,,,,,,,,,,,,,,,,,,,,,,,,,1452,,704,,,,,,,,,2904,,,,,,
,Chaetoceros socialis,,,,,,,,,,,,,,,,,,,,,,,,,,,,,,,,,,,,,,,,,,,,,,,,,,,,,,,,,,,,,,,,,,,,,,,,,,,,,,,,,,,,,,,,,,,,,,,,,,,,,,,,,,,,,,,,,,,,,,,,,,,,,,,,,,,,,,,,,,,,,,,,,,,,,,,,,,,,,,,,,,,,,,,,,,,,,,,,,110000,,,,,,,,,,,,,,,,,,,,,,,,,,,,,,,,,,,,,,,,,,,,,,,,,,,,,,,,,,,,,,,
,Chaetoceros teres,,,,,,,,,,,,,,,,,,,,,,,,,,,,,,,,,,,,,,,,,,,,,,,,,,,,,,,,,,,,,,,,,,,,,,,,,,,,,,,,,,,,,,,,,,,,,,,,,,,,,,,,,,,,,,,,,,,,,,,,,,,,,,,,,,,,,,,,,,,,,,,,,,,,,,,,,,,,,,,,,,,,,,,,,,,,,,,,,,,,,,,,,,,,,,,,,,,,,,,,,,,,,,,,,,,,,,,,,,,,,,,,,,,,,,,,,,,,,,,,
,Chaetoceros spp.,44000,30800,,105600,30800,17600,13200,17600,13200,22000,44000,44000,17600,,17600,48400,8800,13200,,22000,8800,48400,,17600,5852,17600,13200,35200,,,,39600,8800,44000,44000,13200,17600,22000,74800,13200,26400,17600,39600,,,,10252,,,22000,26400,4400,,,,,92400,,88000,22000,,,,,,5852,,,,,,,,,,5852,,,13200,,,26400,,13200,,,,,,30800,,,,,,,,,,,5852,,,,,,,,,,,,,,,,,,,4400,,26400,,,,,,,2904,17600,13200,,,,,,,,48400,,26400,,,,,2904,4400,2904,13200,,,,,,,2904,,,22000,17600,66000,8800,,,294800,,,,,,,,,,,264000,198000,1452,,,,,13200,83600,167200,57200,101200,66000,17600,44000,13200,13200,1452,30800,22000,123200,110000,96800,39600,,2904,,,35200,22000,52800,22000,26400,92400,10252,,,30800,66000,39600,39600,39600,8800,22000,,2904,39600,,5852,7304,13200,,,22000,,,,,10252,2904,1452,,,,
,resting spores of Chaetoceros spp.,,,,,,,,,,,,,,,,,,,,,,,,,,,,,,,,,,,,,,,,,,,,,,,,,,,,,,,,,,,,,,,,,,,,,,,,,,,,,,,,,,,,,,,,,,,,,,,,,,,,,,,,,,,,,,,,,,,,,,,,,,,,,,,,,,,,,,,,,,,,,,,,,,,,,,,,,,,,,,,,,,,,,,,,,,,,,,,,,,,,,,,,,,,,,,,,,,,,,,,,,,,,,,,,,,,,,,,,,,,,,,,,,,,,,,,,,,,,,,,,
Climacosphenia,Climacosphenia moniligera,,,,,,,,,,,,,,,,,,,,,,,,,,,,,,,,,,,,,,,,,,,,,,,,,,,,,,,,,,,,,,,,,,,,,,,,,,,,,,,,,,,,,,,,,,,,,,,,,,,,,,,,,,,,,,,,,,,,,,,,,,,,,,,,,,,,,,,,,,,,,,,,,,,,,,,,,,,,,,,,,,,,,,,,,,,,,,,,,,,,,,,,,,,,,,,,,,,,,,,,,,,,,,,,,,,,,,,,,,,,,,,,,,,,,,,,,,,,,,,,
Corethron,Corethron hystrix,,,,,,,,,,,,,,,,,,,,,,,,,,,,,,,,,,,,,,,,,,,,,,,,,,,,,,,,,,,,,,,,,,,,,,,,,,,,,,,,,,,,,,,,,,,,,,,,,,,,,,,,,,,,,,,,,,,,,,,,,,,,,,,,,,,,,,,,,,,,,,,,,,,,,,,,,,,,,,,,,,,,,,,,,,,,,,,,,,,,,,,,,,,,,,,,,,,,,,,,,,,,,,,,,,,,,,,,,,,,,,,,,,,,,,,,,,,,,,,,
,Corethron criophlium,,,,,,,,,,,,,,,,,,,,,,,,,,,,,,1452,,,,,,,,,1452,1452,,,,,,,,8800,,,,,,,,,,1452,,1452,,,,,,,,,,,,,,,,,,,,1452,,,,,,,,,,,,,,,,,,,,,,,,,,,,,,,,,,,,,,,,,,,,,,,,,,,,,,,,,,,,,,,,,,,1452,,,,,,,,,,,,,,,,,,,,,,,,,,,,,,,,,,,,,,,,,,,,,,,,,,,,,,,,,704,,,,,,,,,,,,,,,,,,,,,,,,,,,,,,,,,,,,
Coscinodiscus,Coscinodiscus asteromphalus,,,,,,,,,,,,,,,,,,,,,,,,,,,,,,,,,,,,,,,,,,,,,,,,,,,,,,,,,,,,,,,,,,,,,,,,,,,,,,,,,,,,,,,,,,,,,,,,,,,,,,,,,,,,,,,,,,,,,,,,,,,,,,,,,,,,,,,,,,,,,,,,,,,,,,,,,,,,,,,,,,,,,,,,,,,,,,,,,,,,,,,,,,,,,,,,,,,,,,,,,,,,,,,,,,,,,,,,,,,,,,,,,,,,,,,,,,,,,,,,
,Coscinodiscus bipartitus,,,,,,,,,,,,,,,,,,,,,,,,,,,,,,,,,,,,,,,,,,,,,,,,,,,,,,,,,,,,,,,,,,,,,,,,,,,,,,,,,,,,,,,,,,,,,,,,,,,,,,,,,,,,,,,,,,,,,,,,,,,,,,,,,,,,,,,,,,,,,,,,,,,,,,,,,,,,,,,,,,,,,,,,,,,,,,,,,,,,,,,,,,,,,,,,,,,,,,,,,,,,,,,,,,,,,,,,,,,,,,,,,,,,,,,,,,,,,,,,
,Coscinodiscus blandus,,,,,,,,,,,,,,,,,,,,,,,,,,,,,,,,,,,,,,,,,,,,,,,,,,,,,,,,,,,,,,,,,,,,,,,,,,,,,,,,,,,,,,,,,,,,,,,,,,,,,,,,,,,,,,,,,,,,,,,,,,,,,,,,,,,,,,,,,,,,,,,,,,,,,,,,,,,,,,,,,,,,,,,,,,,,,,,,,,,,,,,,,,,,,,,,,,,,,,,,,,,,,,,,,,,,,,,,,,,,,,,,,,,,,,,,,,,,,,,,
,Coscinodiscus concinus,,,,,,,,,,,,,,,,,,,,,,,,,,,,,,,,,,,,,,,,,,,,,,,,,,,,,,,,,,,,,,,,,,,,,,,,,,,,,,,,,,,,,,,,,,,,,,,,,,,,,,,,,,,,,,,,,,,,,,,,,,,,,,,,,,,,,,,,,,,,,,,,,,,,,,,,,,,,,,,,,,,,,,,,,,,,,,,,,,,,,,,,,,,,,,,,,,,,,,,,,,,,,,,,,,,,,,,,,,,,,,,,,,,,,,,,,,,,,,,,
,Coscinodiscus lineatus,,,,,,,,,,,,,,,,,,,,,,,,,,,,,,,,,,,,,,,,,,,,,,,,,,,,,,,,,,,,,,,,,,,,,,,,,,,,,,,,,,,,,,,,,,,,,,,,,,,,,,,,,,,,,,,,,,,,,,,,,,,,,,,,,,,,,,,,,,,,,,,,,,,,,,,,,,,,,,,,,,,,,,,,,,,,,,,,,,,,,,,,,,,,,,,,,,,,,,,,,,,,,,,,,,,,,,,,,,,,,,,,,,,,,,,,,,,,,,,,
,Coscinodiscus radiatus,,,,,,,,,,,,,,,,,,,,,,,,,,,,,,,,,,,,,,,,,,,,,,,,,,,,,,,,,,,,,,,,,,,,,,,,,,,,,,,,,,,,,,,,,,,,,,,,,,,,,,,,,,,,,,,,,,,,,,,,,,,,,,,,,,,,,,,,,,,,,,,,,,,,,,,,,,,,,,,,,,,,,,,,,,,,,,,,,,,,,,,,,,,,,,,,,,,,,,,,,,,,,,,,,,,,,,,,,,,,,,,,,,,,,,,,,,,,,,,,
,Coscinodiscus spp.,,,,,,,,,,,,,,704,1452,,1452,,1452,,,,,,1452,1452,,,,,,,,,,,,,,,,,,,,,,,,,,,,,,,,,,,,,,,,,,,,,,,,,,,,,,,,,,,,1452,,,,,,,,,,,,,,,,,,,,,,,,,,,,,,,,,,,,,,,,,,,,,,,,,,,,,,,,,,,,,,,,,,,,,,,,,,,,,,,,,,,,,1452,,,,,,,,,,,,2904,,,,,,,,2904,,1452,4400,,704,,,704,704,,,704,704,,,,,,,,704,,704,704,704,,704,,,,,,704,,,,1452,704,704,,704,,,,704,1452,,2904,
Cyclindrotheca,Cyclindrotheca closterium,,,,,,,,,,,,,,,,,,,,,,,,,,,,,,1452,,,,,,2904,1452,1452,,2904,,,,,,,,,,,,1452,,,,,,1452,13200,1452,,,,,,,,,,,,,,,,,,,,,,,,,,,,,,,,,,,,,,,,,,,,,,,,,,,,,,,,,,,,,,,,,,,,,,,,,,,,,,,,,,,,,,,,,,,,,,,,,,,,,,,,,,,,,,,,,,,,,,,,,,,,,,,,,,,,,,,,,,,,,,,,,,,,,,,,,,,,,,,,,,,,,,,,,,,,,,,,,,,,
Cyclotella,Cyclotella spp.,,,,,,,,,,,,,,,,,,,,,,,,,,,,,,,,,,,,,,,,,,,,,,,,,,,,,,,,,,,,,,,,,,,,,,,,,,,,,,,,,,,,,,,,,,,,,,,,,,,,,,,,,,,,,,,,,,,,,,,,,,,,,,,,,,,,,,,,,,,,,,,,,,,,,,,,,,,,,,,,,,,,,,,,,,,,,,,,,,,,,,,,,,,,,,,,,,,,,,,,,,,,,,,,,,,,,,,,,,,,,,,,,,,,,,,,,,,,,,,,
,Cyclotella striata,,,,,,,,,,,,,,,,,,,,,,,,,,,,,,,,,,,,,,,,,,,,,,,,,,,,,,,,,,,,,,,,,,,,,,,,,,,,,,,,,,,,,,,,,,,,,,,,,,,,,,,,,,,,,,,,,,,,,,,,,,,,,,,,,,,,,,,,,,,,,,,,,,,,,,,,,,,,,,,,,,,,,,,,,,,,,,,,,,,,,,,,,,,,,,,,,,,,,,,,,,,,,,,,,,,,,,,,,,,,,,,,,,,,,,,,,,,,,,,,
,Cyclotella stylorum,,,,,,,,,,,,,,,,,,,,,,,,,,,,,,,,,,,,,,,,,,,,,,,,,,,,,,,,,,,,,,,,,,,,,,,,,,,,,,,,,,,,,,,,,,,,,,,,,,,,,,,,,,,,,,,,,,,,,,,,,,,,,,,,,,,,,,,,,,,,,,,,,,,,,,,,,,,,,,,,,,,,,,,,,,,,,,,,,,,,,,,,,,,,,,,,,,,,,,,,,,,,,,,,,,,,,,,,,,,,,,,,,,,,,,,,,,,,,,,,
Cymbella ,Cymbella spp.,,,,,,,,,,,,,,,,,,,,,,,,,,,,,,,,,,,,,,,,,,,,,,,,,,,,,,,,,,,,,,,,,,,,,,,,,,,,,,,,,,,,,,,,,,,,,,,,,,,,,,,,,,,,,,,,,,,,,,,,,,,,,,,,,,,,,,,,,,,,,,,,,,,,,,,,,,,,,,,,,,,,,,,,,,,,,,,,,,,,,,,,,,,,,,,,,,,,,,,,,,,,,,,,,,,,,,,,,,,,,,,,,,,,,,,,,,,,,,,,
Dactyliosolen,Dactyliosolen fragilissimus,,,,,,,,,,,,,,,,,,,,,,,,,,,,,,,,,,,,,,,,,4400,30800,4400,39600,8800,1452,26400,5852,,,,44000,,,,,,,,,,,,,,,,,,,,,,,,,,,,,576400,470800,959200,752400,1113200,176000,,290400,,,182160,448800,1628000,787600,453200,356400,2904,,,4400,,,,,,,,,,,,,,,,,,,,,,39600,22000,101200,114400,79200,22000,8800,,17600,,,4400,,,,,,,,17600,211200,22000,4400,,8800,66000,,,13200,22000,,,,,,,,17600,,,,,,,,,,,,,,,,,,17600,,,,,,,,,,,,,,,,,,,,,,,,,,,,,,,,,,,,,,,,,,,,,,,,,,,,,,,,,,,,,,,
Delphineis,Delphineis surriella,,,,,,,,,,,,,,,,,,,,,,,,,,,,,,,,,,,,,,,,,,,,,,,,,,,,,,,,,,,,1452,,,,,,,,,,,,,,,,,,,,,,,,,,,,,,,,,,,,,,,,,,,,,,,,,,,,,,,,,,,,,,,,,,,,,,,,,,,,,,,,,,,,,,,,,,,,,,,,,,,,,,,,,,,,,,,,,,,,,,,,,,,,,,,,,,,,,,,,,,,,,,,,,,,,,,,,,,,,,,,,,,,,,,,,,,,,,,,,,,,,
,Delphineis spp. ,,,,,,,,,,,,,,,,,,,,,,,,,,,,,,,,,,,,,,,,,,,,,,,,,,,,,,,,,,,,,,,,,,,,,,,,,,,,,,,,,,,,,,,,,1452,,,,,,,,,,,,,,,,,,,,,,,1452,,,,,,,,,,,,,,,,,,,,,,,,,,,,,,,,,,,,,,,,,,,,,,,,,,,,,,,,,,,,,,,,,,,704,,,,,,,,,,,,,,,,,,,,,,,,,,,,,,,,,,,,,,,,,,,,,,,,,,,,,,,,,,,,,
Detonula,Detonula confervacea,,,,,,,,,,,,,,,,,,,,,,,,,,,,,,,,,,,,,,,,,,,,,,,,,,,,,,,,,,,,,,,,,,,,,,,,,,,,,,,,,,,,,,,,,,,,,,,,,,,,,,,,,,,,,,,,,,,,,,,,,,,,,,,,,,,,,,,,,,,,,,,,,,,,,,,,,,,,,,,,,,,,,,,,,,,,,,,,,,,,,,,,,,,,,,,,,,,,,,,,,,,,,,,,,,,,,,,,,,,,,,,,,,,,,,,,,,,,,,,,
,Detonula pumila,,,,,,,,,,,,,,,,,,,,,,,,,,,,,,,,,,,,,,,,,,,,,,,,,,,,,,,,,,,,,,,,,,,,,,,,,,,,,,,,,,,,,,,,,,,,,,,,,,,,,,,,,,,,,,,,,,,,,,,,,,,,,,,,,,,,,,,,,,,,,,,,,,,,,,,,,,,,,,,,,,,,,,,,,,,,,,,,,,,,,,,,,,,,,,,,,,,,,,,,,,,,,,,,,,,,,,,,,,,,,,,,,,,,,,,,,,,,,,,,
Diatoma,Diatoma vulgaris,,,,,,,,,,,,,,,,,,,,,,,,,,,,,,,,,,,,,,,,,,,,,,,,,,,,,,,,,,,,,,,,,,,,,,,,,,,,,,,,,,,,,,,,,,,,,,,,,,,,,,,,,,,,,,,,,,,,,,,,,,,,,,,,,,,,,,,,,,,,,,,,,,,,,,,,,,,,,,,,,,,,,,,,,,,,,,,,,,,,,,,,,,,,,,,,,,,,,,,,,,,,,,,,,,,,,,,,,,,,,,,,,,,,,,,,,,,,,,,,
Ditylum,Ditylum brightwellii,,704,,,,,,,,,1452,,,,,,704,,,,,2904,1452,,1452,,,,1452,,1452,,1452,,,,,,,1452,,,,,748,,,,1452,,,,,,,,,,13200,1452,,,,,,,,,,,,,,,,,,,,,,,,,,,,,,,748,,,,,,,,,,,,,,,,,,,,,,,,,,,,,,,,,,,,,,,,,,,,,,,,,,,,,,,,,,,,,,,,,,,,,,,,,,,,,,,,,,,,,,,,,704,,2904,,,,704,,1452,,704,,1452,2904,,,,,,,,,,,,1452,1452,,1452,,704,,,,704,704,,704,704,,2904,,,704,,704,,,704,,,704,704,704,704,,,704,,,
Diploneis,Diploneis smithii,,,,,,,,,,,,,,,,,,,,,,,,,,,,,,,,,,,,,,,,,,,,,,,,,,,,,,,,,,,,,,,,,,,,,,,,,,,,,,,,,,,,,,,,,,,,,,,,,,,,,,,,,,,,,,,,,,,,,,,,,,,,,,,,,,,,,,,,,,,,,,,,,,,,,,,,,,,,,,,,,,,,,,,,,,,,,,,,,,,,,,,,,,,,,,,,,,,,,,,,,,,,,,,,,,,,,,,,,,,,,,,,,,,,,,,,,,,,,,,,
,Diploneis sp.,,,,,,,,,,,,,,,,,,,,,,,,,,,,,,,,,,,,,,,,,,,,,,,,,,,,,,,,,,,,,,,,,,,,,,,,,,,,,,,,,,,,,,,,,,,,,,,,,,,,,,,,,,,,,,,,,,,,,,,,,,,,,,,,,,,,,,,,,,,,,,,,,,,,,,,,,,,,,,,,,,,,,,,,,,,,,,,,,,,,,,,,,,,,,,,,,,,,,,,,,,,,,,,,,,,,,,,,,,,,,,,,,,,,,,,,,,,,,,,,
Eucampia,Eucampia cornuta,,,,,,,,,,,,,,,,,,,,,,,,,,,,,,,,,,,,,,,,,,,,,,,,,,,,,,,,,,2904,,,,,,,,,,,,,,,,,,,,,,,8800,74800,88000,70400,8800,8800,,1452,,,57200,61600,52800,17600,8800,8800,,,,,,,,,,,,,,,,,,,,,,,,,,,,,,,,,,,,,,,,,,,,,,,,,,,,,1452,1452,,,,,,,,,,704,,,,,,,,,,,,,,,,,,,,,,,,,,,,,,,,,,,,,,,,,,,,,,,,,,,,,,,,,,,,,,,,,,,,,,,,,,,,,,,,
,Eucampia zodiacus,2904,,1452,704,,1452,,,,,5852,,,,,,,,,,,,,,4400,,,,,,,,,,,,,,,2904,,,,,,,,,,,,,,,,,,,1452,,,,,,,,,,,,,,,,,,,,,,4400,30800,,,17600,,,,,,,,44000,8800,1452,,,,,,,,,,,,,,,,,,,,,,,,,,,2904,,,,,,,,,,,,,,,,,,,,,,,,,,,,,,,,,,,,,,,,1452,,,,,,,,,,,,,,,,,2904,,,,,11704,4400,30800,35200,17600,8800,2904,,,1452,4400,13200,74800,26400,5852,4400,5852,,,1452,22000,,8800,35200,39600,10252,17600,,,4400,22000,7304,,35200,10252,44000,52800,1452,2904,5852,,,,10252,2904,,1452,1452,2904,,,704,704,5852,,,704
Fragilaria,Fragilaria spp.,,,,,1452,,,1452,,1452,1452,,,,,,,,,,1452,,,,,,,,,,,4400,,,,,,,,,,,,,,,,,,,,,,,,,,,,,,,,,,,,,,,,,,,,,,,,,,,,,2904,,,,,,,,,,,,,,,,,,,,,,,,,,,,,,,,1452,,,,132000,4400,13200,,,,,,,,,,1452,,,,,,,,,,,,,,,,,,,,,,,,,,,,,,,,,,,,,,2904,,,,,,,,,,,,,,,,,,,,13200,,,,,,,,,,,,704,,,,1452,,,,,,,,,,,,,5852,,,,,,,,,,,,,704,1452,,704,2904,,,
Frustulia,Frustulia spp.,1452,1452,,17600,1452,1452,8800,1452,,,,,1452,,1452,2904,8800,1452,1452,,2904,8800,,,,2904,1452,,,,2904,1452,1452,,17600,5852,2904,8800,13200,8800,1452,,,,,,,,,1452,,,,1452,,,1452,1452,,,13200,1452,,1452,1452,1452,,2904,13200,,8800,,,,1452,1452,,1452,4400,8800,2904,,,2904,1452,1452,1452,1452,2904,1452,8800,,,1452,1452,748,1452,2904,,2904,,,1452,1452,,,,,,,1452,1452,,,,1452,,,,,35200,39600,,17600,,,,,,1452,,2904,,,,,2904,,1452,,,,,,,,,1452,1452,8800,4400,17600,1452,,,2904,,1452,1452,704,1452,,,13200,2904,,,,8800,8800,1452,1452,,,,4400,1452,1452,,,,1452,,1452,,,,1452,,1452,,2904,1452,4400,,,2904,,,704,,,,1452,2904,1452,2904,1452,2904,17600,,1452,2904,,1452,,2904,4400,,5852,22000,,2904,,704,13200,5852,1452,,2904,,2904,2904,1452,,2904,1452,,2904,
Gomphonema,Gomphonema spp.,,,,,,,,,,,,,,,,,,,,,,,,,,,,,,,,,,,,,,,,,,,,,,,,,,,,,,,,,,,,,,,,,,,,,,,,,,,,,,,,,,,,,,,,,,,,,,,,,,,,,,,,,,,,,,,,,,,,,,,,,,,,,,,,,,,,,,,,,,,,,,,,,,,,,,,,,,,,,,,,,,,,,,,,,,,,,,,,,,,,,,,,,,,,,,,,,,,,,,,,,,,,,,,,,,,,,,,,,,,,,,,,,,,,,,,,,,,,,,,,
Grammatophora,Grammatophora marina,,,,,,,,,,,,,,,,,,,,,,,,,,,,,,,,,,,,,,,,,,,,,,,,,,,,,,,,,,,,,,,,,,,,,,,,,,,,,,,,,,,,,,,,,,,,,,,,,,,,,,,,,,,,,,,,,,,,,,,,,,,,,,,,,,,,,,,,,,,,,,,,,,,,,,,,,,,,,,,,,,,,,,,,,,,,,,,,,,,,,,,,,,,,,,,,,,,,,,,,,,,,,,,,,,,,,,,,,,,,,,,,,,,,,,,,,,,,,,,,
Guinardia,Guinardia delicatula,2904,,,8800,1452,1452,13200,,,1452,,,,,,,,,,,,,,,,,,,,,,,,8800,1452,,,1452,,,576400,690800,585200,563200,250800,250800,224400,136400,101200,92400,488400,250800,202400,215600,189200,264000,277200,303600,149600,70400,946000,404800,,,,,,,,,255200,127600,,8800,,,,,,,66000,52800,105600,83600,123200,17600,1452,30800,,,202400,48400,22000,44000,,193600,,,,8800,,,13200,,,,,,,,,,,,,,,,,,8800,,2904,8800,,5852,8800,,1452,8800,,1452,,,,,,1452,1452,,,,,,,,,,4400,4400,,,,,,,,,2904,,,,4400,2904,5852,,,,,,,,,,,1452,,8800,2904,8800,,,,,1452,22000,17600,,,,39600,39600,13200,22000,4400,22000,4400,13200,8800,,,2904,,,8800,5852,,1452,5852,,2904,,,1452,,,2904,,1452,1452,4400,,17600,26400,,,13200,,2904,2904,17600,17600,5852,2904,1452,13200,13200,4400,1452,1452
,Guinardia striata,,,,,,,,,,,,,,,,,,,,,,,,,,,,,,,,,,,,,,,,,,,,,,,,,,,,,,,,,,,,,,,,,,,,,,,,,,,,,,,,,,,,,,,,,,,,,,,,,,,,,,,,,,,,,,,,,,,,,,,,,,,,,,,,,,,,,,,,,,,,,,,,,,,,,,,,,,,,,,,,8800,,,,,,,,,,,,,,,,,,,,,,,,,,,,,,,,,,,,,,,,,,,,,,,,,,,,,,,,,,,,,,,,,,,,,,,,2904,2904,,,2904,1452,,,
,Guinardia flaccida,,,,,,,,,,,,,,,,,,,,,,,,,,,,,,,,,,,,,,,,,,,,,,,,,,,,,,,,,,,,,,,,,,,,,,,,,,,,,,,,,,,,,,,,,,,,,,,,,,,,,,,,,,,,,,,,,,,,,,,,,,,,,,,,,,,,,,,,,,,,,,,,,,,,,,,,,,,,,,,,,,,,,,,,,,,,,,,,,,,,,,,,,,,,,,,,,,,,,,,,,,,,,,,,,,,,,,,,,,,,,,,,,,,,,,,,,,,,,,,,
,Guinardia spp. ,,,,,,,,,,,,,,,,,,,,,,,,,,,,,,,,,,,,,,,,,,,,,,,,,,,,,,,,,,,,,,,,,,,,,,,,,,,,,,,,,,,,,,,,,,,,,,,,,,,,,,,,,,,,,,,,,,,,,,,,,,,,,,,,,,,,,,,,,,,,,,,,,,,,,,,,,,,,,,,,,,2904,,,,,,,,,,,,,,,,,,,,,,,,,,,,,,,,,,,,,,,,,,,,,,,,,,,,,,,,,,,,,,,,,,,,,,,,,,,,,,
Haslea,Haslea spp.,,,,,,,,,,,,,,,,,,,,,,,,,,,,,,,,,,,,,,,,,,,,,,,,,,,,,,,,,,,,,,,,,,,,,,,,1452,,,,,,,,,,,,,,,,,,,,,,,,,,,,,,,,,,,,,,,13200,,8800,,,,,,1452,1452,,,,,,,,,,,,,,,,,,,,,,,,,,,,,,,,,,,,,,,,,,,,,,,,,,,,,,,,,,,,,,,,,,,,,,,,,,,,,,,,,,,,,,,,,,,,,,,,,,,,,,,,,,,,,,,,,,,,,,,,
Hemiaulus,Hemiaulus sinensis,,,,,,,,,,,,,,,,,,,,,,,,,,,,,,,,,,,,,,,,,,,,,,,,,,,,,,,,,,,,,,,,,,,,,,,,,,,,,,,,,,,,,,,,,,,,,,,,,,,,,,,,,,,,,,,,,,,,,,,,,,,,,,,,,,,,,,,,,,,,,,,,,,,,,,,,,,,,,,,,,,,,,,,,,,,,,,,,,,,,,,,,,,,,,,,,,,,,,,,,,,,,,,,,,,,,,,,,,,,,,,,,,,,,,,,,,,,,,,,,
Hemidiscus,Hemidiscus cuneiformis,,,,,,,,,,,,,,,,,,,,,,,,,,,,,,,,,,,,,,,,,,,,,,,,,,,,,,,,,,,,,,,,,,,,,,,,,,,,,,,,,,,,,,,,,,,,,,,,,,,,,,,,,,,,,,,,,,,,,,,,,,,,,,,,,,,,,,,,,,,,,,,,,,,,,,,,,,,,,,,,,,,,,,,,,,,,,,,,,,,,,,,,,,,,,,,,,,,,,,,,,,,,,,,,,,,,,,,,,,,,,,,,,,,,,,,,,,,,,,,,
Lauderia,Lauderia annulata,,,,,,,,,,,,,,,,,,,,,,,,,,,,,,,,,,,,,,,,,,,,,,,,,,,,,,,,,,,,,,,,,,,,,,,,,,,,,,,,,,,,,,,,,,,,,,,,,,,,,,,,,,,,,,,,,,,,,,,,,,,,,,,,,,,,,,,,,,,,,,,,,,,,,,,,,,,,,,,,,,,,,,,,,,,,,,,,,,,,,,,,,5852,,,,,,,,,,,,,,,,,,,,,,,,,,,,,,,,,,,,,,,,,,,,,,,,,,,,,,,
Leptocylindrus,Leptocylindrus danicus,13200,13200,13200,17600,,,,2904,8800,26400,26400,26400,14652,17600,13200,,19052,4400,1452,7304,237600,158400,176000,286000,145200,136400,35200,,,22000,277200,189200,312400,132000,92400,114400,22000,17600,61600,,26400,57200,,13200,13200,,,,,13200,,,,,,4400,,,,10252,778800,488400,,,,,,,,,440000,215600,,17600,4400,,,8800,,8800,61600,158400,110000,44000,44000,,,,,,83600,145200,35200,35200,26400,39600,,,,13200,,8800,8800,,,,,,,,,,8800,,,,,,,,,4400,8800,44000,61600,105600,74800,52800,,2904,,,,,,8800,,,,5852,22000,,8800,,,8800,,,,1452,,,,,,,,,1452,13200,8800,,,,17600,,,,,,,,,,,,,,1452,,39600,118800,17600,52800,52800,26400,136400,52800,61600,92400,61600,52800,39600,17600,17600,13200,22000,26400,8800,,,,,26400,1452,22000,5852,,13200,,,,,,2904,35200,5852,8800,,,,,8800,,704,13200,5852,4400,5852,,,,8800,,5852,8800,13200,,2904,1452
,Leptocylindrus minimus,,,,,,,,,,,,,,,,,,,,1452,,,,,,,,,,,,,,,,,,,,,13200,,,,,,1452,,2904,26400,8800,,,,,,2904,,2904,,127600,66000,,13200,,,,,1452,2904,140800,8800,,17600,,,,,,,8800,,,,1452,,,,,,13200,8800,,1452,,,,,,,,,,,,,,,,,,,,,,,,,,,,,,57200,,,,,8800,,,,,,,,,,,,88000,8800,,,,,,,,,44000,,,,,,,,2904,2904,5852,8800,,,,,,,,17600,,,,,,5852,,,,,,13200,8800,,,,,,,,7304,,17600,,,11704,,,,704,,,,30800,39600,13200,,,,,,,,2904,2904,17600,,2904,,,,,,,1452,,,10252,1452,,,,5852,,1452,2904,1452,,1452,1452
Licmophora,Licmophora dalmatica,,,,,,,,,,,,,,,,,,,,,,,,,,,,30800,39600,,,,,,,,,,,,,,,,,,,,,,,,,,,,,,,,,,,,,,,,,,,,,,,,,,,,,,,,,,,,,,,,,,,,,,,,,,,,,,,,,,,,,,,,,,,,,,,,,,,,,,,,,,,,,,,,,,,,,,,,,,,,,,,,,,,,,,,,,,,,,,,,,,,,,,,,,,,,,,,,,,,,,,,,,,,,,,,,,,,,,,,,,,,,,,,,,,,,,,,,,,,,,,,,,,,
,Licmophora flabellata,,,,,,,,,,,,,,,,,,,,,,,,,,,,,,,,1452,,,,,,,,,,,,,,,,,,,,,,,,,,,,,,,,,,,,,,,,,,,,,,,,,,,,,,,,,,,,,,,,,,,,,,,,,,,,,,,,,,,,,,,,,,,,,,,,,,,,,,,,,,,,,,,,,,,,,,,,,,,,,,,,,,,,,,,,,,,,,,,,,,,,,,,,,,,,,,,,,,,,,,,,,,,,,,,,,,,,,,,,,,,,,,,,,,,,,,,,,,,,,,,,
Lioloma,Lioloma spp.,,,,,,,,,,,,,,,,,,,,,,,,,,,,,,,,,,,,,,,,,,,,,,,,,,,,,,,,,,,,,,,,,,,,,,,,,,,,,,,,,,,,,,,,,,,,,,,,,,,,,,,,,,,,,,,,,,,,,,,,,,,,,,,,,,,,,,,,,,,,,,,,,,,,,,,,,,,,,,,,,,,,,,,,,,,,,,,,,,,,,,,,,,,,,,,,,,,,,,,,,,,,,,,,,,,,,,,,,,,,,,,,,,,,,,,,,,,,,,,,
Lithodesmium,Lithodesmium undulatum,,,,,,,,,,,,,,,,,,,,,,,,,,,,,,,,,,,,,,,,,,,,,,,,,,,,,,,,,,,,,,,,,,,,,,,,,,,,,,,,,,,,,,,,,,,,,,,,,,,,,,,,,,,,,,,,,,,,,,,,,,,,,,,,,,,1452,704,,,,,,,,,,1452,,,,,,,,,2904,,,,,,,,,,,,,,,,,,,,,,,,,,,,,,,,,,,,,,,,,,,,,,,,,,,,,,,,,,,,,,,,,,,,,,,,,,,,2904,,,,,704,,,,,,,,
Melosria,Melosira nummuloides,,,,,,,,,,,,,,,,,,,,,,,,,,,,,,,,,,,,,,,,,,,,,,,,,,,,,,,,,,,,,,,,,,,,,,,,,,,,,,,,,,,,,,,,,,,,,,,,,,,,,,,,,,,,,,,,,,,,,,,,,,,,,,,,,,,,,,,,,,,,,,,,,,,,,,,,,,,,,,,,,,,,,,,,,,,,,,,,,,,,,,,,,,,,,,,,,,,,,,,,,,,,,,,,,,,,,,,,,,,,,,,,,,,,,,,,,,,,,,,,
,Melosira spp.,,,,,,,,,,,,,,,,,,,,,,,,,,,,,,,,,,,,,,,,,,,,,,,,,,,,,,,,,,,,,,,,,,,,,,,,,,,,,,,,,2904,,,,,,,,,,,,,,,,,,,,,,,,,,,,,,,,,,,,,,,,,,,,,,,,,,,,,,,,,,,,,,,,,,,,,,,,,,,,,,,,,,,,,,,,,,,,,,,,,,,,,,,,,,,,,,,,,,,,,,,,,,,,,,,,,,,,,,,,,,,,,,,,,,,,,,,,,,,,,,,
Navicula,Navicula ambigua,,,,,,,,,,,,,,,,,,,,,,,,,,,,,,,,,,,,,,,,,,,,,,,,,,,,,,,,,,,,,,,,,,,,,,,,,,,,,,,,,,,,,,,,,,,,,,,,,,,,,,,,,,,,,,,,,,,,,,,,,,,,,,,,,,,,,,,,,,,,,,,,,,,,,,,,,,,,,,,,,,,,,,,,,,,,,,,,,,,,,,,,,,,,,,,,,,,,,,,,,,,,,,,,,,,,,,,,,,,,,,,,,,,,,,,,,,,,,,,,
,Navicula cryptocephala,,,,,,,,,,,,,,,,,,,,,,,,,,,,,,,,,,,,,,,,,,,,,,,,,,,,,,,,,,,,,,,,,,,,,,,,,,,,,,,,,,,,,,,,,,,,,,,,,,,,,,,,,,,,,,,,,,,,,,,,,,,,,,,,,,,,,,,,,,,,,,,,,,,,,,,,,,,,,,,,1452,,,,,,,,,,,,,,,,,,,,,,,,,,,,,,,,,,,,,,,,,,,,,,,,,,,,,,,,,,,,,,,,,,,,,,,,,,,,,,,,
,Navicula spp.,,,,,1452,,,1452,,,,,,,,,,,,,,,,,,,,,,,,,,,,,,,,,,,,,,,,,1452,,,,,,,,,,,1452,,,,,,,,1452,,,,,,,,,,,,1452,,,,,,8800,,,,,,,,,,,,,,,,,,,,,,,,,,,,,,,,,,,,,,,,,,,,,,,,,,,,,,,,,,,,,,,,2904,,,,,,,,,,,,,,,,,,,,,,,,,,,,,,,,,,,,,,,,,,,,,,,1452,,,1452,,,,,,,,,,,,,,,2904,,,2904,,,,,,,4400,,,1452,,,,,,,1452,1452,,,,
Neodelphineis,Neodelphineis spp.,,,,,,,,,,,,,,,,,,,,,,,,,,,,,,,,,,,,,,,,,,,,,,,,,,,,,,,,,,,,,,,,,,,,,,,,,,,,,,,,,,,,,,,,,,,,,,,,,,,,,,,,,,,,,,,,,,,,,,,,,,,,,,,,,,,,,,,,,,,,,,,,,,,,,,,,,,,,,,,,,,,,,,,,,,,,,,,,,,,,,,,,,,,,,,,,,,,,,,,,,,,,,,,,,,,,,,,,,,,,,,,,,,,,,,,,,,,,,,,,
Nitzschia,Nitzschia closterium,,,,,,,,,,,,,,,,,,,,,,,,,,,,,,,,,,,,,,,,,,,,,,,,,,,,,,,,,,,,,,,,,,,,,,,,,,,,,,,,,,,,,,,,,,,,,,,,,,,,,,,,,,,,,,,,,,,,,,,,,,,,,,,,,,,,,,,,,,,,,,,,,,,,,,,,,,,,,,,,,,,,,,,,,,,,,,,,,,,,,,,,,,,,,,,,,,,,,,,,,,,,,,,,,,,,,,,,,,,,,,,,,,,,,,,,,,,,,,,,
,Nitzschia longissima,,,,,,,,,1452,1452,,,,,,,,,,,,,,,1452,,,,,,,,,,,,,,,,,,,,,,,,,,,,,,,,,,,,,,,,,,,2904,,4400,,,,,,,,1452,13200,,,,,1452,8800,4400,2904,1452,,1452,,,1452,8800,1452,,1452,1452,,8800,,8800,,1452,,,,,2904,13200,,4400,1452,,,,,1452,5852,13200,66000,26400,193600,136400,114400,39600,,,4400,4400,17600,,13200,,,,,,8800,,660000,224400,22000,,,8800,2904,,1452,,44000,,,,,,,,,1452,1452,,1452,,1452,8800,13200,105600,88000,,,,,,704,22000,1452,4400,8800,,,1452,1452,,,,,,,,,,,,,,,,,,,,8800,,,,,,1452,1452,,,,704,,,,,,5852,,,1452,,,,,704,,1452,,,,,,,,,,
,Nitzschia lorenziana,,,,,,,,,,,,,,,,,,,,,,,,,,,,,,,,,,,,,,,,,,,,,,,,,,,,,,,,,,,,,,,,,,,,,,,,,,,,,,,,,,,,,,,,,,,,,,,,,,,,,,,,,,,,,,,,,,,,,,,,,,,,,,,,,,,,,,,,,,,,,,,,,,,,,,,,,,,,,,,,,,,,,,,,,,,,,,,,,,,,,,,,,,,,,,,,,,,,,,,,,,,,,,,,,,,,,,,,,,,,,,,,,,,,,,,,,,,,,,,,
,Nitzschia navicularis,,,,,,,,,,,,,,,,,1452,1452,,,,,,,,,,,1452,,,,,,,,,,,,,,,,,,,,,,,,,,,,,,,,,,,,,,,,,,,,,,,,,,,,,,,,,,,,,,,,,,,,,,,,,,,,,,,,,,,,,,,,,,,,,,,,,,,,,,,,,,,,,,,,,,,,,,,,,,,,,,,,,,,,,,,,,,,,,,,,,,,,,,,,,,,,,,,,,,,,,,,,,,,,,,,,,,,,,,,,,,,,,,,,,,,,,,,,,,,,,,,,,,,
,Nitzschia obtusa,,,,,,,,,,,,,,,,,,,,,,,,,,,,,,,,,,,,,,,,,,,,,,,,,,,,,,,,,,,,,,,,,,,,,,,,,,,,,,,,,,,,,,,,,,,,,,,,,,,,,,,,,,,,,,,,,,,,,,,,,,,,,,,,,,,,,,,,,,,,,,,,,,,,,,,,,,,,,,,,,,,,,,,,,,,,,,,,,,,,,,,,,,,,,,,,,,,,,,,,,,,,,,,,,,,,,,,,,,,,,,,,,,,,,,,,,,,,,,,,
,Nitzschia spp.,,,,,,,,1452,1452,,,,1452,1452,1452,,,,1452,1452,13200,,,,,,,,,,,,,,,,,,,,,,,,,,,,,,,,,,,,,,,,1452,,,,,,1452,,,,,,,,,,,,1452,,,,,,,1452,,,,,,,,,1452,,,,,1452,,,,,,,,,,1452,,,,,,,,,,,,,,,,,,,,,,,,,,,,,,,,,,,,,,,,,,,,,,,,,,,,,,,,,,114400,,,,,,,,,,,,,,,,,,,,,,,,,,,,,,,,,,,,,,,1452,,,,,,,,,,,,1452,,,,,,,,,,,,,,,,704,,,,,
Odontella,Odontella aurita,,,,,,,,,,,,,,,,,,,,,,,,,,,,,,,,,,,,,,,,,,,,,,,,,,,,,,,,,,,,,,,,,,,,,,,,,,,,,,,,,,,,,,,,,,,,,,,,,,,,,,,,,,,,,,,,,,,,,,,,,,,,,,,,,,,,,,,,,,,,,,,,,,,,,,,,,,,,,,,,,,,,,,,,,,,,,,,,,,,,,,,,,,,,,,,,,,,,,,,,,,,,,,,,,,,,,,,,,,,,,,,,,,,,,,,,,,,,,,,,
,Odontella longicruris,,,,,,,,,,,,,,,,,,,,,,,,,,,,,,,,,,,,,,,,,,,,,,,,,,,,,,,,,,,,,,,,,,,,,,,,,,,,,,,,,,,,,,,,,,,,,,,,,,,,,,,,,,,,,,,,,,,,,,,,,,,,,,,,,,,,,,,,,,,,,,,,,,,,,,,,,,,,,,,,,,,,,,,,,,,,,,,,,,,,,,,,,,,,,,,,,,,,,,,,,,,,,,,,,,,,,,,,,,,,,,,,,,,,,,,,,,,,,,,,
,Odontella mobiliensis,,,,,,,,,,,,,,,,,,,,,,,,,,,,,,,,,,,,,,,,,,,,,,,,,,,,,,,,,,,,,,,,,,,,,,,,,,,,,,,,,,,,,,,,,,,,,,,,,,,,,,,,,,,,,,,,,,,,,,,,,,,,,,,,,,,,,,,,,,,,,,,,,,,,,,,,,,,,,,,,,,,,,,,,,,,,,,,,,,,,,,,,,,,,,,,,,,,,,,,,,,,,,,,,,,,,,,,,,,,,,,,,,,,,,,,,,,,,,,,,
,Odontella sinensis,,,,,,,,,,,,,,,,,,,,,,,,,,,,,,,,,,,,,,,,,,,,,,,,,,,,,,,,,,,,,,,,,,,,,,,,,,,,,,,,,,,,,,,,,,,,,,,,,,,,,,,,,,,,,,,,,,,,,,,,,,,,,,,,,,,,,,,,,,,,,,,,,,,,,,,,,,,,,,,,,,,,,,,,,,,,,,,,,,,,,,,,,,,,,2904,1452,,,,,,,704,,1452,,,,,,1452,1452,,,,,,,,,704,1452,,,,,,,,,,,,,,,,,,,,,,704,,
,Odontella spp.,5852,,,,,,,,,,1452,,,,,,,,,,7304,,,17600,2904,,,,,2904,,13200,17600,22000,1452,7304,5852,,,,,,,,,5852,,,,,,,,,,,13200,,,1452,,,,,,,,,,,,1452,,,,748,,,,2904,,,,,,,,,,,1452,,,,,,,,,,,,,,,,,,,,,,,,,,,,,,,,,,,,,,,,,,,,,,,,,,,,,,,,,,,,,,,,1452,,,,,,,,,,,,,,,,,,,,,704,,,,,,,,,,,,,,,,,,,,,,1452,,2904,,,704,,,,,,,,,,,704,,,1452,,,,,,2904,,,,,704,,,,,,,,,,,,
Paralia,Paralia sulcata,35200,26400,2904,22000,61600,35200,35200,22000,35200,44000,14652,39600,48400,44000,48400,132000,114400,44000,154000,22000,88000,,26400,,35200,88000,127600,70400,17600,,66000,118800,145200,277200,158400,70400,,224400,272800,70400,,,22000,52800,13200,22000,114400,,70400,8800,44000,44000,44000,123200,88000,202400,105600,52800,30800,96800,30800,61600,,52800,8800,74800,17600,22000,52800,,88000,101200,,44000,70400,48400,35200,17600,26400,52800,11704,14652,8800,52800,39600,39600,17600,8800,114400,52800,136400,26400,39600,136400,74800,22000,26400,26400,88000,74800,2904,,10252,30800,,136400,5852,13200,22000,26400,22000,48400,105600,136400,79200,44000,145200,118800,22000,,,22000,22000,17600,13200,22000,17600,,,17600,88000,39600,92400,22000,22000,105600,79200,,,,,8800,8800,22000,,,4400,11704,8800,13200,66000,17600,17600,48400,61600,158400,,57200,,,13200,,8800,1452,13200,,,,8800,13200,8800,1452,8800,8800,5852,,,5852,,,35200,,,13200,,11704,,,8800,,17600,2904,22000,35200,30800,61600,35200,8800,10252,10252,10252,,35200,13200,8800,35200,4400,13200,10252,57200,8800,1452,35200,35200,13200,26400,26400,13200,22000,26400,,4400,4400,5852,,5852,17600,83600,44000,26400,2904,,8800,4400,13200,5852,66000,176000,44000,17600
Pinnularia,Pinnularia spp.,,,,,,,,,,,,,,,,,,,,,,,,,,,,,,,,,,,,,,,,,,,,,,,,,,,,,,,,,,,,,,,,,,,,,,,,,,,,,,,,,,,,,,,,,,,,,,,,,,,,,,,,,,,,,,,,,,,,,,,,,,,,,,,,,,,,,,,,,,,,,,,,,,,,,,,,,,,,,,,,,,,,,,,,,,,,,,,,,,,,,,,,,,,,,,,,,,,,,,,,,,,,,,,,,,,,,,,,,,,,,,,,,,,,,,,,,,,,,,,,
Pleurosigma,Pleurosigma angulatum,,,,,,,,,,,,,,,,,,,,,,,,,,,,,,,,,,,,,,,,,,,,,,,,,,,,,,,,,,,,,,,,,,,,,,,,,,,,,,,,,,,,,,,,,,,,,,,,,,,,,,,,,,,,,,,,,,,,,,,,,,,,,,,,,,,,,,,,,,,,,,,,,,,,,,,,,,,,,,,,,,,,,,,,,,,,,,,,,,,,,,,,,,,,,,,,,,,,,,,,,,,,,,,,,,,,,,,,,,,,,,,,,,,,,,,,,,,,,,,,
Pleurosigma,Pleurosigma directum,,,,,,,,,,,,,,,,,,,,,,,,,,,,,,,,,,,,,,,,,,,,,,,,,,,,,,,,,,,,,,,,,,,,,,,,,,,,,,,,,,,,,,,,,,,,,,,,,,,,,,,,,,,,,,,,,,,,,,,,,,,,,,,,,,,,,,,,,,,,,,,,,,,,,,,,,,,,,,,,,,,,,,,,,,,,,,,,,,,,,,,,,,,,,,,,,,,,,,,,,,,,,,,,,,,,,,,,,,,,,,,,,,,,,,,,,,,,,,,,
,Pleurosigma falx,,,,,,,,,,,,,,,,,,,,,,,,,,,,,,,,,,,,,,,,,,,,,,,,,,,,,,,,,,,,,,,,,,,,,,,,,,,,,,,,,,,,,,,,,,,,,,,,,,,,,,,,,,,,,,,,,,,,,,,,,,,,,,,,,,,,,,,,,,,,,,,,,,,,,,,704,,,,,,,,,,,,,,,,,,,,,,,,,,,,,,,,,,,,,,,,,,,,,,,,,,,,,,,,,,,,,,,,,,,,,,,,,,,,,,,,,,,,,,,,,
,Pleurosigma normanii,,,,,,,,,,,,,,,,,,,,,,,,,,,,,,,,,,,,,,,,,,,,,,,,,,,,,,,,,,,,,,,,,,,,,,,,,,,,,,,,,,,,,,,,,,,,,,,,,,,,,,,,,,,,,,,,,,,,,,,,,,,,,,,,,,,,,,,,,,,,,,,,,,,,,,,,,,,,,,,,,,,,,,,,,,,,,,,,,,,,,,,,,,,,,,,,,,,,,,,,,,,,,,,,,,,,,,,,,,,,,,,,,,,,,,,,,,,,,,,,
,Pleurosigma spp.,,704,,1452,,,,,2904,2904,2904,1452,,1452,1452,,8800,,,,,,,,,,2904,,1452,1452,,8800,1452,1452,,,,,,,,,,,,,,1452,1452,748,,,,,,,,,,748,,,,,,,,,,,,,,,,1452,1452,,,,,,1452,,,,,,,,1452,,,,,,,1452,,,,,,,,,,,,1452,,1452,,1452,,,,,,1452,17600,,,1452,,1452,,,,1452,8800,13200,1452,1452,,,,1452,1452,,,,,,,,,,1452,1452,,,,,,1452,704,,,,1452,,,1452,,,,,,,1452,,,,,,,704,,,,,1452,,,,,1452,,,,,704,1452,8800,2904,704,1452,,,,704,,,,704,704,704,1452,8800,,704,,,,704,,,1452,1452,,,,,704,,704,2904,704,,,,,2904,,704,2904,1452,,
Pseudo-nitzschia,Pseudo-nitzschia spp.,,,,,2904,,2904,,1452,,1452,,,,,1452,1452,,,,,,,,,,,,,,8800,,,,,1452,,,,13200,,,,,,,,,4400,26400,,,,,,,,,13200,48400,,,,,,,,,8800,1452,,,,1452,,,,1452,,2904,,,,,,,1452,,748,,,,,,,,,,,,,,,,,,,,,,,,,,,,,,,,,,,,,,,,,,,,,,,,,,,,,,,,,,,,,,,1452,,2904,,,,,,,13200,4400,,,17600,,,8800,,,,,,,,5852,10252,5852,,1452,,30800,,5852,,,,,,8800,,,,1452,,2904,,2904,17600,4400,,,,,,13200,17600,22000,19052,,,,,,1452,,13200,,16104,2904,,,,,,,,,704,,,,,2904,1452,,5852,4400,,
,Pseudo-nitzschia delicatissima,,,,,,,,,,,,,,,,,,,,,,,,,,,,,,,,,,,,,,,,,,,,,,,,,,,,,,,,,,,,,,,,,,,,,,,,,,,,,,,,,,,,,,,,,,,,,,,,,,,,,,,,,,,,,,,,,,,,,,,,,,,,,,,,,,,,,,,,,,,,,,,,,,,,,,,,,,,,,,,,,,8800,,,,,,,,,,,,,,,,,,,,,,,,,,,,,,,,,,,,,,,,,,,,,,,,,,,,,,,,,,,,,,,,,,,,,,,,,,,,,,
,Pseudo-nitzschia pungens,,,,,,,,,,,,,,,,,,,,,,,,,,,,,,,,8800,,,,,,,,,,,,,,,,,,,,,,,,,,,,,,,,,,,,,,,,,,,,,,,,,,,,,,,,,,,,,,,,,,,,,,,,,,,,,,,,,,,,,,,,,,,,,,,,,,,,,,,,,,,,,,,,,,,,,,,,,,,,,,,,,,,,,,,,,,,,,,,,,,,,,,,,,,,,,,,,,,,,,,,,,,,,,,,,,,,,,,,,,,,,,,,,,,,,,,,,,,,,,,,,
Rhabdonema,Rhabdonema adriaticum,,,,,,,,,,,,,,,,22000,,,,,,,,,,,8800,,,,,,7304,,,,,,,,,,,,,,,,,,,,,,,,,,,,,,,,,,,,,,,,,,,,,,,,,,,,,,,,,,13200,,,,,,,,,,,,,,,,,,,,,,,,,,,,,,,,,,,,,,,,,,,,,,,,,,,,,,,,,,,,,,,,,,,,,,,,,,,,,,,,,,,,,,,,,,,,,,,,,,,,,,,,,,,,,,,,,,,,,,,,,,,,,,,,,,,,,,,,,,,,,,,,,,,,,
,Rhaphoneis rhomoides,,,,,,,,,,,,,,,,,10252,,,,,,,,,,,,,,,,,,,,,,,,,,,,,,,,,,,,,,,,,,,,,,,,,,,,,,,,,,,,,,,,,,,,,,,,,,,,,,,,,,,,,,,,,,,,,,,,,,,,,,,,,,,,,,,,,,,,,,,,,,,,,,,,,,,,,,,,,,,,,,,,,,,,,,,,,,,,,,,,,,,,,,,,,,,,,,,,,,,,,,,,,,,,,,,,,,,,,,,,,,,,,,,,,,,,,,,,,,,,,,,
,Rhaphoneis spp.,,,,,,,1452,1452,17600,2904,,,1452,,,4400,2904,1452,26400,1452,1452,,,,,,1452,1452,17600,,,1452,,,1452,,2904,8800,13200,,,,,,,,2904,,8800,,1452,,,,,,2904,,1452,,,,,,,,,,17600,,,,,,,,,2904,4400,,,,,,,,,,8800,,,,,,,1452,,13200,1452,,,,,,,,,,2904,,,,,,,,2904,1452,4400,,,,,,,,,,,,,,,,,,,,1452,,,,,,,,,,1452,,,,,,,,,1452,2904,,,1452,,,,,,,,,,,,,,,,,704,,,,,,,,1452,,704,,,704,,,,,,1452,,,,,,,,,5852,1452,2904,1452,,,,,,,,,7304,13200,,,,,,,,2904,22000,39600,,,,,,,,17600,5852,4400
Rhizosolenia,Rhizosolenia alata,,,,,,,,,,,,,,,,,,,,,,,,,,,,,,,,,,,,,,,,,,,,,,,,,,,,,,,,,,,,,,,,,,,,,,,,,,,,,,,,,,,,,,,,,,,,,,,,,,,,,,,,,,,,,,,,,,,,,,,,,,,,,,,,,,,,,,,,,,,,,,,,,,,,,,,,,,,,,,,,,,,,,,,,,,,,,,,,,,,,,,,,,,,,,,,,,,,,,,,,,,,,,,,,,,,,,,,,,,,,,,,,,,,,,,,,,,,,,,,,
,Rhizosolenia calar-avis,,,,,,,,,,,,,,,,,,,,,,,,,,,,,,,,,,,,,,,,,,,,,,,,,,,,,,,,,,,,,,,,,,,,,,,,,,,,,,,,,,,,,,,,,,,,,,,,,,,,,,,,,,,,,,,,,,,,,,,,,,,,,,,,,,,,,,,,,,,,,,,,,,,,,,,,,,,,,,,,,,,,,,,,,,,,,,,,,,,,,,,,,,,,,,,,,,,,,,,,,,,,,,,,,,,,,,,,,,,,,,,,,,,,,,,,,,,,,,,,
,Rhizosolenia longiseta,,,,,,,,,,,,,,,,,,,,,,,,,,,,,,,,,,,,,,,,,,,,,,,,,,,,,,,,,,,,,,,,,,,,,,,,,,,,,,,,,,,,,,,,,,,,,,,,,,,,,,,,,,,,,,,,,,,,,,,,,,,,,,,,,,,,,,,,,,,,,,,,,,,,,,,,,,,,,,,,,,,,,,,,,,,,,,,,,,,,,,,,,,,,,,,,,,,,,,,,,,,,,,,,,,,,,,,,,,,,,,,,,,,,,,,,,,,,,,,,
,Rhizosolenia pungens,,,,,,,,,,,,,,,,,,,,,,,,,,,,,,,,,,,,,,,,,,,,,,,,,,,,,,,,,,,,,,,,,,,,,,,,,,,,,,,,,,,,,,,,,,,,,,,,,,,,,,,,,,,,,,,,,,,,,,,,,,,,,,,,,,,,,,,,,,,,,,,,,,,,,,,,,,,,,,,,,,,,,,,,,,,,,,,,,,,,,,,,,,,,,,,,,,,,,,,,,,,,,,,,,,,,,,,,,,,,,,,,,,,,,,,,,,,,,,,,
,Rhizosolenia robusta,,,,,,,,,,,,,,,,,,,,,,,,,,,,,,,,,,,,,,,,,,,,,,,,,,,,,,,,,,,,,,,,,,,,,,,,,,,,,,,,,,,,,,,,,,,,,,,,,,,,,,,,,,,,,,,,,,,,,,,,,,,,,,,,,,,,,,,,,,,,,,,,,,,,,,,,,,,,,,,,,,,,,,,,,,,,,,,,,,,,,,,,,,,,,,,,,,,,,,,,,,,,,,,,,,,,,,,,,,,,,,,,,,,,,,,,,,,,,,,,
,Rhizosolenia setigera,,,,,,,,,,,,,,,,,,,,,,,,,,,,,,,,,,,,,,,,,,,,,,,,,,,,,,,,,,,,,,,,,,,,,,,,,,,,,,,,,,,,,,,,,,,,,,,,,,,,,,,,,,,,,,,,,,,,,,,,,,,,,,,,,,,,,,,,,,,,,,,,,,,,,,,,,,,,,,,,,,,,,,,,,,,,,,,,,,,,,,,,,,,,,,,,,,,,,,,,,,,,,,,,,,,,,,,,,,,,,,,,,,,,,,,,,,,,,,,,
,Rhizosolenia stolterfothii,,,,,,,,,,,,,,,,,,,,,,,,,,,,,,,,,,,,,,,,,,,,,,,,,,,,,,,,,,,,,,,,,,,,,,,,,,,,,,,,,,,,,,,,,,,,,,,,,,,,,,,,,,,,,,,,,,,,,,,,,,,,,,,,,,,,,,,,,,,,,,,,,,,,,,,,,,,,,,,,,,,,,,,,,,,,,,,,,,,,,,,,,,,,,,,,,,,,,,,,,,,,,,,,,,,,,,,,,,,,,,,,,,,,,,,,,,,,,,,,
,Rhizosolenia styliformis,,,,,,,,,,,,,,,,,,,,,,,,,,,,,,,,,,,,,,,,,,,,,,,,,,,,,,,,,,,,,,,,,,,,,,,,,,,,,,,,,,,,,,,,,,,,,,,,,,,,,,,,,,,,,,,,,,,,,,,,,,,,,,,,,,,,,,,,,,,,,,,,,,,,,,,,,,,,,,,,,,,,,,,,,,,,,,,,,,,,,,,,,,,,,,,,,,,,,,,,,,,,,,,,,,,,,,,,,,,,,,,,,,,,,,,,,,,,,,,,
,Rhizosolenia spp.,,,,,,,,,2904,,,,,,,,1452,,1452,,2904,,,,,,,1452,1452,2904,,,,,,,,,4400,4400,,,,,,,,,2904,8800,1452,,,,,,,1452,1452,8800,,,,,,,,,,,1452,,,,,,,,,4400,,,,,,,,,1452,,,,,,,,,,,1452,,,,,,,,,,,,,,,,,,,,,,,,,,,,,,,,,,,,,,,704,,,,,,,1452,1452,,,,,,,,,,,,,,,,,,,,,,,,,,,,,,,,,,,,,,,,,,,704,,,,,,,,,704,1452,,,,,,,,2904,1452,,,,,,,,,,704,,,,,,,704,,,704,,,,,,,,,,,704
Rhoicosphenia,Rhoicosphenia curvata,,,,,,,,,,,,,,,,,,,,,,,,,,,,,,,,,,,,,,,,,,,,,,,,,,,,,,,,,,,,,,,,,,,,,,,,,,,,,,,,,,,,,,,,,,,,,,,,,,,,,,,,,,,,,,,,,,,,,,,,,,,,,,,,,,,,,,,,,,,,,,,,,,,,,,,,,,,,,,,,,,,,,,,,,,,,,,,,,,,,,,,,,,,,,,,,,,,,,,,,,,,,,,,,,,,,,,,,,,,,,,,,,,,,,,,,,,,,,,,,
Rhopalodia,Rhopalodia musculus,,,,,,,,,,,,,,,,,,,,,,,,,,,,,,,,,,,,,,,,,,,,,,,,,,,,,,,,,,,,,,,,,,,,,,,,,,,,,,,,,,,,,,,,,,,,,,,,,,,,,,,,,,,,,,,,,,,,,,,,,,,,,,,,,,,,,,,,,,,,,,,,,,,,,,,,,,,,,,,,,,,,,,,,,,,,,,,,,,,,,,,,,,,,,,,,,,,,,,,,,,,,,,,,,,,,,,,,,,,,,,,,,,,,,,,,,,,,,,,,
Schröderella,Schröderella delicatula ,,,,,,,,,,,,,,,,,,,,,,,,,,,,,,,,,,,,,,,,,,,,,,,,,,,,,,,,,,,,,,,,,,,,,,,,,,,,,,,,,,,,,,,,,,,,,,,,,,,,,,,,,,,,,,,,,,,,,,,,,,,,,,,,,,,,,,,,,,,,,,,,,,,,,,,,,,,,,,,,,,,,,,,,,,,,,,,,,,,,,,,,,,,,,,,,,,,,,,,,,,,,,,,,,,,,,,,,,,,,,,,,,,,,,,,,,,,,,,,,
Seminavis,Seminavis robusta,,,,,,,,,,,,,,,,,,,,,,,,,,,,,,,,,,,,,,,,,,,,,,,,,,,,,,,,,,,,,,,,,,,,,,,,,,,,,,,,,,,,,,,,,,,,,,,,,,,,,,,,,,,,,,,,,,,,,,,,,,,,,,,,,,,,,,,,,,,,,,,,,,,,,,,,,,,,,,,,,,,,,,,,,,,,,,,,,,,,,,,,,,,,,,,,,,,,,,,,,,,,,,,,,,,,,,,,,,,,,,,,,,,,,,,,,,,,,,,,
Skeletonema,Skeletonema spp.,9473200,9534800,5759600,5548400,105600,96800,123200,96800,228800,127600,7216000,4686000,1271600,664400,189200,286000,162800,149600,70400,308000,16016000,13684000,3916000,4444000,2182400,2618000,1372800,3036000,1588400,149600,27412000,13156000,17072000,6204000,4224000,2904000,1575200,1900800,1293600,673200,2173600,268400,39600,132000,35200,66000,233200,57200,497200,180400,1623600,154000,105600,466400,303600,435600,1007600,374000,2098800,550000,158400,66000,,250800,61600,35200,5852,10252,167200,48400,105600,272800,,92400,44000,96800,35200,74800,259600,52800,74800,17600,30800,325600,105600,937200,422400,48400,13200,48400,176000,39600,17600,158400,,409200,39600,26400,26400,48400,22000,,8800,,,83600,,13200,92400,61600,88000,35200,22000,,17600,39600,,,132000,57200,2068000,255200,215600,123200,26400,,,,66000,255200,132000,70400,118800,176000,48400,26400,,5852,272800,79200,3916000,220000,132000,,26400,110000,,,30800,70400,264000,,,,30800,88000,,,26400,44000,26400,70400,17600,17600,17600,,,,,,,,8800,,,,,8800,79200,8800,13200,,,,,,,8800,5852,,,,8800,,,,,,,,13200,,,17600,22000,8800,,,13200,,,,,,,5852,,,,,312400,286000,409200,132000,10252,224400,66000,39600,61600,22000,198000,92400,158400,8800,105600,105600,35200,70400,70400,26400
Stephanopyxis,Stephanopyxis turris,,,,,,,,,,,,,,,,,,,,,,,,,,,,,,,,,,,,,,,,,,,,,,,,,,,,,,,,,,,,,,,,,,,,,,,,,,,,,,,,,,,,,,,,,,,,,,,,,,,,,,,,,,,,,,,,,,,,,,,,,,,,,,,,,,,,,,,,,,,,,,,,,,,,,,,,,,,,,,,,,,,,,,,,,,,,,,,,,,,,,,,,,,,,,,,,,,,,,,,,,,,,,,,,,,,,,,,,,,,,,,,,,,,,,,,,,,,,,,,,
Streptotheca,Streptotheca indica,,,,,,,,,,,,,,,,,,,,,,,,,,,,,,,,,,,,,,,,,,,,,,,,,,,,,,,,,,,,,,,,,,,,,,,,,,,,,,,,,,,,,,,,,,,,,,,,,,,,,,,,,,,,,,,,,,,,,,,,,,,,,,,,,,,,,,,,,,,,,,,,,,,,,,,,,,,,,,,,,,,,,,,,,,,,,,,,,,,,,,,,,,,,,,,,,,,,,,,,,,,,,,,,,,,,,,,,,,,,,,,,,,,,,,,,,,,,,,,,
Surirella,Surirella fluminensis,,,,,,,,,,,,,,,,,,,,,,,,,,,,,,,,,,,,,,,,,,,,,,,,,,,,,,,,,,,,,,,,,,,,,,,,,,,,,,,,,,,,,,,,,,,,,,,,,,,,,,,,,,,,,,,,,,,,,,,,,,,,,,,,,,,,,,,,,,,,,,,,,,,,,,,,,,,,,,,,,,,,,,,,,,,,,,,,,,,,,,,,,,,,,,,,,,,,,,,,,,,,,,,,,,,,,,,,,,,,,,,,,,,,,,,,,,,,,,,,
,Surirella spp.,,,,,,,,,,,,,,,,,,,,,,,,,,,,,,,,,,,,,,,,,,,,,,,,,,,,,,,,,,,,,,,,,,,,,,,,,,,,,,,,,,,,,,,,,,,,,,,,,,,,,,,,,,,,,,,,,,,,,,,,,,,,,,,,,,,,,,,,,,,,,,,,,,,,,,,,,,,,,,,,,,,,,,,,,,,,,,,,,,,,,,,,,,,,,,,,,,,,,,,,,,,,,,,,,,,,,,,,,,,,,,,,,,,,,,,,,,,,,,,,
Thalassionema,Thalassionema frauenfeldii,,,,,,,,,,,,,,,,,,,,,,,,,,,,,,,,,,,,,,,,,74800,52800,233200,61600,167200,13200,4400,,,,8800,,8800,8800,4400,8800,,,,1452,,,,57200,8800,44000,,2904,13200,,,,,,13200,39600,8800,13200,8800,4400,8800,,,,,,,,,,,,,,,1452,,,,8800,1452,,,,,,,,,8800,,,,,,,1452,,,,,,,,,,,,,,2904,,,,,,,,,,,,,,,,44000,,,,,,,,,,,,,,,,,,,,,,,,,,,,,,,,,,,,,,,,,,,,,,,,,,,,,,,,,,,,,,8800,,,,,,,,,,,,,,,,,10252,,704,,,,,,,,,,,,
,Thalassionema nitzschiodes,92400,136400,193600,158400,96800,74800,79200,35200,22000,44000,290400,202400,176000,48400,66000,61600,114400,26400,17600,44000,312400,158400,299200,228800,360800,299200,356400,259600,105600,22000,646800,607200,580800,479600,550000,246400,338800,180400,101200,66000,479600,211200,96800,514800,356400,620400,924000,127600,268400,202400,1064800,1280400,1174800,1262800,1148400,976800,1240800,440000,268400,167200,440000,409200,,1056000,422400,1249600,281600,413600,554400,149600,510400,853600,,853600,809600,972400,431200,620400,664400,312400,83600,22000,,74800,66000,167200,180400,118800,255200,35200,74800,52800,,206800,325600,303600,206800,246400,294800,224400,,17600,13200,70400,70400,180400,17600,48400,228800,206800,39600,96800,118800,202400,110000,308000,114400,220000,246400,114400,140800,132000,48400,70400,8800,,,,,,61600,61600,57200,13200,8800,8800,39600,17600,,,22000,44000,1452,17600,13200,74800,,26400,,,22000,44000,8800,,,26400,,35200,,88000,,,,8800,,,,,,,26400,,,2904,8800,,17600,,,1452,8800,,,,,,,,,,1452,,,,,8800,7304,,4400,1452,,1452,,,13200,8800,1452,1452,,2904,2904,1452,,,13200,8800,8800,5852,11704,,,8800,4400,,1452,1452,22000,1452,1452,17600,5852,8800,2904,704,1452,8800,8800,,,
Thalassiosira,"Thalassiosira angulata (large, >20µm)",13200,1452,,1452,1452,1452,2904,,1452,2904,8800,8800,4400,8800,1452,8800,8800,1452,5852,1452,2904,8800,2904,,13200,30800,13200,4400,13200,2904,2904,1452,4400,5852,5852,22000,8800,8800,2904,8800,8800,,,145200,8800,5852,30800,2904,8800,,8800,8800,35200,22000,26400,26400,13200,17600,35200,13200,,,,,,,,1452,8800,,,8800,,8800,1452,13200,,8800,8800,1452,13200,17600,8800,,1452,4400,,,4400,,17600,8800,1452,1452,8800,4400,4400,,1452,1452,,1452,,,,,,,,,,,,4400,2904,,1452,,,1452,39600,22000,22000,13200,,,,8800,,22000,8800,8800,1452,,1452,,8800,,26400,8800,4400,,,,,,704,8800,1452,1452,2904,,,1452,704,1452,,704,,704,,,,1452,2904,,,1452,,,704,,,,704,,,704,,,,2904,,,,,,,5852,2904,,2904,1452,,2904,,704,,1452,,,704,704,704,,,,704,,704,,,,704,1452,7304,704,2904,1452,704,2904,704,2904,1452,,704,2904,8800,2904,2904,2904,4400,704,704,704,8800,2904,1452,704,4400
,Thalassiosira bioculata,,,,,,,,,,,,,,,,,,,,,,,,,,,,,,,,,,,,,,,,,,,,,,,,,,,,,,,,,,,,,,,,,,,,,,,,,,,,,,,,,,,,,,,,,,,,,,,,,,,,,,,,,,,,,,,,,,,,,,,,,,,,,,,,,,,,,,,,,,,,,,,,,,,,,,,,,,,,,,,,,,,,,,,,,,,,,,,,,,,,,,,,,,,,,,,,,,,,,,,,,,,,,,,,,,,,,,,,,,,,,,,,,,,,,,,,,,,,,,,,
,Thalassiosira eccentrica,,,,,,,,,,,,,,,,,,,,,,,,,,,,,,,,,,,,,,,,,,,,,,,,,,,,,,,,,,,,,,,,,,,,,,,,,,,,,,,,,,,,,,,,,,,,,,,,,,,,,,,,1452,,1452,,,1452,1452,,,,,2904,,,,,,,,,,,,,,,,,,,,,,,,,,,,,,,,,,,,,,,,,,,,,,,,,,,,,,,,,,,,,,,,,,,,,,,,,,,,,704,,,,,,,,,,,,,,,,,,,,,,,,,,,,,,,,,,,,,,,,,,,,,,,,
,Thalassiosira hyalina,,,,,,,,,,,,,,,,,,,,,,,,,,,,,,,,,,,,,,,,,,,,,,,,,,,,,,,,,,,,,,,,,,,,,,,,,,,,,,,,,,,,,,,,,,,,,,,,,,,,,,,,,,,,,,,,,,,,,,,,,,,,,,,,,,,,,,,,,,,,,,,,,,,,,,,,,,,,,,,,,,,,,,,,,,,,,,,,,,,,,,,,,,,,,,,,,,,,,,,,,,,,,,,,,,,,,,,,,,,,,,,,,,,,,,,,,,,,,,,,
,Thalassiosira nordenskioldii,,,,,,,,,,,,,,,,,,,,,,,,,,,,,,,,,,,,,,,,,,,,,,,,,,,,,,,,,,,,,,,,,,,,,,,,,,,,,,,,,,,,,,,,,,,,,,,,,,,,,,,,,,,,,,,,,,,,,,,,,,,,,,,,,,,,,,,,,,,,,,,,,,,,,,,,,,,,,,,,,,,,,,,,,,,,,,,,,,,,,,,,,,,,,,,,,,,,,,,,,,,,,,,,,,,,,,,,,,,,,,,,,,,,,,,,,,,,,,,,
,Thalassiosira rotula,,,,,,,,,,,,,,,,,,,,,,,,,,,,,,,,,,,,,,,,,,,,,,,,,,,,,,,,,,,,,,,,,,,,,,,,,,,,,,,,,,,,,,,,,,,,,,,,,,,,,,,,,,,,,,,,,,,,,,,,,,,,,,,,,,,,,,,,,,,,,,,,,,,,,,,,,,,,,,,,,,,,,,,,,,,,,,,,,,,,,,,,,,,,,,,,,,,,,,,,,,,,,,,,,,,,,,,,,,,,,,,,,,,,,,,,,,,,,,,,
,Thalassiosira weissflogii,8800,8800,2904,8800,,,1452,,1452,13200,22000,2904,5852,1452,2904,8800,,,1452,13200,1452,2904,,,5852,,,1452,1452,1452,,1452,,,1452,,1452,,,,1452,8800,,,,,,,,,0.33,,,,,,,,2904,1452,,,,,,,,,,,,,,,,,,,,,,,,,,,,,,,,,,1452,,,,,,,,1452,,,2904,,,,,,,,,,,,,1452,,,,17600,30800,13200,13200,,,,13200,8800,,,8800,,13200,,8800,,8800,,,,,,,,,,4400,,,,,,1452,,,,2904,,,,,,,,,,,,,1452,,1452,,,,,,,,,,,,,,,,13200,,8800,,,,,,2904,1452,,2904,,,,,5852,,1452,2904,,,1452,704,704,1452,,,,1452,,8800,8800,1452,704,704,1452,1452,,,,704,,4400,704,,1452,,1452,,
,auxospore of Thalassiosira,,,,,,,,,,,,,,,,,,,,,,,,,,,,,,,,,,,,,,,,,,,,,,,,,,,,,,,,,,,,,,,,,,,,,,,,,,,,,,,,,,,,,,,,,,,,,,,,,,,,,,,,,,,,,,,8800,,,,,1452,,,,,26400,,,,,,,,,,,,,,,,,,,,,,,,,,,,,,,,,,,1452,,,,,,,,,,,,,,,,,,,,,,,,,,,,,,,,,,,,,,,,,,,,,,,,,,,704,,,,,,,,,,,,,,,,,,,,,,,,,,,,,,,,,
,"Thalassiosira spp.1 (medium-large, 15-20µm",17600,22000,8800,22000,13200,13200,,4400,13200,22000,17600,17600,8800,22000,22000,26400,26400,4400,13200,8800,8800,17600,8800,22000,30800,35200,26400,4400,79200,35200,48400,22000,30800,26400,61600,30800,44000,17600,13200,26400,17600,22000,8800,,22000,44000,52800,13200,4400,4400,39600,22000,22000,74800,35200,70400,26400,17600,44000,13200,1452,1452,,,,22000,4400,17600,13200,,,4400,,8800,,22000,8800,13200,39600,22000,17600,13200,8800,8800,1452,22000,4400,,26400,8800,13200,8800,13200,440,13200,8800,4400,13200,13200,13200,,,1452,13200,,,,,,1452,22000,13200,,4400,22000,,13200,13200,4400,1452,114400,92400,61600,26400,8800,13200,,,4400,13200,8800,35200,22000,13200,8800,17600,13200,13200,13200,13200,4400,,,1452,,,1452,1452,8800,17600,13200,,1452,,1452,2904,,4400,4400,8800,1452,,,1452,,1452,2904,8800,1452,,1452,13200,1452,2904,,,,704,,,5852,8800,1452,4400,,,1452,,1452,1452,8800,,,,,,,,2904,1452,1452,13200,704,17600,1452,,,,,1452,13200,,5852,4400,13200,,4400,,4400,2904,26400,13200,30800,17600,8800,4400,26400,,2904,4400,2904,39600,4400,13200,1452,8800,13200,8800,1452,4400
,"Thalassiosira spp.2 (medium-small, 10-15µm)",52800,48400,44000,30800,,44000,17600,8800,8800,26400,39600,22000,17600,48400,30800,13200,48400,4400,22000,17600,61600,13200,17600,70400,83600,92400,114400,39600,193600,26400,114400,66000,114400,74800,35200,123200,79200,26400,61600,52800,13200,4400,17600,17600,74800,105600,101200,22000,44000,8800,22000,88000,140800,277200,162800,206800,184800,44000,92400,13200,39600,22000,,22000,1452,35200,13200,4400,30800,1452,17600,44000,,22000,8800,35200,8800,13200,39600,8800,8800,4400,13200,4400,2904,26400,8800,,17600,26400,35200,17600,17600,26400,35200,22000,30800,8800,30800,8800,1452,,8800,17600,,35200,,,13200,8800,70400,8800,4400,30800,35200,17600,30800,26400,13200,22000,277200,237600,228800,369600,101200,22000,,4400,13200,30800,105600,48400,39600,57200,30800,13200,70400,17600,17600,17600,13200,,,2904,704,1452,,,8800,8800,22000,,1452,1452,1452,1452,,4400,4400,8800,1452,4400,1452,4400,1452,1452,,8800,8800,,8800,8800,8800,1452,,,,,8800,1452,8800,8800,,13200,,8800,8800,,22000,1452,26400,4400,4400,,,,8800,8800,8800,1452,1452,,1452,,1452,4400,1452,17600,1452,8800,4400,13200,4400,4400,8800,,8800,8800,8800,4400,13200,17600,8800,8800,5852,17600,13200,26400,8800,8800,8800,17600,13200,22000,4400,13200,35200,17600,13200,8800
,"Thalassiosira spp.3 (small, <10µm)",57200,44000,52800,48400,61600,61600,39600,22000,57200,57200,70400,17600,26400,48400,39600,35200,57200,26400,39600,17600,57200,101200,26400,92400,83600,17,105600,70400,66000,13200,154000,202400,202400,61600,198000,96800,233200,88000,132000,83600,22000,17600,13200,26400,52800,61600,114400,13200,30800,8800,30800,70400,145200,193600,360800,233200,281600,92400,140800,22000,83600,101200,,66000,22000,52800,13200,4400,17600,1452,13200,57200,,74800,35200,30800,13200,35200,92400,8800,92400,8800,17600,105600,22000,114400,22000,,74800,35200,39600,13200,57200,57200,70400,88000,96800,22000,105600,61600,,35200,17600,30800,39600,140800,,8800,61600,26400,,48400,44000,44000,61600,83600,66000,70400,79200,26400,682000,352000,536800,528000,272800,61600,44000,44000,61600,26400,228800,180400,193600,145200,96800,118800,52800,61600,176000,57200,88000,616000,44000,52800,26400,110000,308000,22000,30800,66000,176000,17600,8800,66000,13200,48400,22000,13200,57200,88000,360800,92400,44000,66000,440000,462000,893200,6160000,4752000,2024000,8800,39600,26400,13200,,,,,8800,30800,,132000,52800,48400,,8800,17600,,,,,44000,52800,22000,1452,,,8800,22000,,57200,13200,13200,,4400,8800,8800,17600,13200,13200,22000,39600,8800,35200,8800,,8800,8800,17600,8800,92400,48400,66000,26400,17600,13200,8800,17600,13200,17600,30800,532400,35200,48400,22000,17600,52800,22000,35200,26400
Thalassiothrix,Thalassiothrix longissima,,,,,,,,,,,,,,,,,,,,,,,,,,,,,,,,,,,,,,,,,,,,,,,,,,,,,,,,,,,,,,,,,,,,,,,,,,,,,,,,,,,,,,,,,,,,,,,,,,,,,,,,,,,,,,,,,,,,,,,,,,,,,,,,,,,,,,,,,,,,,,,,,,,,,,,,,,,,,,,,,,,,,,,,,,,,,,,,,,,,,,,,,,,,,,,,,,,,,,,,,,,,,,,,,,,,,,,,,,,,,,,,,,,,,,,,,,,,,,,,
Trachyneis,Trachyneis aspera,,,,,,,,,,,,,,,,,,,,,,,,,,,,,,,,,,,,,,,,,,,,,,,,,,,,,,,,,,,,,,,,,,,,,,,,,,,,,,,,,,,,,,,,,,,,,,,,,,,,,,,,,,,,,,,,,,,,,,,,,,,,,,,,,,,,,,,,,,,,,,,,,,,,,,,,,,,,,,,,,,,,,,,,,,,,,,,,,,,,,,,,,,,,,,,,,,,,,,,,,,,,,,,,,,,,,,,,,,,,,,,,,,,,,,,,,,,,,,,,
Triceratium,Triceratium spp.,,,,,,,,,,,,,,,,,,,,,,,,,,,,,,,,,,,,,,,,,,,,,,,,,,,,,,,,,,,,,,,,,,,,,,,,,,,,,,,,,,,,,,,,,,,,,1452,748,,1452,,,,,,,,,,,,,,,,704,,,,,,,,,,,,,,,,,,,,,,,,,,,,,,,,,,,,,,,704,,1452,,704,,,,,,,,,,,,,,,,,,,,,,,,,,,,,,,,,,,,,,,,,,,,,,,,,,,,,,,,,,,,,,,,,,,,,,,,,,,,,,,,,,,,,
Trigonium,Trigonium spp.,,,,,,,,,,,,,,,,,,,,,,,,,,,,,,,,,,,,,,,,,,,,,,,,,,,,,,,,,,,,,,,,,,,,,,,,,,,,,,,,,,,,,,,,,,,,,,,,,,,,,,,,,,,,,,,,,,,,,,,,,,,,,,,,,,,,,,,,,,,,,,,,,,,,,,,,,,,,,,,,,,,,,,,,,,,,,,,,,,,,,,,,,,,,,,,,,,,,,,,,,,,,,,,,,,,,,,,,,,,,,,,,,,,,,,,,,,,,,,,,
Toxarium ,Toxarium spp.,,,,,,,,,,,,,,,,,,,,,,,,,,,,,,,,,,,,,,,,,,,,,,,,,,,,,,,,,,,,,,,,,,,,,,,,,,,,,,,,,,,,,,,,,,,,,,,,,,,,,,,,,,,,,,,,,,,,,,,,,,,,,,,,,,,,,,,,,,,,,,,,,,,,,,,,,,,,,,,,,,,,,,,,,,,,,,,,,,,,,,,,,,,,,,,,,,,,,,,,,,,,,,,,,,,,,,,,,,,,,,,,,,,,,,,,,,,,,,,,
diatom1,"unknown diatom, six-horn star shape, ~10um)",,,,,,,,,,,,,,,,,,,,,,,,,,,,,,,,,,,,,,,,,,,,,,,,,,,,,,,,,,,,,,,,,,,,,,,,,,,,,,,,,,,,,,,,,,,,,,,,,,,,,,,,,,,,,,,,,,,,,,,,,,,,,,,,,,,,,,,,,,,,,,,,,,,,,,,,,,,,,,,,,,,,,,,,,,,,,,,,,,,,,,,,,,,,,,,,,,,,,,,,,,,,,,,,,,,,,,,,,,,,,,,,,,,,,,,,,,,,,,,,
Other diatoms,Other diatoms,,,,,,,,,,,,,,,,,,,,,,,,,,,,,,,,,,,,,,,,,,,,,,,,,,,,,,,,,,,,,,,,,,,,,,,,,,,,,,,,,,,,,,,,,,,,,,,,,,,,,,,,,,,,,,,,,,,,,,,,,,,,,,,,,,,,,,,,,,,,,,,,,,,,,,,,,,,,,,,,,,,,,,,,,,,,,,,,,,,,,,,,,,,,,,,,,,,,,,,,,,,,,,,,,,,,,,,,,,,,,,,,,,,,,,,,,,,,,,,,
,,,,,,,,,,,,,,,,,,,,,,,,,,,,,,,,,,,,,,,,,,,,,,,,,,,,,,,,,,,,,,,,,,,,,,,,,,,,,,,,,,,,,,,,,,,,,,,,,,,,,,,,,,,,,,,,,,,,,,,,,,,,,,,,,,,,,,,,,,,,,,,,,,,,,,,,,,,,,,,,,,,,,,,,,,,,,,,,,,,,,,,,,,,,,,,,,,,,,,,,,,,,,,,,,,,,,,,,,,,,,,,,,,,,,,,,,,,,,,,,,
Dinoflagellate,,,,,,,,,,,,,,,,,,,,,,,,,,,,,,,,,,,,,,,,,,,,,,,,,,,,,,,,,,,,,,,,,,,,,,,,,,,,,,,,,,,,,,,,,,,,,,,,,,,,,,,,,,,,,,,,,,,,,,,,,,,,,,,,,,,,,,,,,,,,,,,,,,,,,,,,,,,,,,,,,,,,,,,,,,,,,,,,,,,,,,,,,,,,,,,,,,,,,,,,,,,,,,,,,,,,,,,,,,,,,,,,,,,,,,,,,,,,,,,,,
Akashiwo,Akashiwo sanguinea,,,,,,,,,,,,,,,,,,,,,,,,,,,,1452,,,,,,,,,,,,,,,,,,,,,,,,,,,,,,,,,,,,,,,,,,,,,,,,,,,,,,,,,,,,,,,,,,,,,,,,,,,,,,,,,,,,,,,,,,,,,,,,,,,,,,,,,,,,,,,,,,,,,,,,,,,,,,,,,,,,,,,,,,704,,,,,,,,,,,,,,,,,,,,704,,,,,,,,,,,,,,,,,,,,,,,,,,,,,,,,,,,,,,,,,,,,,,,,,,,,,,
Alexandrium,Alexandrium spp.,,,,,,,,,,,,,,,,,,,,,2904,,,,,1452,,,,,,,,,,,,,,,,,1452,,,,1452,,1452,2904,,,,,,,,,,,,,,,,,,,,,,,,,,,,,,,2904,,,,,,,,1452,,1452,,,,,,,,,,,,,,,,,,,,,,,,,,,,,,,,,,,,,,,,,,,,,,,,1452,,,,,,,,,,,,,,,,,,,,704,1452,,,,,,,,,,,,,,,,,,,,,,2904,,,,,,,,,,1452,,,,,,,,,,,,,,,,,,,,,,,,,,,,,,704,,,,,,,,,,,,,,704,,,,
,Alexandrium tamarense,,,,,,,,,,,,,,,,,,,,,,,,,,,,,,,,,,,,,,,,,,,,,,,,,,,,,,,,,,,,,,,,,,,,,,,,,,,,,,,,,,,,,,,,,,,,,,,,,,,,,,,,,,,,,,,,,,,,,,,,,,,,,,,,,,,,,,,,,,,,,,,,,,,,,,,,,,,,,,,,,,,,,,,,,,,,,,,,,,,,,,,,,,,,,,,,,,,,,,,,,,,,,,,,,,,,,,,,,,,,,,,,,,,,,,,,,,,,,,,,
Amphidinium,Amphidinium crassum,,,,,,,,,,,,,,,,,704,,,,1452,,,,,,,,,,,,,,,,,,,,,,,,,,,,,1452,1452,,,,,,,,,2904,,,,,,,,,,,,,,,,,,,,,,,,,,,,,,,,,,1452,,,,,,,,,1452,,,,,,,,2904,1452,,,,,,,,,8800,,2904,,,,,,,,,,,,,,,,,,,4400,,,,,1452,,,,,,,,,,,,,,,,,,704,,,,,,,,,,,,,,,,,,,,,,,,,,,,,,,,,,,,,,,,,1452,,,,,,,,,,,,,,,,,,,,,,,,,,,,,,,,,,
Ceratium,Ceratium furca,,,,,,,,,,,,,,,,,,,,,,,,4400,,,1452,,,,,,,,,,,,,,,,,,,,,,,,,,,1452,,,,,,,,,,,,,,,,,,,,,,,,,,,,2904,,,,1452,1452,,1452,,,1452,,,,,,,,,26400,2904,,1452,,,,,2904,1452,,,,,,,,,,,4400,22000,,13200,13200,1452,,,,,8800,4400,,,,2904,,,,,4400,17600,,,,,,,,,,,,,,,,,,,,,,,1452,,,,,,,,,,,,,,,,,,1452,,,,,,,,,,,,,,,,,,,,,,2904,,,,,,,,,,,704,,,,,,,,,,,,,,,,2904,,,,,,,,
,Ceratium fusus,,,,,,,,,,,,,,,,,,,,,,,,,,,,,,,,,,,,,,,,,,,,,,,,,,,,,,,,,,,,,,,,,,,,,,,,,,,,,,,,,,,,,,,,,,,,,,,,,,,,,,,,,,,,,,,,,,,,,,,,,,,,,,,,,,,,,,,,,,,,,,,,,,,,,,,,,,,,,,,,,,,,,,,,,,,,,,,,,,,,,,,,,,,,,,,,,,,,,,,,,,,,,,,,,,,,,,,,,,,,,,,,,,,,,,,,,,,,,,,,
,Ceratium spp.,,,,,,,,,,,,,,,,,,,,,,,,,,,,,,,,,,,,,,,,,,,,,,,,,,,,,,,,,,,,,,,,,,,,,,,,,,,,,,,,,,,,,,,,,,,,,,,,,,,,1452,,,,,,,,,,,,,,,,,,,,,,,,,,,,,,,,,,,,,,,,,,,,,,,,,,,,,,,,,,,,,,,,,,,,,,,,,,,,,,,,704,,,,,,,,,,,,,,,,,,,,,,,,,,,,,,,,,,,,,,,,,,,,,,,,,,,,,,,,,,,,
Cochlodinium,Cochlodinium spp.,,,,,,,,,,,,,,,,,,,,,,,,,,,,,,,,,,,,,,,,,,,,,,,,,,,,,,,,,,,,,,,,,,,,,,,,,,,,,,,,,,,,,,,,,,,,,,,,,,,,,,,,,,,,,,,,,,,,,,,,,,,,,,,1452,,,,,,,,,,,,,,,,,,,,,,,,,,,,704,,,,,,,1452,4400,,,,704,704,1452,,,2904,,,,,,,704,,,,704,,,,,,,,,,,,,,704,,,,,,,,,,,1452,,,,,,704,,704,,,,,,,,,,,,,,,,,,,,,,,,
Coolia,Coolia spp.,,,,,,,,,,,,,,,,,,,,,,,,,,,,,,,,,,,,,,,,,,,,,,,,,,,,,,,,,,,,,,,,,,,,,,,,,,,,,,,,,,,,,,,,,,,,,,,,,,,,,,,,,,,,,,,,,,,,,,,,,,,,,,,,,,,,,,,,,,,,,,,,,,,,,,,,,,,,,,,,,,,,,,,,,,,,,,,,,,,,,,,,,,,,,,,,,,,,,,,,,,,,,,,,,,,,,,,,,,,,,,,,,,,,,,,,,,,,,,,,
Dinophysis,Dinophysis acuminata,,,,,,,,,,,,,,,,,,,,,,,,,,,,,,,,,,,,,,,,,,,,,,,,,,,,,,,,,,,,,,,,,,,,,,,,,,,,,,,,,,,,,,,,,,,,,,,,,,,,,,1452,2904,,,,,,,,,,,,,,,,,,1452,704,1452,1452,,,,1452,,,,,,,,,,,,,,,,,,,,,,,,,,,,,,,352,,,,704,,,,,,,,,,,,,,,,704,,,,,,1452,,,,,,,,,,,,,704,,,,,,,,,,,,,,,,,,,,,,,,,,,,,,,,,,,,,,,,,,
,Dinophysis miles,,,,,,,,,,,,,,,,,,,,,,,,,,,,,,,,,,,,,,,,,,,,,,,,,,,,,,,,,,,,,,,,,,,,,,,,,,,,,,,,,,,,,,,,,,,,,,,,,,,,,,,,,,,,,,,,,,,,,,,,,,,,,,,,,,,,,,,,,,,,,,,,,,,,,,,,,,,,,,,,,,,,,,,,,,,,,,,,,,,,,,,,,,,,,,,,,,,,,,,,,,,,,,,,,,,,,,,,,,,,,,,,,704,,,,,,,,,,,,,,,
,Dinophysis norvegica,,,,,,,,,,,,,,,,,,,,,,,,,,,,,,,,,,,,,,,,,,,,,,,,,,,,,,,,,,,,,,,,,,,,,,,,,,,,,,,,,,,,,,,,,,,,,,,,,,,,,,,,,,,,,,,,,,,,,,,,,,,,,,,,,,,,,,,,,,,,,,,,,,,,,,,,,,,,,,,,,,,,,,,,,,,,,,,,,,,,,,,,,,,,,,,,,,,,,,,,,,,,,,,,,,,,,,,,,,,,,,,,,,,,,,,,,,,,,,,,
Diplopsalis,Diplopsalis lenticula,,,,,,,,,,,,,,,,,,,,,,,,,,,,,,,,,,,,,,,,,,,,,,,,,,,,,,,,,,,,,,,,,,,,,,,,,,,,,,,,,,,,,,,,,,,,,,,,,,,,,,1452,8800,,,,,,,,,,,1452,,,,,,,,,,,,,,,,,,,,,,,,,,,,,,,,,,,,,,,,,,,,,,,,,,,,,,,,,,,,,,,,,,,,,,,,,,,,,,,,,,,,,,,,,,,,,,,,,,,,,,,,,,,,,,,,,,,,,,,,,,,,,,
Gambierdiscus,Gambierdiscus toxicus,,1452,,,,,,,,,,,1452,,,,,,,,,,,,,,,,,,1452,1452,,,,,,,1452,,,,,,,,,,,,,,,,,,,,,,,,,,,,,,,,,,,,,,,,,,,,,,,,,,,,1452,,748,,,,,,,,,1452,,,,,,,,,,,,,,,,,,,,,,,,,,,1452,,,,1452,,,,,,,1452,,,,,,,,,,,,,,,,,,,,,,,,,,,,1452,,,,704,,,,,704,,,,,,,,,,,,,,,,,,,,,,,2904,,,,,,,,704,,,,,,,,,,,,,,,,,,,,,,,,,,,,,,,,
Gonyaulax,Gonyaulax spp.,,,,,,,,,,,,,,,,,,,,,,,,,,,,,,,,,,,,,,,,,,,,,,,,,,,,,,,,,,,,,,,,,,1452,,,,,,,,,,,,,,,,,,,,,,,,,,,,,,,,,,,,1452,,,,,,,,,,,,,,,,,,,,,,,,,,,,,,,,,,,,,,,,,,,,,,,,,,,,,,,,,,,,,,,,,,,,,,,,,,,,,704,,,,,,,,,,,,,,,,,,,,,,,,,,,,,,,,,,,,,,,,,,,,,,,,,,,,,,,,,,,,,
,Gonyaulax polygramma,,,,,,,,,,,,,,,,,,,,,,,,,,,,,,,,,,,,,,,,,,,,,,,,,,,,,,,,,,,,,,,,,,,,,,,,,,,,,,,,,,,,,,,,,,,,,,,,,,,,,,,,,,,,,,,,,,,,,,,,,,,,,,,,,,,,,,,,,,,,,,,,,,,,,,,,,,,,,,,,,,,,,,,,,,,,,,,,,,,,,,,,,,,,,,,,,,,,,,,,,,,,,,,,,,,,,,,,,,,,,,,,,,,,,,,,,,,,,,,,
,Gonyaulax verior,,,,,,,,,,,1452,,,,,,,,,,,,,,,,,,,,,,,,,,,,,,,,,,,,,,,,,,,,,,,,,,,,,,,,,,,,,,,,,,,,,,,,,,,,,,,,,,,,,,,,,,,,,,,,,,,,,,,,,,,,,,,,,,,,,,,,,,,,,,,,,,,,,,,,,,,,,,,,,,,,,,,,,,,,,,,,,,,,,,,,,,,,,,,,,,,704,,,,,,,,,,,,,,,,,,,,,,,,,,,,,,,,,,,,,,,,,,,,,,,,,,
Gymnodinium,Gymnodinium spp.,,,0.33,,,,,1452,,,,,,,1452,,,,,,,,,,,,,1452,,,,,,,,,,,,,,,,1452,,,,,,,,8800,,,1452,1452,1452,,1452,,,,,,,,,,,1452,,1452,,,,,1452,,,1452,4400,8800,2904,,2904,,,,,,17600,,2904,1452,,8800,,,,,22000,17600,13200,1452,,,,,,704,2904,2904,1452,,,2904,,,,,8800,17600,8800,8800,1452,8800,,,2904,,1452,,8800,,2904,,8800,,2904,,17600,17600,,,,,22000,,1452,,4400,,,,,1452,,,,,13200,,1452,,13200,,1452,,8800,,,,,,,2904,8800,,17600,,1452,,8800,,1452,,,,,704,,,,,,,,,,704,1452,,,,2904,1452,704,,5852,,,1452,2904,,,,1452,704,,,,,1452,1452,,,2904,,,704,,,,,,,1452,,704,
Gyrodinium,Gyrodinium instriatum,,,,,,,,,,,,,,,,,,,,,,,,,,,,,,,,,,,,,,,,,,,,,,,,,,,,,,,,,,,,,,,,,,,,,,,,,,,,,,,,,,,,,,,,,,,1452,,,,,,,,,,,,,,,,,,,,,,,,,,,,,,,,,1452,,,,,,,,,,,,,,,,,,,,,,,,,,,,,,,,,,,,,,,,,,,,,,,,,,,,,,,,,,,,,,,,,,,,,,,,,,,,,,,,,,,,,,,,,,,,,,,,,,,,,,,,,,,,,,,,,,,,
,Gyrodinium spirale,,,,,,,,,,,,,,,,,,,,,,,,,,,,,,,,,,,,,,,,,,,,,,,,,,,,,,,,,,,,,,,,,,,,,,,,,,,,,,,,,8800,1452,,,1452,,,,,,13200,8800,748,748,,,,,,1452,7304,,,,,,,,704,,,,,,,,704,,,,,,,,,,,,,,,8800,,,,,,,,,1452,,,,,,,,,,,,,,1452,,,,,,,704,,,704,704,,,704,704,2904,2904,,704,,,704,,,,,,,,,704,,,,,,,,,,,,,,,,,,,,,,,,,,,,,,,,,,,,,,,,,,,,,,,,,,,,,,
Heterocapsa,Heterocapsa triquetra,,,,,,,,,,,,,,,,,,,,,,,,,,,,,,,,,,,,,,,,,,,,,,,,,,,,,,,,,,,,,,,,,,,,,,,,,,,,,,,,,,,,,,,,,,,,,,,,,,,,,4400,1452,,,,,,,,,,,1452,,,,,,,,8800,13200,13200,44000,13200,8800,61600,8800,22000,,1452,,,4400,,8800,13200,,,,,17600,,,,,4400,13200,,,,,,,,,,,,,,,,,,,1452,8800,,8800,,,704,,,,704,,1452,,1452,13200,1452,,,,8800,,,,,,,,,,,,,,,,,,,,,,,,,,,,,,,,,,,,1452,,,,,,,,,,,,,,,,,
,Heterocapsa circularisquama,17600,13200,8800,1452,1452,,,1452,1452,1452,4400,,8800,8800,8800,8800,,,2904,,8800,,,1452,,13200,,8800,,,1452,8800,1452,1452,1452,,,,,,,,1452,,,,1452,,1452,,1452,8800,8800,,1452,,,,,,8800,26400,,13200,8800,17600,13200,5852,,1452,66000,8800,,1452,,8800,,,4400,1452,22000,,,1452,4400,,39600,13200,17600,8800,13200,1452,,,1452,1452,,,8800,8800,22000,22000,66000,,17600,17600,1452,,13200,1452,8800,17600,8800,,,8800,1452,2904,,1452,39600,176000,44000,39600,66000,35200,44000,22000,1452,,17600,52800,,8800,4400,44000,13200,4400,1452,2904,484000,1601600,396000,8800,35200,22000,308000,264000,66000,22000,484000,,,,1452,,44000,,13200,8800,66000,79200,17600,,52800,17600,8800,167200,,22000,13200,4400,22000,1452,17600,1452,8800,1452,30800,,13200,1452,17600,,,,,,,1452,,,,,,1452,,,,704,2904,26400,8800,17600,1452,17600,,,,8800,,26400,26400,8800,22000,17600,8800,704,22000,,30800,1452,1452,,2904,8800,8800,,1452,,,,,1452,704,1452,1452,,1452,
Karenia,Karenia brevis-like,,,,,,,,,,,,,,,,,,,,,,,,,,,,,,,,,,,,,,,,,,,,,,,,,,,,,,,,,,,,,,,,,,,,,,,,,,,,,,,,,,,,,,,,,,,,,,,,,,,,,,,,,,,,,,,,,,,,,,,,,,,,,,,,,,,,,,,,,,,,,,,,,,,,,,,,,,,,,,,,,,,,,,,,,,,,,,,,,,,,,,,,,,,8800,,,,,,,,,,,,,,,,,,,,1452,,,,,,,,,,,,,,,,,,,,,,,,,,,,,,,,,
Katodinium,Katodinium glaucum,,,,,,,,,,,,,,,,,,,,,,,,,,,,,,,,,,,,,,,,,,,,,,,,,,,,,,,,,,,,,,,,,,,,,,,,,,,,,,,,,,,,,,,,,,,,,,,,,,,,,,4400,5852,2904,,,,,,,,,,,,,,,,,,57200,13200,,4400,1452,,,,1452,,,1452,,,1452,,,1452,,,1452,,,,,,,,,,,,,,,,,,,,,2904,,1452,1452,,26400,2904,2904,1452,2904,1452,,,,,704,,,,,,,2904,,,1452,,,,2904,,,,,2904,,,,1452,,1452,2904,1452,1452,2904,,,,2904,2904,2904,,,2904,,,,,,1452,,,,704,,,,704,,,704,,704,704,8800,,,
Noctiluca,Noctiluca scintillans,,,,,,,,,,,,,,,,,,,,,,,,,,,,,,,,,,,,,,,,,,,,,,,,,,,,,,,,,,,,,,,,,,,,,,,,,,,,,,,,,,,,,,,,,,,,,,,,,,,,,,,,,,,,,,,,,,,,,,,,,,,,,,,,,,,,,,,,,,,,,,,,,,,,,,,,,,,,,,,,,,,,,,,,,,,,,,,,,,,,,,,,,,,,,,,,,,,,,,,,,,,,,,,,,,,,,,,,,,,,,,,,,,,,,,,,,,,,,,,,
Oblea ,Oblea rotunda,,,,,,,,,,,,,,,,,,,,,,,,,,,,,,,,,,,,,,,,,,,,,,,,,,,,,,,,,,,,,,,,,,,,,,,,,,,,,,,,,,,,,,,,,,,,,,,,,,,,,,,,,,,,,,,,,,,,,,,,,,1452,,1452,,,,,,,,,,,,,,,,,,,,,,,,,,,,,,,,,,,,,1452,,,,1452,,,8800,,,,2904,704,,,,,2904,,,1452,5852,8800,1452,704,,,2904,704,704,,8800,,,,1452,704,,,,,704,,,,,,,,,,,,,,704,,,,,,,704,,,,704,,,704,,,,,,,,,,
Oxyrrhis,Oxyrrhis marina,,,,,,,,,,,,,,,,,,,,,,,,,,,,,,,,,,,,,,,,,,,,,,,,,,,,,,,,,,,,,,,,,,,,,,,,,,,,,,,,,,,,,,,,,,,,,,,,,,,,,,1452,,,,,,,,,,,,,,,,,,,,,,,,,,,,,,,,,,,,,,,,,,,,,,,,,,,,,,,,,,,,,,,,,,,,,,,,,,,,,,,,,,,,,,,,,,,,,,,,,,,,,,,,,,,,,,,,,,,,,,,,,,,,,,,,,,,,,,,,,,
Oxytoxum,Oxytoxum spp.,,,,,,,,,,,,,,,,,,,,,,,,,,,,,,,,,,,,,,,,,,,,,,,,,,,,,,,,,,,,,,,,,,,,,,,,,,,,,,,,,,,,,,,,,,,,,,,,,,,,,1452,,,,,,,,,,,,,,,,,,,,,,,,,,,,,,,,,,,,,,,,,,,,,,,,,,,,,,,,,,,,,,,,,,,,,,,,,,,,,,,,,,,,,,,,,,,,,,,,,,,,,,,,,,,,,,,,,,,,,,,,,,,,,,,,,,,,,,,,,,,
Peridiniella,Peridiniella spp.,,,,,,,,,,,,,,,,,,,,,,,,,,,,,,,,,,,,,,,,,,,,,,,,,,,,,,,,,,,,,,,,,,,,,,,,,,,,,,,,,,,,,,,,,,,,,,,,,,,,,,,,,,,,,,,,,,,,,,,,,,,,,,,,,,,,,,,,,,,,,,,,,,,,,,,,,,,,,,,,,,,,,,,,,,,,,,,,,,,,,,,,,,,,,,,,,,,,,,,,,,,,,,,,,,,,,,,,,,,,,,,,,,,,,,,,,,,,,,,,
Peridinium,Peridinium quinquecorne,,,,,,,,,,,,,,,,,,,,,,,,,,,,,,,,,,,,,,,,,,,,,,,,,,,,,,,,,,,,,,,,,,,,,,,,,,,,,,,,,,,,,,,,,,,,,,,,,,,,,,,,,,,,,,,,,,,,,,,,,,,,,,,,,,,,,,,,,,,,,,,,,,,,,,,,,,,,,,,,,,,,,,704,,,,2904,,,,,,,,,,,,,,,,,,,,,,,,,,,,,,,,,,,,,,,,,,,,,,,,,,,,,,,,,,,,,,,,,,,,,,
,Pfiesteria-like,,,,1452,,,,,,1452,1452,,2904,,,,,1452,2904,1452,,,,,,,,,,,,1452,,,,,,,,,13200,1452,,,,,,,,1452,,,,1452,,,,,,,,,,,,13200,,,,1452,,,,,,,,8800,,,,1452,,,,,,,,1452,1452,1452,,,1452,8800,,1452,8800,1452,22000,8800,8800,,,,,,,,8800,22000,,,1452,,,,,,8800,8800,1452,13200,22000,26400,8800,8800,2904,,,8800,,1452,1452,4400,,,,,30800,39600,,,4400,17600,,,,1452,8800,1452,1452,,,4400,,,,,8800,,1452,1452,8800,30800,,22000,8800,22000,1452,,2904,,,1452,17600,1452,1452,,,,,1452,,704,2904,2904,,704,1452,1452,,,,,1452,2904,,704,,,,,,,,,,,,,,,,,,,,,,,,,,,,,,,,,,,,,,,704,
Pheopolykrikos ,Pheopolykrikos hartmannii,,,,,,,,,,,,,,,,,,,,,,,,,,,,,,,,,,,,,,,,,,,,,,,,,,,,,,,,,,,,,,,,,,,,,,,,,,,,,,,,,,,,,,,,,,,,,,,,,,,,,,,,,,,,,,,,,,,,,,,,,,,,,,,,,,,,,,,,,,,,,,,,,,,,,,,,,,,,,,,,,,,,,,,,,,,,,,,,,,,,,,,,,,,,,,,,,,,,,,,,,,,,,,,,,,,,,,,,,,,,,,,,,,,,,,,,,,,,,,,,
Polykrikos,Polykrikos spp.,,,,,,,,,,,,,,,,,,,,,,,,,,,,,,,,,,,,,,,,,,,,,,,,,,,,,,,,,,,,,,,,,,,,,,,,,,,,,,,,,,,,,,,,,,,,,,,,,,,,,704,2904,4400,,,,,,,,,,,,,,,,,,704,704,,,,,,,704,,704,,,,,,,,,,,,,,,,,,,,,,,,,,,,,,,,,,4400,,,1452,,,,,,,,,,,,,,,,,,,,,,,,,,,,,,,,,,,,,,,,,,,,,,,,,,,,,,,,,,,,,704,,,,704,,,,,,,
Polykrikos,Polykrikos schwarzii,,,,,,,,,,,,,,,,,,,,,,,,,,,,,,,,,,,,,,,,,,,,,,,,,,,,,,,,,,,,,,,,,,,,,,,,,,,,,,,,,,,,,,,,,,,,,,,,,,,,,,,,,,,,,,,,,,,,,,,,,,,,,,,,,,,,,,,,,,,,,,,,,,,,,,,,,,,,,,,,,,,,,,,,,,,,,,,,,2904,,,,,,,,,,,,,,,,,,,,,,,,,,,,,,,,,,,,,,,,,,,,,,,,,,,,,,,,,,,,,,,
Prorocentrum,Prorocentrum balticum,,,,,,,,,,,,,,,,,,,,,,,,,,,,,,,,,,,,,,,,,,,,,,,,,,,,,,,,,,,,,,,,,,,,,,,,,,1452,,,,,,,,,,,,,,,,,,,,1452,,,,,,,,,,,,,,,,,,,,,,,,,,,,,,,,,,,,,,,1452,,,,,,1452,,8800,,,,,,1452,4400,,,,,,,,,,,1452,,1452,1452,,,,704,,,1452,4400,,,,,,,,,2904,,,,,,,,,,,,,,,,,,,,,,,,,,,,,,,,,,,,,,,,,,,,,,,,,,,,,,,,,,,,,
,Prorocentrum concavum,,,,,,,8800,,,,,,,,,,,,,,,,,,,,,,,,,,,,,,,,,,,,,,,,,,,,,,,,,,,,,,,,,,,,,,,,,,,,,,,,,,,,,,,,,,,,,,,,,,,,,,,1452,,,,,,,,,,,,,,,,,,,,,,,,,,,,,,,,,,,,,,,,,,,,,,,,,,,,,,,,,,,,,,,,,,,,,,,,,,,,,,,,,,,,,,,,,,,,,,,,,,,,,,,,,,,,,,,,,,,,,,,,,,,,,,,,,,,,,,,,,,
,Prorocentrum dentatum(=P. donghaiense),,,,,,,,,,,,,,,,,,,,,,,,,,,,,,,,,,,,,,,,,,,,,,,,,,,,,,,,,,,,,,,,,,,,,,,,,,,,,,,,,,,,,,,,,,,,,,,,,,,,,,,,,,,,,,,,,,,,,,,,,,,,,,,4400,4400,,1452,,,,,,,,,,,,,,,,,,,,,,,,,,,,,,,,,,,,,,,,,,,,,,,,,,,,,,,,,,,,,,,,,,,,,,,,,,,,,,,,,,,,,,,,,,,,,,,,,,,,,,,,,,,,,,
,Prorocentrum lima,,,,,,,,,,,,,,,,,,,,,,,,,,,,,,,,,,,,,,,,,,,,,,,,,,,,,,,,,,,,,,,,,,,,,,,,,,,,,,,,,,,,,,,,,,,,,,,,,,,,,,,,,,,,,,,,,,,,,,,,,,,,,,,,,,,,,,,,,,,,,,,,,,,,,,,,,,,,,,,,,,,,,,,,,,,,,,,,,,,,,,,,,,,,,,,,,,,,,,,,,,,,,,,,,,,,,,,,,,,,,,,,,,,,,,,,,,,,,,,,
,Prorocentrum mexicanum,,,,,,,,,,,,,,,,,,,,,,,,,,,,,,,,,,,,,,,,,,,,,,,,,,,,,,,,,,,,,,,,,,,,,,,,,,,,,,,,,,,,,,,,,,,,,,,,,,,,,,,,,,,,,,,,,,,,,,,,,,,,,,,,,,,,,,,,,,,,,,,,,,,,,,,,,,,,,,,,,,,,,,,,,,,,,,,,,,,,,,,,,,,,,,,,,,,704,,,,,,,,,,,,,,,,,,,,,,,,,,,,,,,,,,,,,,,,,,,,,
,Prorocentrum micans,,,,,,,,,,,,,,,,,,,,,,,,,,,,,,,,,,,,,,,,,,,,,,,,,,,,,,,,,,,,,,,,,,,,,,,,,,,,,,,,,,,,,,,,,,,,,,,,,,,,,,,,,,,,,,704,,,,,,,,,,,,,,,,,,,,,,,,,,,,,,,,,,,,,,,,,,,,,,,,,,704,,,,,,,,,,,,,,,,,,,,,,,,,,,,,,,,,,,,,,,,,,,,,,,,,,,,,,,,,,,,,,,,,,,,,,,,,,,,,,,,
,Prorocentrum minimum,,,,,,,,,,,,,,,,,,,,,,,,,,,,,,,,,,,,,,,,,,,,,,,,,,,,,,,,,,,,,,,,,,,,,,,,,,,,,,,,,,,,,,,,,,,,,,,,,,,,,4400,13200,4400,,4400,,,1452,,,,,,,,,,,,1452,,,4400,8800,,13200,8800,8800,,1452,,,,,,,1452,1452,1452,1452,66000,17600,4400,4400,,8800,13200,,,,,,,,,,,,,,2904,,8800,,,4400,,,,8800,,,,704,,2904,1452,,,,,,13200,1452,1452,,4400,704,,,,,,,,,,,,704,,,,,,,,,,,1452,,,,,,,704,1452,,,,,,,,1452,,,,,,,,,,,,,
,Prorocentrum sigmoides,,,,,,,,,,,,,,,,,,,,,,,,,,,,,,,,,,,,,,,,,,,,,,,,,,,,,,,,,,,,,,,,,,,,,,,,,,,,,,,,,,,,,,,,,,,,,,,,,,,,,,,,,,,,,,,,,,,,,,,,,,,,,,,,,,,,,,,,,,,,,,,,,,,,,,,,,,,,,,,,,,,,,,,,,,,,,,,,,0,,,,,,,,,,,,,,,,,,,,,,,,,,,,,,,,,,,,,,,,,,,,,,,,,,,,,,,,,,,,,,,
,Prorocentrum triestinum,1452,1452,,,,,,,,,,,,,,,,,,,2904,,,,,,,,,,,,,,,,,,,,,,,,,,,,,,,,,,1452,,,,,,,,,,,,,,,,,,,,,,,,,,4400,,,,,,,,,,,,,,,,,,,,4400,2904,1452,,1452,,,,,,,,,,,,704,,,,8800,61600,92400,66000,61600,26400,13200,52800,57200,30800,4400,4400,30800,,13200,1452,13200,22000,17600,,17600,8800,1452,,,,,,,,,,,,,,,,,,17600,8800,17600,,4400,1452,,1452,,4400,,,704,,,704,22000,2904,4400,,704,5852,17600,1452,1452,,,704,,,704,,1452,,,,,,,704,1452,,,,,,,704,,,,,,,,,,,,,,,,,,,,,,,,,,,,,,,,
,Prorocentrum spp.,,,1452,1452,,,1452,,,,,,,,,,,,,,,,,,,,,,,,,,,,,,,1452,,,,,,,,,,,,,,,,,,,,,,,2904,,,,,,,,,,,1452,,,,,,,,,,,,,,,,,,,,,8800,,1452,,,,,,17600,,,,,,,,,,,,,,,,,,,,,,,,,1452,,,,,1452,,,,,,,,,,,,,,,,,,,,,,,,,,,,,,,,1452,,,,1452,1452,,,,,,,,,,,,,,,,,,,,,,,,,,,,,,,,,,,,,,,,,,,,,,,,,,,,,,,,,,,,,,,,,,,,,,,,
Protoperidinium,Protoperidinium claudicans,,,,,,,,,,,,,,,,,,,,,,,,,,,,,,,,,,,,,,,,,,,,,,,,,,,,,,,,,,,,,,,,,,,,,,,,,,,,,,,,,,,,,,,,,,,,,,,,,,,,,0,,,,,,,,,,,,,,,,,,,,,,,,,,,,,,,,,,,,,,,,,,,,,,,,,,,,,,,,,,,,,,,,,,,,,,,,,,,,,,,,,,,,,,,,,,,,,,,,,,,,,,,,,,,,,,,,,,,,,,,,,,,,,,,,,,,,,,,,,,,
,Protoperidinium conicum,,,,,,,,,,,,,,,,,,,,,,,,,,,,,,,,,,,,,,,,,,,,,,,,,,,,,,,,,,,,,,,,,,,,,,,,,,,,,,,,,,,,,,,,,,,,,,,,,,,,,,,,,,,,,,,,,,,,,,,,,,,,,,,,,,,,,,,,,,,,,,,,,,,,,,,,,,,,,,,,,,,,,,,,,,,,,,,,,,,,,,,,,,,,,,,,,,,,,,,,,,,,,,,,,,,,,,,,,,,,,,,,,,,,,,,,,,,,,,,,
,Protoperidinium depressum,,,,,,,,,,,,,,,,,,,,,,,,,,,,,,,,,,,,,,,,,,,,,,,,,,,,,,,,,,,,,,,,,,,,,,,,,,,,,,,,,,,,,,,,,,,,,,,,,,,,,,,,,,,,,,,,,,,,,,,,,,,,,,,,,,,,,,,,,,,,,,,,,,,,,,,,,,,,,,,,,,,,,,,,,,,,,,,,,,,,,,,,,,,,,,,,,,,,,,,,,,,,,,,,,,,,,,,,,,,,,,,,,,,,,,,,,,,,,,,,
,Protoperidinium oblongum,,,,,,,,,,,,,,,,,,,,,,,,,,,,,,,,,,,,,,,,,,,,,,,,,,,,,,,,,,,,,,,,,,,,,,,,,,,,,,,,,,,,,,,,,,,,,,,,,,,,,,,,,,,,,,,,,,,,,,,,,,,,,,,,,,,,,,,,,,,,,,,,,,,,,,,,,,,,,,,,,,,,,,,,,,,,,,,,,,,,,,,,,,,,,,,,,,,,,,,,,,,,,,,,,,,,,,,,,,,,,,,,,,,,,,,,,,,,,,,,
,Protoperidinium oceanicum,,,,,,,,,,,,,,,,,,,,,,,,,,,,,,,,,,,,,,,,,,,,,,,,,,,,,,,,,,,,,,,,,,,,,,,,,,,,,,,,,,,,,,,,,,,,,,,,,,,,,,,,,,,,,,,1452,,,,,,,,,,,,,,,,,,,,,,,,,,,,,,,,,,,,,,,,,,,,,,,,,,,,,,,,,,,,,,,,,,,,,,,,,,,,,,,,,,,,,,,,,,,,,,,,,,,,,,,,,,,,,,,,,,,,,,,,,,,,,,,,,
,Protoperidinium spp.,,,,,,1452,,,,,,,,,,,,,,,,,,,,,,,,,,,,,,,,,,,,,,,,,,,,,,2904,,,,,,,,1452,,,,,,,,,,1452,,,,,,748,,,,,,,,,,,,,,,,,,,,,,,,1452,,1452,,,,,,,,,,,,,,,,,,,,,,,,,,,,,,,,,,,,,,,,,,,,,,,,,,,,,,,,,,,,2904,,,,,704,,,,,,,,,704,704,,,,2904,,704,,,,,,,,,,,,,,,,704,,,,,,2904,1452,,,,,,,,,,,,704,,,,,,,,,,,,,,,,,,704,,,,
Scrippsiella,Scrippsiella trochoidea,,1452,1452,,,1452,,,,,,,2904,1452,,,,,,,4400,,1452,,,,,,,,,,,1452,1452,,,,,,8800,1452,,,,,,,,,17600,,,1452,,1452,,1452,,,13200,1452,,,,,,,,,4400,1452,,1452,,,,,1452,,1452,,,,,,,,,1452,2904,1452,1452,,,,,,,,39600,13200,8800,,13200,,,,,,,,,,,,,,,,,8800,17600,,4400,,,1452,17600,4400,,,1452,,,,,,,,44000,8800,,,,,4400,,2904,,,1452,,,,,,,,,35200,8800,22000,,17600,1452,,13200,,1452,,1452,,,704,1452,13200,704,704,,2904,,8800,1452,5852,704,2904,704,704,,,,,,,,,2904,,,2904,,,,,,,,,,,,,,,,,704,,,,,,,,,,,,,,704,,,,,,,,
Other dinoflagellates,other dinoflagellates,,,,,,,,,,,,,,,,,,,,,,,,,,,1452,,,,,,,,,,,,,,,,,,,,,,,,,,,,,,,,,,,,,,,,,,,,,,,,,,,,,,,,,,,,,,,,,,,8800,,,,,,,,,,,,,,,,,,,,,,,,,,,,,,,,,,,,,,,,,,,,,,,,,,,,,,,,,,,,,,,,,,,,,,,,,,,,,,,,,,,,,,,,,,,,,,,,,,,,,,,,,,,,,,,,,,,,,,,,,704,,,,,,,,,,,,,,,,,,,,,,,,,
,cysts of Lingulodinium polyedra,,,,,,,,,,,,,,,,,,,,,,,,,,,,,,,,,,,,,,,,,,,,,,,,,,,,,,,,,,,,,,,,,,,,,,,,,,,,,,,,,,,,,,,,,,,,,,,,,,,,,,,,,,,,,,,,,,,,,,,,,,,,,,,,,,,,,,,,,,,,,,,,,,,,,,,,,,,,,,,,,,,,,,,,,,,,,,,,,,,,,,,,,,,,,,,,,,,,,,,,,,,,,,,,,,,,,,,,,,,,,,,,,,,,,,,,,,,,,,,,
,cysts,,,,1452,,,,,,,,,,,,,,,,,1452,,,,,,,,,,1452,,,,,,,,,,,1452,,,,,,,,,,,,,,,,,,,,,,,,,,,,1452,1452,,,,,,,,,,,,,1452,,,,,,,,1452,1452,1452,,1452,,,,1452,,,,,,,,,,,8800,1452,,,17600,1452,,,,,8800,4400,8800,,4400,4400,,,1452,,,,,,,,1452,,,,,,,,,,,,,,,,,,8800,,,,,,,,,,,,,,,,1452,,,,,,704,,,,,,,1452,,,,,,,,,,1452,,,,,,704,2904,1452,1452,1452,2904,,1452,,,,,,,,,,,,,,,,,,,,1452,,,1452,,704,,,,,,,,
,,,,,,,,,,,,,,,,,,,,,,,,,,,,,,,,,,,,,,,,,,,,,,,,,,,,,,,,,,,,,,,,,,,,,,,,,,,,,,,,,,,,,,,,,,,,,,,,,,,,,,,,,,,,,,,,,,,,,,,,,,,,,,,,,,,,,,,,,,,,,,,,,,,,,,,,,,,,,,,,,,,,,,,,,,,,,,,,,,,,,,,,,,,,,,,,,,,,,,,,,,,,,,,,,,,,,,,,,,,,,,,,,,,,,,,,,,,,,,,,,
Chlorophyte,Scenedesmus spp.,,,,,,,,,,,,,,,,,,,,,,,,,,,,,,,,,,,,,,,,,,,,,,,,,,,,,,,,,,,,,,,,,,,,,,,,,,,,,,,,,,,,,,,,,5852,,,,,,,,,,,,,,,,,,,,,,,,,,,,,,,,,,,,,,,,,,,,,,,,,,,,,,,,,,,,,,,,,,,,,,,,,,,,,,,,,,,,,,,,,,,,,,,,,,,,,,,,,,,,,,,,,,,,,,,,,,,,,,,,,,,,,,,,,,,,,,,,,,,,,,,
,Scenedesmus dimorphus,,,,,,,,,,,,,,,,,,,,,,,,,,,,,,,,,,,,,,,,,,,,,,,,,,,,,,,,,,,,,,,,,,,,,,,,,,,,,,,,,,,,,,,,,,,,,,,,,,,,,,,,,,,,,,,,,,,,,,,,,,,,,,,,,,,,,,,,,,,,,,,,,,,,,,,,,,,,,,,,,,,,,,,,,,,,,,,,,,,,,,,,,,,,,,,,,,,,,,,,,,,,,,,,,,,,,,,,,,,,,,,,,,,,,,,,,,,,,,,,
,,,,,,,,,,,,,,,,,,,,,,,,,,,,,,,,,,,,,,,,,,,,,,,,,,,,,,,,,,,,,,,,,,,,,,,,,,,,,,,,,,,,,,,,,,,,,,,,,,,,,,,,,,,,,,,,,,,,,,,,,,,,,,,,,,,,,,,,,,,,,,,,,,,,,,,,,,,,,,,,,,,,,,,,,,,,,,,,,,,,,,,,,,,,,,,,,,,,,,,,,,,,,,,,,,,,,,,,,,,,,,,,,,,,,,,,,,,,,,,,,
Raphidophyte,Chattonella antiqua,,,,,,,,,,,,,,,,,,,,,,,,,,,,,,,,,,,,,,,,,,,,,,,,,,,,,,,,,,,,,,,,,,,,,,,,,,,,,,,,,,,,,,,,,,,,,,,,,,,,,,,,,,,,,,,,,,,,,,,,,,,,,,,,,,,,,,,,,,,,,,,,,,,,,,,,,,,,,,,,,,,,,,,,,,,,,,,,,,,,,,,,,,,,,,,,,,,,,,,,,,,,,,,,,,,,,,,,,,,,,,,,,,,,,,,,,,,,,,,,
,Chattonella marina,,,,,,,,,,,,,,,,,,,,,,,,,,,,,,,,,,,,,,,,,,,,,,,,,,,,,,,,,,,,,,,,,,,,,,,,,,,,,,,,,,,,,,,,,,,,,,,,,,,,,,,,,,,,,,,,,,,,,,,,,,,,,,,,,,,,,,,,,,,,,,,,,,,,1452,,,,,,,,,,,,,,,,,,,,,,,,,,,,,,,,,,,,,,,,,,,,,,,,,,,,,,,,,,,,,,,,,,,,,,,,,,,,,,,,,,,,,,,,,,,,
,Chattonella spp.,4400,,1452,,,,,,,,,2904,,,1452,,1452,,,,13200,,,,,,1452,,1452,,,,1452,,,,,,,,,,,,,,,,,,,,748,,,,,,,,,,,,,,,,,,,,,,,,,1452,1452,,1452,1452,,,,,1452,,,,,,,,,,,,,,17600,,17600,,,,,,13200,,,,,,,,,,,,,,,8800,,,8800,,,,1452,,,,,,,,,,66000,,,,,,,,,,8800,,,,,,,,1452,,,,,,,,1452,,,,,,,,,,,,,,1452,,,,,,,,,,,,,,704,,,,,704,,,1452,,,,,,1452,,,704,,,,,,,,,,,704,,,,,,,,,,,,,,,,,
,Gonyostomum semen,,,,,,,,,,,,,,,,,,,,,,,,,,,,,,,,,,,,,,,,,,,,,,,,,,,,,,,,,,,,,,,,,,,,,,,,,,,,,,,,,,,,,,1452,1452,,1452,,,,,2904,,,,,,,,,,,,,,,,,,,,,,,,,,,,,,,,,,,,,,,,,,,,,,,,,,,,,,,,,,,,,,,,,,,,,,,,,,,,,,,,,,,,,,,,,,,,,,,,,,,,,,,,,,,,,,,,,,,,,,,,,,,,,,,,,,,,,,,,,,,,,,,,,,
,Heterosigma akashiwo,,,,,,,,,,,,,,,,,,,,,,,,,,,,,,,,,,,,,,,,,,,,,,,,,,,,,,,,,,,,,,,,,,,,,,5852,,,,,,,,,,1452,,,,,,,,,,,,,,,,,,,,,,,,,,,,,,,,,22000,,,,,,,,,,,,,,,,,,,,,,,,,,,,,,,,,,,,,,,,,,,,,,,,,,,,,,,,,,,,,,,,,,,,,,,,,,,,20504,14652,,,,,,,,,,23452,1452,,1452,,,,,,,,,,,,,,,,,,,,,,,,,,,,,,,,,,,,,
,,,,,,,,,,,,,,,,,,,,,,,,,,,,,,,,,,,,,,,,,,,,,,,,,,,,,,,,,,,,,,,,,,,,,,,,,,,,,,,,,,,,,,,,,,,,,,,,,,,,,,,,,,,,,,,,,,,,,,,,,,,,,,,,,,,,,,,,,,,,,,,,,,,,,,,,,,,,,,,,,,,,,,,,,,,,,,,,,,,,,,,,,,,,,,,,,,,,,,,,,,,,,,,,,,,,,,,,,,,,,,,,,,,,,,,,,,,,,,,,,
Silicoflagellate,Dictyocha speculum,,,,,,,,1452,2904,,1452,,,,,,,,2904,,,,,,,,,1452,,,,,,,,,,,,,,,,,,,1452,,,,,,,,,,,,,,,,,,,,,,,,,,,,,,1452,,,,,,,,,,,,,,,,,,,,,,,,,1452,1452,,,,,,,,,,,,,,,,1452,,,,,,,,,,,,,,1452,,,,,,,,,,,,,,,,,,,,,,,,,,,,,,,,,,,,,,,,,,,,,,,,,,,,,,,,,,,,,,,,,,,,,,,,,,,,,,,,,,,,,,,,,,,,,,,,2904,1452,,,,,,,704,,704,
,Dictyocha fibula,,,,,,,,,,,,,,,,,,,,,,,,,,,,,,,,,,,,,,,,,,,,,,,,,,,,,,,,,,,,,,,,,,,,,,,,,,,,,,,,,,,,,,,,,,,,,,,,,,,,,,,,,,,,,,,,,,,,,,,,,,,,,,,,,,,,,,,,,,,,,,,,,,,,,,,,,,,,,,,,,,,,,,,,,,,,,,,,,,,,,,,,,,,,,,,,,,,,,,,,,,,,,,,,,,,,,,,,,,,,,,,,,,,,,,,,,,,,,,,,
,Ebria tripartita,,1452,,,,,,,,,1452,,,,,,,,,,,,,,,,,,,,,,,,,,,,,,,,,,,,,,,,,,,,,,,,,,,,,,,,,,,,1452,,,,1452,,,,,,,,,,,,,,,,,,,,,,,,,,,,,,,,,,,,,,,1452,,,,,,,,,,,,,,,,,,,,,,,,,,,,,,,,,,,,,,,,,,,,,,,,,,,,,,,,,,,,,,,4400,704,,,,,,,,704,,,,,,,,,704,,,704,,,,,,,,,,,,,,,,,,,,,,,,,,,,,,,,,,,,,,,,,,
,,,,,,,,,,,,,,,,,,,,,,,,,,,,,,,,,,,,,,,,,,,,,,,,,,,,,,,,,,,,,,,,,,,,,,,,,,,,,,,,,,,,,,,,,,,,,,,,,,,,,,,,,,,,,,,,,,,,,,,,,,,,,,,,,,,,,,,,,,,,,,,,,,,,,,,,,,,,,,,,,,,,,,,,,,,,,,,,,,,,,,,,,,,,,,,,,,,,,,,,,,,,,,,,,,,,,,,,,,,,,,,,,,,,,,,,,,,,,,,,,
Prasinophyte,Pyramimonas spp.,,1452,,1452,,,,,,1452,1452,,,,,,,,,,,,,,,,,,,1452,,,,,,,,,,,8800,2904,,,,,,,,1452,,,8800,,,,,,1452,,,,,,,,,,,,,,,1452,,1452,,,,,,1452,1452,,,1452,2904,,,,22000,,1452,,,,,,1452,,39600,8800,66000,1452,,,,1452,13200,,1452,,,,,,,,,,13200,57200,48400,,,13200,1452,,,,,,8800,,,,,,,,66000,616000,2464000,22000,101200,440000,264000,13200,,,44000,,44000,,,,,,,,88000,26400,8800,,17600,,13200,70400,8800,,,22000,,,,,13200,,,,39600,13200,74800,,22000,,,,,,,,,,,,,,,,61600,48400,13200,22000,22000,13200,,,,,,,,,,,,,,,,,,,,,,,,,,,,8800,,,,,,
,Halosphaera spp.,,,,,,,,,,,,,,,,,,,,,,,,,,,,,,,,,,,,,,,,,,,,,,,,,,,,,,,,,,,,,,,,,,,,,,,,,,,,,,,,,,,,,,,,,,,,,,,,,,,,,,,,,,,,,,,,,,,,,,,,,,,,,,,22000,8800,70400,,,,,,,,,,,,,,,,,,,,,,,,,,,,,,,,,,,,,,2904,,,,,,,,,,,,,,,,,,,,,,,,,,,,,,,,,,,,,,,,,,,,,,,,,,,,,,,,,,,,,,,,,,,,,,,,,
,,,,,,,,,,,,,,,,,,,,,,,,,,,,,,,,,,,,,,,,,,,,,,,,,,,,,,,,,,,,,,,,,,,,,,,,,,,,,,,,,,,,,,,,,,,,,,,,,,,,,,,,,,,,,,,,,,,,,,,,,,,,,,,,,,,,,,,,,,,,,,,,,,,,,,,,,,,,,,,,,,,,,,,,,,,,,,,,,,,,,,,,,,,,,,,,,,,,,,,,,,,,,,,,,,,,,,,,,,,,,,,,,,,,,,,,,,,,,,,,,
Cryptophyte,Hemiselmis spp.,,,,,,,,,,,,,,,,,,,,,,,,,,,,,,,,,,,,,,,,,,,,,,,,,,,,,,,,,,,,,,,,,,,,,,,,,,,,,,,,,,,,,,,,,,,,,,,,,,,,,,,,,,,,,,,,,,,,,,,,,,,,,,,,,,,,,,,,,,,,,,,,,,,,,,,,,,,,,,,,,,,,,,,,,,,,,,,,,,,,,,,,,,,,,,,,,,,,,,,,,,,,,,,,,,,,,,,,,,,,,,,,,,,,,,,,,,,,,,,,
,Rhodomonas spp.,,,,,,,,,,,,,,,,,,,,,,,,,,,,,,,,,,,,,,,,,,,,,,,,1452,,,,,,,,,,,,,,,,,,,,,,,,,,,,,,,,,,,,,,,,,,,,,,,,,,,,,,,,,,,,,,,,,,,,,,,,,,,,,,,1452,4400,,,,,,,,,,,,,,,,,,,,,,,,,,,,,,,,,,,,,,,,,,,,,,,,,,,,,,,,1452,,,1452,1452,,,,,,,,,,,,,,,,,,,,,,,,,1452,,,,,,,,,,,,,,,,,,,,,,,,,,,
,Teleaulax spp.,4400,8800,13200,17600,1452,17600,17600,13200,17600,13200,1452,,17600,17600,26400,8800,,22000,,,39600,13200,13200,,1452,8800,30800,13200,1452,,13200,17600,22000,,35200,,,17600,,,22000,8800,8800,8800,8800,22000,8800,,,1452,35200,66000,26400,4400,4400,4400,13200,17600,,,35200,83600,,79200,52800,74800,22000,8800,8800,,44000,8800,,17600,13200,44000,22000,44000,,,17600,,8800,1452,,1452,35200,4400,17600,,22000,,,8800,1452,,1452,48400,8800,1452,4400,17600,17600,17600,44000,30800,17600,13200,39600,13200,8800,22000,,8800,,13200,,,4400,8800,176000,35200,26400,88000,66000,13200,8800,8800,8800,4400,132000,22000,22000,22000,,22000,13200,,,,352000,233200,2552000,13200,79200,616000,396000,50,4400,70400,132000,44000,44000,,,,8800,44000,26400,22000,70400,39600,35200,,13200,22000,4400,,8800,13200,,8800,,1452,2904,,8800,1452,8800,,79200,13200,30800,13200,17600,8800,,1452,,1452,,4400,8800,8800,8800,,,,,,114400,48400,70400,30800,66000,88000,17600,4400,22000,,,4400,26400,13200,8800,30800,22000,2904,13200,8800,22000,13200,26400,5852,8800,8800,1452,,1452,2904,1452,1452,1452,1452,1452,,13200,8800,1452,1452
,,,,,,,,,,,,,,,,,,,,,,,,,,,,,,,,,,,,,,,,,,,,,,,,,,,,,,,,,,,,,,,,,,,,,,,,,,,,,,,,,,,,,,,,,,,,,,,,,,,,,,,,,,,,,,,,,,,,,,,,,,,,,,,,,,,,,,,,,,,,,,,,,,,,,,,,,,,,,,,,,,0,,,,,,,,,,,,,,,,,,,,,,,,,,,,,,,,,,,,,,,,,,,,,,,,,,,,,,,,,,,,,,,,,,,,,,,,,,,,,,,
Ochrophyte (diatoms excluded),Ochromonas spp.,88000,22000,,44000,22000,,,,13200,,44000,1452,,,,,8800,,,,,22000,,,,,,,,,,,,,,,,,,,,,17600,,8800,,1452,,,,,,22000,66000,,17600,22000,17600,17600,,264000,132000,,132000,22000,48400,44000,66000,220000,22000,132000,132000,,220000,220000,132000,132000,22000,44000,22000,264000,88000,88000,88000,88000,22000,22000,8800,88000,22000,132000,88000,176000,220000,132000,48400,66000,,176000,22000,44000,22000,22000,22000,,,,17600,22000,,,,22000,,,,44000,8800,,,484000,528000,528000,396000,616000,22000,70400,88000,35200,,44000,88000,,88000,88000,88000,,,,,132000,396000,220000,8800,8800,22000,88000,10,4400,8800,88000,176000,,,88000,220000,22000,264000,,,88000,22000,22000,176000,88000,22000,22000,,132000,220000,22000,88000,13200,8800,22000,22000,22000,22000,,,22000,22000,66000,,,,,66000,,,,44000,22000,,22000,,,8800,,1452,206800,215600,140800,44000,110000,,88000,4400,88000,,61600,88000,22000,132000,13200,8800,,22000,66000,,66000,8800,13200,17600,,,,,,,13200,1452,8800,,44000,44000,88000,,,
,Ochromonas danica,,,,,,,,,,,,,,,,,,,,,,,,,,,,,,,,,,,,,,,,,,,,,,,,,,,,,,,,,,,,,,,,,,,,,,,,,,,,,,,,,,,,,,,,,,,,,,,,,,,,,,,22000,,,,,,,,,,,,88000,,,,,,,,,,,,,,,,,,,,,,,,,,,,,,,,,,,,,,,220000,,,,,,,,,,,,,,,,,,,,,,,,,,,,,,,,,,,,,,,,,,,,,,,,,,,,,,,,,,,,,,,17600,,,,,,,,,,,,,,,,,,,,,,,
,,,,,,,,,,,,,,,,,,,,,,,,,,,,,,,,,,,,,,,,,,,,,,,,,,,,,,,,,,,,,,,,,,,,,,,,,,,,,,,,,,,,,,,,,,,,,,,,,,,,,,,,,,,,,,,,,,,,,,,,,,,,,,,,,,,,,,,,,,,,,,,,,,,,,,,,,,,,,,,,,,,,,,,,,,,,,,,,,,,,,,,,,,,,,,,,,,,,,,,,,,,,,,,,,,,,,,,,,,,,,,,,,,,,,,,,,,,,,,,,,
Haptophyte,Chrysochromulina polylepis,,,,,,,,,,,,,,,,,,,,,,,,,,,,,,,,,,,,,,,,,,,,,,,,,,,,,,,,,,,,,,,,,,,,,,,,,,,,,,,,,,,,,,,,,,,,,,,,,,,,,,,,,,,,,,,,,,,,,,,,,,,,,,,,,,,,,,,,,,,,,,,,,,,,,,,,,,,,,,,,,,,,,,,,,,,,,,,,,,,,,,,,,,,,,,,,,,,,,,,,,,,,,,,,,,,,,,,,,,,,,,,,,,,,,,,,,,,,,,,,
,Chrysochromulina sp.,,,,,,,,,,,,,,,,,,,,,,,,,,,,,,,,,,,,,,,,,,,,,,,,,,,,,,,,,,,,,,,,,,,,,,,,,,,,,,,,,,,,,,,,,,,,,,,,,,,,,,17600,,,,,,,,,,,,,,,,,,,,,,,,,,,,,,,,,4400,,,,,,,,,,,,,,,,,,,,,,,,,,,,,,,,,17600,,,,,,,,,,,,,,,,,,,,,,,,,,,,,,,,,,,,,,,,,,,,,,,,,,,,,,,,,,,,,,,,,,,,,,,,
,Phaeocystis globosa,,,,,,,,,,,,,,,,,,,,,,,,,,,,,,,,,,,,,,,,,,,,,,,,,,,,,,,,,,,,,,,,,,,,,,,,,,,,,,,,,,,,,,,,,,,,,,,,,,,,,,,,,,,,,,,,,,,,,,,,,,,,,,,,,,,,,,,,,,,,,,,,,,,,,,,,,,,,,,,,,,,,,,,,,,,,,,,,,,,,,,,,,,,,,,,,,,,,,,,,,,,,,,,,,,,,,,,,,,,,,,,,,,,,,,,,,,,,,,,,
,Phaeocystis sp.,,,,,,,,,,,,,,,,,,,,,,,,,,,,,,,,,,,,,,,,,,,,,,,,,,,,,,,,,,,,,,,,,,,,,,,,,,,,,,,,,,,,,,,,,,,,,,,,,,,,,176000,,35200,,30800,,,,,,,,,,,,,,,,,8800,,,13200,,,,,,,4400,,,,,,,,,,,,,,,,,,,,,,,,,,,,,,,,,,,,,,,,,,,,,,,,,,,,,,,,,,,,,,,,,,,,,,,,,,,,,,,,,,,,,,,,,,,,,,,,,,,,,,,,,,,,
,,,,,,,,,,,,,,,,,,,,,,,,,,,,,,,,,,,,,,,,,,,,,,,,,,,,,,,,,,,,,,,,,,,,,,,,,,,,,,,,,,,,,,,,,,,,,,,,,,,,,,,,,,,,,,,,,,,,,,,,,,,,,,,,,,,,,,,,,,,,,,,,,,,,,,,,,,,,,,,,,,,,,,,,,,,,,,,,,,,,,,,,,,,,,,,,,,,,,,,,,,,,,,,,,,,,,,,,,,,,,,,,,,,,,,,,,,,,,,,,,
Euglenozoa,Eutreptiella spp. ,,,,,,,,,,,,,,,,,,,,,,,,,,,,,,,,,,,,,,,,,,,,,,,,,,,,,,,,,,,,,,,,,,,,,,,,,,,,,,,,,,,,,,,,,,,,,,,,,,,,,4400,8800,4400,,,,,,,,,,,,,,,,,,,,,,,,2904,,,,,,,,,,,,,,57200,13200,,,,,,,,,,,,,,,,,,,8800,,8800,,8800,,,35200,2904,1452,,,,704,,,8800,,1452,,,,,,,,,,704,1452,,,,,,,,,,,,,,,,,,,,,,,,,,,,,,,,,,,,,,,,,,,,,,,,,,
,,,,,,,,,,,,,,,,,,,,,,,,,,,,,,,,,,,,,,,,,,,,,,,,,,,,,,,,,,,,,,,,,,,,,,,,,,,,,,,,,,,,,,,,,,,,,,,,,,,,,,,,,,,,,,,,,,,,,,,,,,,,,,,,,,,,,,,,,,,,,,,,,,,,,,,,,,,,,,,,,,,,,,,,,,,,,,,,,,,,,,,,,,,,,,,,,,,,,,,,,,,,,,,,,,,,,,,,,,,,,,,,,,,,,,,,,,,,,,,,,
Unknown flagellates,Small flagellates,,,,,,,,,,1452,,,,,,,,,,,,,,,,,22000,,,,,,,,,,,,,,,,17600,,,1452,,,,,,,,,,1452,,,,,,,,,,,,,,,,,,,,,,,,,,,,,,,,,,,22000,,,,,,,,,,22000,,26400,,,,,,,,,,,,,,,,,,,,,,,,,,,,,,,,,,,,,,66000,,,,,,,,,17600,22000,,,,,,1452,,,1452,,13200,1452,,,,,,22000,176000,,,,1452,,22000,22000,,,,,,,,,,,,,,,,,,,,,,,,,44000,44000,17600,22000,8800,,,44000,,8800,8800,30800,13200,8800,1452,,,66000,,13200,,,,,,22000,1452,,,,,,,,,,,,
,,,,,,,,,,,,,,,,,,,,,,,,,,,,,,,,,,,,,,,,,,,,,,,,,,,,,,,,,,,,,,,,,,,,,,,,,,,,,,,,,,,,,,,,,,,,,,,,,,,,,,,,,,,,,,,,,,,,,,,,,,,,,,,,,,,,,,,,,,,,,,,,,,,,,,,,,,,,,,,,,,,,,,,,,,,,,,,,,,,,,,,,,,,,,,,,,,,,,,,,,,,,,,,,,,,,,,,,,,,,,,,,,,,,,,,,,,,,,,,,,
unknown1,tear drop (Ochromonas?Tetraselmis?)(4x8 um),,,,,,,,,,,,,,,,,,,,,,,,,,,,,,,,,,,,,,,,,,,,,,,,,,,,,,,,,,,,,,,,,,,,,,,,,,,,,,,,,,,,,,,,,,,,,,,,,,,,,,,,,,,,,,,,,,,,,,,,,,,,,,,,,,,,,,,,,,,,,,,,,,,,,,,,,,,,,,,,,,,,,,,,,,,,,,,,,,,,,,,,,,,,,,,,,,,,,,,,,,,,,,,,,,,,,,,,,,,,,,,,,,,,,,,,,,,,,,,,
unknown2,Pear shaped,,,,,,,,,,,,,,,,,,,,,,,,,,,,,,,,,,,,,,,,,,,,,,,,,,,,,,,,,,,,,,,,,,,,,,,,,,,,,,,,,,,,,,,,,,,,,,,,,,,,,,,,,,,,,,,,,,,,,,,,,,,,,,,,,,,,,,,,,,,,,,,,,,,,,,,,,,,,,,,,,,,,,,,,,,,,,,,,,,,,,,,,,,,,,,,,,,,,,,,,,,,,,,,,,,,,,,,,,,,,,,,,,,,,,,,,,,,,,,,,
nanoplankton,"small  cells (2-4um), often stained brown",440000,396000,264000,220000,352000,220000,264000,176000,528000,44000,748000,220000,308000,396000,132000,132000,836000,264000,572000,88000,352000,264000,44000,132000,264000,484000,484000,396000,308000,44000,792000,836000,352000,220000,264000,220000,748000,88000,132000,44000,176000,264000,176000,132000,88000,132000,176000,13200,132000,22000,220000,264000,176000,572000,264000,440000,220000,176000,220000,13200,880000,924000,,572000,264000,704000,176000,132000,440000,22000,616000,528000,,572000,660000,836000,528000,572000,308000,132000,528000,88000,220000,176000,176000,220000,220000,132000,132000,22000,836000,22000,264000,484000,352000,352000,132000,44000,44000,22000,484000,176000,88000,132000,44000,88000,44000,114400,220000,88000,352000,352000,308000,88000,352000,176000,352000,132000,132000,22000,968000,880000,1012000,836000,880000,484000,79200,220000,132000,88000,440000,880000,880000,440000,264000,264000,132000,88000,44000,22000,1364000,2948000,836000,396000,792000,2024000,1144000,396000,132000,132000,1804000,352000,352000,1496000,792000,792000,88000,440000,22000,88000,440000,220000,264000,220000,220000,308000,440000,2332000,3124000,2068000,352000,220000,88000,88000,220000,132000,176000,44000,88000,22000,132000,220000,132000,132000,176000,88000,22000,44000,22000,88000,264000,308000,220000,220000,264000,264000,132000,44000,22000,22000,44000,44000,704000,660000,88000,220000,132000,176000,528000,264000,132000,264000,176000,264000,44000,132000,88000,176000,220000,88000,88000,66000,88000,22000,22000,22000,66000,132000,22000,176000,176000,44000,44000,176000,176000,220000,308000,220000,176000,88000
unknown3,"irregular small dark strain cells (close to a triangle, 2-4um)",,,,,,,,,,,,,,,,,,,,,,,,,,,,,,,,,,,,,,,,,,,,,,,,,,,,,,,,,,,,,,,,,,,,,,,,,,,,,,,,,,,,,,,,,,,,,,,,,,,,,,,,,,,,,,,,,,,,,,,,,,,,,,,,,,,,,,,,,,,,,,,,,,,,,,,,,,,,,,,,,,,,,,,,,,,,,,,,,,,,,,,,,,,,,,,,,,,,,,,,,,,,,,,,,,,,,,,,,,,,,,,,,,,,,,,,,,,,,,,,
,,,,,,,,,,,,,,,,,,,,,,,,,,,,,,,,,,,,,,,,,,,,,,,,,,,,,,,,,,,,,,,,,,,,,,,,,,,,,,,,,,,,,,,,,,,,,,,,,,,,,,,,,,,,,,,,,,,,,,,,,,,,,,,,,,,,,,,,,,,,,,,,,,,,,,,,,,,,,,,,,,,,,,,,,,,,,,,,,,,,,,,,,,,,,,,,,,,,,,,,,,,,,,,,,,,,,,,,,,,,,,,,,,,,,,,,,,,,,,,,,
,,,,,,,,,,,,,,,,,,,,,,,,,,,,,,,,,,,,,,,,,,,,,,,,,,,,,,,,,,,,,,,,,,,,,,,,,,,,,,,,,,,,,,,,,,,,,,,,,,,,,,,,,,,,,,,,,,,,,,,,,,,,,,,,,,,,,,,,,,,,,,,,,,,,,,,,,,,,,,,,,,,,,,,,,,,,,,,,,,,,,,,,,,,,,,,,,,,,,,,,,,,,,,,,,,,,,,,,,,,,,,,,,,,,,,,,,,,,,,,,,
,,,,,,,,,,,,,,,,,,,,,,,,,,,,,,,,,,,,,,,,,,,,,,,,,,,,,,,,,,,,,,,,,,,,,,,,,,,,,,,,,,,,,,,,,,,,,,,,,,,,,,,,,,,,,,,,,,,,,,,,,,,,,,,,,,,,,,,,,,,,,,,,,,,,,,,,,,,,,,,,,,,,,,,,,,,,,,,,,,,,,,,,,,,,,,,,,,,,,,,,,,,,,,,,,,,,,,,,,,,,,,,,,,,,,,,,,,,,,,,,,
,,,,,,,,,,,,,,,,,,,,,,,,,,,,,,,,,,,,,,,,,,,,,,,,,,,,,,,,,,,,,,,,,,,,,,,,,,,,,,,,,,,,,,,,,,,,,,,,,,,,,,,,,,,,,,,,,,,,,,,,,,,,,,,,,,,,,,,,,,,,,,,,,,,,,,,,,,,,,,,,,,,,,,,,,,,,,,,,,,,,,,,,,,,,,,,,,,,,,,,,,,,,,,,,,,,,,,,,,,,,,,,,,,,,,,,,,,,,,,,,,
, ,,,,,,,,,,,,,,,,,,,,,,,,,,,,,,,,,,,,,,,,,,,,,,,,,,,,,,,,,,,,,,,,,,,,,,,,,,,,,,,,,,,,,,,,,,,,,,,,,,,,,,,,,,,,,,,,,,,,,,,,,,,,,,,,,,,,,,,,,,,,,,,,,,,,,,,,,,,,,,,,,,,,,,,,,,,,,,,,,,,,,,,,,,,,,,,,,,,,,,,,,,,,,,,,,,,,,,,,,,,,,,,,,,,,,,,,,,,,,,,,