"(Note: S: surface water sample, B: bottom water sample","cell abundance (cells/L). Note: In this report, when the phytoplankton cell abundance is 4-7 e^5 cells/L, it is called a minor bloom; when the concentration is 7-13 e^5 cells/L, it is a regular bloom; if it is >13 e^5 cells/L, it is considered as a major bloom. When the total cell abundance is 3-6 e^5 cells/L, it is considered as low cell abundance; when the concentration is < 3 e^5 cells/L, it is considered as very low cell abundance. ",A4S Note: Major Skeletonema spp. bloom,B3S Note: Major Skeletonema spp. bloom,C1S Note: Major Skeletonema spp. bloom,D3S Note: Major Skeletonema spp. bloom,E1S Note: Major Skeletonema spp. bloom,F2S Note: Major Skeletonema spp. bloom,H4S Note: Debris,I2S Note: Debris,J2S Note:  Debris,K2S Note:  Debris,A4B Note: Major Skeletonema spp. bloom,B3B Note: Major Skeletonema spp. bloom,C1B Note: Major Skeletonema spp. bloom,D3B Note: Major Skeletonema spp. bloom,E1B Note: minor Skeletonema spp. bloom,F2B Note: Major Skeletonema spp. bloom,H4B Note: Debris,"I2B Note: Debris, Low cell abundance","J2B Note:  Debris, Low cell abundance",K2B ,A4S Note: Major Skeletonema spp. bloom,B3S Note: Major Skeletonema spp. bloom,C1S Note: Major Skeletonema spp. bloom,D3S Note: Major Skeletonema spp. bloom,E1S Note: Major Skeletonema spp. bloom,F2S Note: Major Skeletonema spp. bloom,"H4S Note: Major Skeletonema spp. bloom, minor Thalassiosira spp. bloom",I2S Note: Major Skeletonema spp. bloom,J2S Note: Major Skeletonema spp. bloom,K2S Note: Major Skeletonema spp. bloom,A4B Note: Major Skeletonema spp. bloom,B3B Note: Major Skeletonema spp. bloom,C1B Note: Major Skeletonema spp. bloom,D3B Note: Major Skeletonema spp. bloom,E1B Note: Major Skeletonema spp. bloom,"F2B Note: Major Skeletonema bloom,  regular Thalassiosira spp. bloom; Large amount of Debris.","H4B Note: Major Skeletonema bloom,  regular Thalassiosira spp. bloom; Large amount of Debris.","I2B Note: Major Skeletonema bloom,  minor Thalassiosira spp. bloom; Large amount of Debris.",J2B Note: Major Skeletonema spp. bloom,K2B Note: Major Skeletonema spp. bloom,"A4S Note: Regular Leptocylindrus minimus, minor Leptocylindrus danicus and Chaetoceros blooms",B3S Note: Major Leptocylindrus minimus bloom,C1S Note: minor Leptocylindrus minimus bloom,D3S  Note: minor Leptocylindrus minimus bloom,E1S  ,F2S  Note: minor Skeletonema spp. bloom,H4S Note: Low cell abundance  ,I2S,J2S Note: Low cell abundance ,K2S  ,A4B Note: Regular Leptocylindrus minimus bloom,"B3B Note: Regular Leptocylindrus minimum, minor Thalassionema nitzschiodes blooms",C1B Note: minor Leptocylindrus minimus bloom,D3B ,E1B  ,F2B  Note: regular Skeletonema spp. bloom,H4B  Note: minor Skeletonema spp. bloom,I2B Note: regular Skeletonema spp. bloom,"J2B Note:Large amount of Debris, regular Skeletonema spp. bloom.",K2B,A4S,B3S ,C1S ,D3S  ,E1S  ,F2S,H4S ,I2S,J2S ,K2S ,A4B,B3B,C1B,D3B,E1B,F2B,H4B,I2B,J2B,K2B,"A4S Note: Major Guinardia delicatula bloom,  regular Dactyliosolen fragilissimus bloom.","B3S Note: Major Guinardia delicatula, regular Dactyliosolen fragilissimus, minor  Teleaulax spp. blooms ",C1S Note: minor Guinardia delicatula bloom,D3S Note: minor Guinardia delicatula bloom,E1S Note: Low cell abundance,F2S Note: minor Thalassionema nitzschiodes bloom,H4S Note: minor Thalassionema nitzschiodes bloom,I2S Note: minor Thalassionema nitzschiodes bloom,J2S  ,K2S Note: Debris,"A4B Note: Major Guinardia delicatula, regular Ochromonas spp.,  minor Dactyliosolen fragilissimus  blooms","B3B Note: debris, minor Thalassionema nitzschiodes and Ochromonas spp. blooms","C1B Note: debris, minor Ochromonas spp. bloom",D3B,E1B Note: Low cell abundance,F2B Note: minor Thalassionema nitzschiodes bloom,H4B Note: minor Thalassionema nitzschiodes bloom,I2B Note: minor Thalassionema nitzschiodes bloom,J2B Note: debris,K2B Note: Low cell abundance  ,"A4S Note: Major large sized (>15µm) Thalassiosira spp. bloom, major Skeletonema spp. bloom","B3S Note: Major Skeletonema spp. bloom, minor large sized (>15µm) Thalassiosira spp. bloom,","C1S Note: Major Skeletonema spp. bloom, minor large sized (>15µm) Thalassiosira spp. bloom,",D3S Note: minor Skeletonema spp. bloom,E1S Note: Low cell abundance,"F2S Note: Very low cell abundance, debris",H4S Note: Very low cell abundance,I2S Note: Low cell abundance,J2S Note: Low cell abundance,K2S Note: Low cell abundance ,A4B Note: DEBRIS,B3B Note: DEBRIS,C1B Note: Major Skeletonema spp. bloom,"D3B Note: Low cell abundance, debris",E1B Note: Very low cell abundance,F2B Note:  low cell abundance,H4B Note: Low cell abundance,I2B,J2B Note: Very low cell abundance ,K2B Note: Very low cell abundance ,"A4S Note:  Major Chaetoceros and Skeletonema bloom, regular small-sized Thalassiosira spp. bloom",B3S Note:  minor-sized Thalassiosirabloom,C1S ,D3S ,"E1S Note:  Regular Cerataulina pelagica, minor Leptocylindrus danicus blooms ","F2S Note:  Regular Dactyliosolen fragilissimus, minor Cerataulina pelagica and Leptocylindrus danicus blooms ",H4S Note: Minor Dactyliosolen fragilissimus  and Leptocylindrus danicus blooms ,I2S Note: Minor Dactyliosolen fragilissimus  and Leptocylindrus danicus blooms ,J2S Note:  minor Dactyliosolen fragilissimus  bloom,K2S Note:  minor Dactyliosolen fragilissimus bloom ,A4B Note:  Large amount of debris,B3B Note:  Debris,C1B Note:  Large amount of debris,D3B Note:  Large amount of debris,E1B Note:  some debris,F2B Note:  some debris,H4B Note:  debris,I2B Note: some debris;  low cell abundance,J2B,K2B Note: Low cell abundance ,A4S Note: debris.,"B3S  Note: debris, Ochromonas spp. bloom",C1S  Note: Ochromonas spp. bloom,"D3S Note: Low cell concentration, debris ",E1S Note: minor Ochromonas spp. bloom,F2S Note: minor Teleaulax spp. bloom,H4S Note:Low cell abundance ,I2S Note: Very low cell abundance  ,J2S Note:  Very low cell abundance  ,K2S,A4B Note: large amount of debris.,"B3B Note: large amount of debris, low cell abundance ","C1B Note: debris, low cell abundance ",D3B Note: Low cell  abundance  debris ,"E1B Note: Low cell concentration, debris ","F2B Note: minor Teleaulax spp. bloom, low cell abundance ",H4B Note: Low cell abundance ,I2B Note: Very low cell abundance  ,J2B Note:  low cell abundance  ,K2B Note: Very low cell abundance  ,"A4S Note: Skeletonema spp., Chaetoceros spp. and Thalassiosira spp.3 (minor, <10µm) blooms",B3S Note: Skeletonema spp. bloom,C1S,D3S,E1S Note: Low cell abundance,F2S,H4S,I2S Note: Regular Chaetoceros spp. bloom,J2S Note: Low cell abundance ,K2S,A4B Note: large amount of debris,B3B Note: Low cell abundance,C1B Note: Low cell abundance,D3B Note: Low cell abundance,E1SB Note: Low cell abundance,F2B Note: Low cell abundance,H4B Note: Low cell abundance,I2B Note: Low cell abundance ,J2B Note: Very low cell abundance ,K2B Note: Very low cell abundance,A4S Note: Debris,B3S,C1S Note: Major Chaetoceros spp. bloom,D3S Note: Regular Chaetoceros spp. bloom,E1S Note: Regular Chaetoceros spp. bloom,F2S Note: Major Chaetoceros spp. bloom,H4S Note: Low cell abundance,I2S Note: Very low cell abundance,J2S Note: Very low cell abundance,K2S Note: Very low cell abundance,A4B Note: Large amoumt of debris,B3B Note: Low cell abundance,C1B Note: Low cell abundance ,D3B Note: Large amoumt of debris,E1B  Note: Large amoumt of debris; very low cell abundance,F2B Note: Minor Chaetoceros spp. bloom ,H4B Note: Low cell abundance,I2B Note: Very low cell abundance,J2B Note:  Very low cell abundance,K2B Note: Very low cell abundance,A4S,B3S Note: Low cell abundance,C1S Note: Low cell abundance,D3S Note: Low cell abundance,E1S Note: Low cell abundance,F2S Note: Low cell abundance,H4S Note: Very low cell abundance,I2S Note: debris;  very low cell abundance,J2S Note: Very low cell abundance,K2S Note: Very low cell abundance,A4B Note: Low cell abundance,B3B Note: Low cell abundance,C1B Note: Low cell abundance,D3B Note: Low cell abundance,E1B Note: debris,F2B Note: debris; low cell abundance,H4B Note: debris,I2B Note: Low cell abundance,J2B Note: Very low cell abundance,K2B Note: Very low cell abundance,A4S Note: minor Skeletonema spp. bloom,B3S,C1S Note: debris; low cell abundance,D3S Note: Very low cell abundance,E1S Note: Very Low cell abundance,F2S Note: some debris; very low cell abundance,H4S  Note: debris; low cell abundance,I2S Note: Very low cell abundance,J2S Note: debris; very low cell abundance,K2S Note: Very low cell abundance,A4B Note: Low cell abundance,B3B,C1B Note: debris,D3B Note: Low cell abundance; low cell abundance,E1B Note: Large amount of debris; low cell abundance,FBS Note: debris; low cell abundance,H4B  Note: debris; low cell abundance,I2B  Note: Very low cell abundance,"J2B Note: Large amount of debris, low cell abundance",K2B Note: Very low cell abundance
Phylum,Species,1/11/18,1/11/18,1/11/18,1/11/18,1/11/18,1/11/18,1/10/18,1/10/18,1/10/18,1/10/18,1/11/18,1/11/18,1/11/18,1/11/18,1/11/18,1/11/18,1/10/18,1/10/18,1/10/18,1/10/18,2/8/18,2/8/18,2/8/18,2/8/18,2/6/18,2/6/18,2/6/18,2/9/18,2/9/18,2/9/18,2/8/18,2/8/18,2/8/18,2/8/18,2/6/18,2/6/18,2/6/18,2/9/18,2/9/18,2/9/18,3/18/18,3/18/18,3/18/18,3/18/18,3/18/18,3/8/18,3/6/18,3/6/18,3/6/18,3/6/18,3/18/18,3/18/18,3/18/18,3/18/18,3/18/18,3/8/18,3/6/18,3/6/18,3/6/18,3/6/18,April no sample,April no sample,April no sample,April no sample,April no sample,April no sample,April no sample,April no sample,April no sample,April no sample,April no sample,April no sample,April no sample,April no sample,April no sample,April no sample,April no sample,April no sample,April no sample,April no sample,5/2/18,5/2/18,5/2/18,5/2/18,5/2/18,5/3/18,5/1/18,5/1/18,5/1/18,5/1/18,5/2/18,5/2/18,5/2/18,5/2/18,5/2/18,5/3/18,5/1/18,5/1/18,5/1/18,5/1/18,6/5/18,6/5/18,6/5/18,6/5/18,6/1/18,6/1/18,5/30/18,5/30/18,5/30/18,5/30/18,6/5/18,6/5/18,6/5/18,6/5/18,6/1/18,6/1/18,5/30/18,5/30/18,5/30/18,5/30/18,7/5/18,7/5/18,7/5/18,7/5/18,7/3/18,7/3/18,7/2/18,7/2/18,7/2/18,7/2/18,7/5/18,7/5/18,7/5/18,7/5/18,7/3/18,7/3/18,7/2/18,7/2/18,7/2/18,7/2/18,8/2/18,8/2/18,8/2/18,8/2/18,7/31/18,7/31/18,7/31/18,7/30/18,7/30/18,7/30/18,8/2/18,8/2/18,8/2/18,8/2/18,7/31/18,7/31/18,7/31/18,7/30/18,7/30/18,7/30/18,8/29/18,8/29/18,8/29/18,8/29/18,8/28/18,8/28/18,8/28/18,8/27/18,8/27/18,8/27/18,8/29/18,8/29/18,8/29/18,8/29/18,8/28/18,8/28/18,8/28/18,8/27/18,8/27/18,8/27/18,10/3/18,10/3/18,10/3/18,10/3/18,10/3/18,10/4/18,10/2/18,10/2/18,10/2/18,10/2/18,10/3/18,10/3/18,10/3/18,10/3/18,10/3/18,10/4/18,10/2/18,10/2/18,10/2/18,10/2/18,11/6/18,11/6/18,11/6/18,11/6/18,11/7/18,11/7/18,11/8/18,11/8/18,11/8/18,11/5/18,11/6/18,11/6/18,11/6/18,11/6/18,11/7/18,11/7/18,11/8/18,11/8/18,11/8/18,11/5/18,12/3/18,12/3/18,12/3/18,12/3/18,12/4/18,12/4/18,11/30/18,11/30/18,11/30/18,11/30/18,12/3/18,12/3/18,12/3/18,12/3/18,12/4/18,12/4/18,11/30/18,11/30/18,11/30/18,11/30/18
Genus,,,,,,,,,,,,,,,,,,,,,,,,,,,,,,,,,,,,,,,,,,,,,,,,,,,,,,,,,,,,,,,,,,,,,,,,,,,,,,,,,,,,,,,,,,,,,,,,,,,,,,,,,,,,,,,,,,,,,,,,,,,,,,,,,,,,,,,,,,,,,,,,,,,,,,,,,,,,,,,,,,,,,,,,,,,,,,,,,,,,,,,,,,,,,,,,,,,,,,,,,,,,,,,,,,,,,,,,,,,,,,,,,,,,,,,,,,,,,,,,,
,,,,,,,,,,,,,,,,,,,,,,,,,,,,,,,,,,,,,,,,,,,,,,,,,,,,,,,,,,,,,,,,,,,,,,,,,,,,,,,,,,,,,,,,,,,,,,,,,,,,,,,,,,,,,,,,,,,,,,,,,,,,,,,,,,,,,,,,,,,,,,,,,,,,,,,,,,,,,,,,,,,,,,,,,,,,,,,,,,,,,,,,,,,,,,,,,,,,,,,,,,,,,,,,,,,,,,,,,,,,,,,,,,,,,,,,,,,,,,,,,
Diatom,,,,,,,,,,,,,,,,,,,,,,,,,,,,,,,,,,,,,,,,,,,,,,,,,,,,,,,,,,,,,,,,,,,,,,,,,,,,,,,,,,,,,,,,,,,,,,,,,,,,,,,,,,,,,,,,,,,,,,,,,,,,,,,,,,,,,,,,,,,,,,,,,,,,,,,,,,,,,,,,,,,,,,,,,,,,,,,,,,,,,,,,,,,,,,,,,,,,,,,,,,,,,,,,,,,,,,,,,,,,,,,,,,,,,,,,,,,,,,,,,
Achnanthes,Achnanthes spp.,,,,,,,,704,,,,704,,,,,704,,,,,,,,,704,704,,,,704,,,704,,704,,,,,,,,26400,,704,,,,,,,,,,,,,,,,,,,,,,,,,,,,,,,,,,,,,,,,,,,2904,,,,704,,,,,,704,,,,,,,,,,,,704,,,,,,704,,,,,,,,,,,,,,,,,,,,,,,,,,,,,,,,,,,,,352,,,,,352,,,,,,,,,,,,,,,,,,,,,,,,,,,,,,,,,,,,,,,,,,,,,,,,,352,,352,,,,,,,,2904,,,,,352,,,,,,,176,,,,,,,,176,,
Actinocyclus,Actinocyclus spp.,,,,,,,,,,,,,,,,,,,,,,,,,,,,,,,,,,,,,,,,,,,,,,,,,,,,,,,,,,,,,,,,,,,,,,,,,,,,,,,,,,,,,,,,,,,,,,,,,,,,,,,,,,,,,,,,,,,,,,,,,,,,,,,,,,,,,,,,,,,,,,,,,,,,,,,,,,352,,,352,,,,,,,,,,,,,,,,,,,,,,,,,,,,,,,,,,352,,,352,,,,,,352,,,,,,,,,,,,,,,,,,,,,,,,,,,,,,,,,,,,,,,,
Actinoptychus,Actinoptychus senarius,,,,,,,,,,,,,,,,,,,,,,,,,,,,,,,,,,,,,,,,,,,,,,,,,,,,,,,,,,,,,,,,,,,,,,,,,,,,,,,,,,,,,,,,,,,,,,,,,,,,,,,,,,,,,,,,,,,,,,,,,,,,,,,,,,,,,,,,,,,,,,,,,,,,,,,,,,,,,,,,,,,,,,,,,,,,,,,,,,,,,,,,,,,,,,,,,,,,,,,,,,,,,,,,,,,,,,,,,,,,,,,,,,,,,,,,,,,,,,,,
,Actinoptychus undulatus,,,,,,,,,,,,,,,,,,,,,,,,,,,,,,,,,,,,,,,,,,,,,,,,,,,,,,,,,,,,,,,,,,,,,,,,,,,,,,,,,,,,,,,,,,,,,,,,,,,,,,,,,,,,,,,,,,,,,,,,,,,,,,,,,,,,,,,,,,,,,,,,,,,,,,,,,,,,,,,,,,,,,,,,,,,,,,,,,,,,,,,,,,,,,,,,,,,,,,,,,,,,,,,,,,,,,,,,,,,,,,,,,,,,,,,,,,,,,,,,
Amphiprora,Amphiprora spp.,,,,,,,,,,,704,,,,,,,,,,,,,,,,,,,,,,,,,,,,,,,,,,,,,,,,,,,,,,,,,,,,,,,,,,,,,,,,,,,,,,,,,,,,,,,,,,,,,,,,,,,,,,,,,,,,,,,,,,,,,,,,,,,,,,,,,,,,,,,,,,,,,,,,,,,,,,,,,,,,,,,,,,,,,,,,,,,,,,,,,,,,,,,,,,,,,,,,,,,,,,,,,,,,,,,,,,,,,,,,,,,,,,,,,,,,,,,,,,,,,
,Amphora spp.,,,,,704,,,,,1452,,,,,,,,,,,,,,,,,,,,,,,,,,,,,,,,,,,,,,,,,,,,,,,,,,,,,,,,,,,,,,,,,,,,,,,,,,,,,,,,,,,,,,,,,704,,,,,,,,,,,,704,,,,,,,,,,,,,,,,,,,,,,,,,,,,,,,,,,,,,,,,,,,,,,,,,,,,,704,,,,,,,,,,,,,,,,,,,,,,,,,,,,,,,,,,,,,,,,,,,,,,,,,,,,,,,,,,,,,,,,,,,,,,,,,,,,
Asterionellopsis,"Asterionellopsis glacialis (Asterionella glacialis Castracane 1886 , A. japonica Cleve 1882)",,,,,,,,8800,,13200,,,,,,,,1452,,17600,4400,17600,8800,,2904,1452,2904,13200,140800,162800,8800,,,,8800,,,,176000,198000,61600,44000,17600,,,57200,2904,17600,1452,,26400,,26400,8800,,30800,17600,110000,66000,8800,,,,,,,,,,,,,,,,,,,,,,,,,,,,,,,,,,,,,,,704,,,8800,136400,220000,,,,,1452,1452,13200,8800,145200,8800,,4400,,1452,1452,,,,,,,39600,,,,13200,704,,,,,,,,704,2904,,,,,,,,,1452,,,,,,,,,,,1452,,,,4400,,,,198000,8800,8800,,,,,,1452,,17600,1452,4400,,10252,8800,,2904,,,,,,30800,22000,,,,4400,,,1452,,,,,,,,,,2904,5852,,,,,,,,,,8800,,,,,,,,,,1452,,,,,,,,,,
Asteroplanus,Asteroplanus karianus,,,,,,,,,,,,,,,,,,,,,,,,,,,,,,,,,,,,,,,,,,,,,,,,,,,,,,,,,,,,,,,,,,,,,,,,,,,,,,,,,,,,,,,,,,,,,,,,,,,,,,,,,,,,,,,,,,,,,,,,,,,,,,,,,,,,,,,,,,,,,,,,,,,,,,,,,,,,,,,,,,,,,,,30800,,,,,,,,,,,,,,,,,,,,,,,,,,,,,,,,,,,,,,,,,,,,,,,,,,,,,,,,,,,,,,,,,,,,,,,,,
Bacillaria,Bacillaria paxillifer,,,,,,,,,,,,,,,,,,,,,,,,,,,,,,,,,,,,,,,,,,,,,,,,,,,,,,,,,,,,,,,,,,,,,,,,,,,,,,,,,,,,,,,,,,,,,,,,,,,,,,,,,,,,,,,,,,,,,,8800,,,,,,,,,,,,,,,,,,,,,,,,,,,,,,,,,,,,,,,,,,,,,,,,,,2904,,,,,,,,1452,,,,,,,,,,,,,,,,,,,,,352,,,,,,,,,,,,,,,,,,,,,,,10252,,,,,,,,,,,,,,,,,,,,
Bacteriastrum,Bacteriastrum spp.,,,,,,,,,,,,,,,,,,,,,,,,,,,,,,,,,,,,,,,,,,,,,,,,,,,,,,,,,,,,,,,,,,,,,,,,,,,,,,,,,,,,,,,,,,,,,,,,,,,,,,,,,,,,,,,,,,,,,,,,,,,,,,,,,,,,,,,,,,,,,,,,,,,,,,,,,,,,,,,,,,,,,,,,,,,,,,,,,,,,,,,,,,,,,,,,,,,,,,,,,,,,,,,,,,,,,,,,,,,,,,,,,,,,,,,,,,,,,,,,
Cerataulina,Cerataulina pelagica,,,,,,2904,,,,,,,,,,1452,,,,2904,,,,,,,,,,,,,,,,,,,,,2904,8800,,,1452,,,,,66000,2904,,13200,17600,,,,1452,,4400,,,,,,,,,,,,,,,,,,,,,162800,123200,4400,4400,1452,,,,,,13200,30800,,,,,,,,,,,,,,,,,,,,,,,,,,,,,26400,66000,211200,286000,1188000,589600,316800,391600,88000,171600,1452,1452,2904,,,,,8800,8800,,,,,,,,,,,1452,,,,,,,,,,,1452,13200,,22000,,,,,,17600,1452,,,,,,,,,,17600,,,,,13200,13200,2904,1452,1452,1452,1452,,2904,,,1452,,13200,2904,,,,,13200,,,1452,,,1452,,1452,2904,,,,2904,,,1452,8800,,2904,1452,,4400,704,,,,5852,1452,,,,1452,704,,
Chaetoceros,Chaetoceros compressus,,,,,,,,,,,,,,,,,,,,,,,,,,,,,,,,,,,,,,,,,,,,,,,,,,,,,,,,,,,,,,,,,,,,,,,,,,,,,,,,,,,,,,,,,,,,,,,,,,,,,,,,,,,,,,,,,,,,,,,,,,,,,,,,,,,,,,,,,,,,,,,,,,,,,,,,,,,,,,,,,,,,,,,,,,,,,,,,,,,,,,,,,,,,,,,,,,,,,,,,,,,,,,,,,,,,,,,,,,,,,,,,,,,,,,,,,,,,,,,,
,resting spores of Chaetoceros compressus,,,,,,,,,,,,,,,,,,,,,,,,,,,,,,,,,,,,,,,,,,,,,,,,,,,,,,,,,,,,,,,,,,,,,,,,,,,,,,,,,,,,,,,,,,,,,,,,,,,,,,,,,,,,,,,,,,,,,,,,,,,,,,,,,,,,,,,,,,,,,,,,,,,,,,,,,,,,,,,,,,,,,,,,,,,,,,,,,,,,,,,,,,,,,,,,,,,,,,,,,,,,,,,,,,,,,,,,,,,,,,,,,,,,,,,,,,,,,,,,
,Chaetoceros constrictus,,,,,,,,,,,,,,,,,,,,,,,,,,,,,,,,,,,,,,,,,,,,,,,,,,,,,,,,,,,,,,,,,,,,,,,,,,,,,,,,,,,,,,,,,,,,,,,,,,,,,,,,,,,,,,,,,,,,,,,,,,,,,,,,,,,,,,,,,,,,,,,,,,,,,,,,,,,,,,,,,,,,,,,,,,,,,,,,,,,,,,,,,,,,,,,,,,,,,,,,,,,,,,,,,,,,,,,,,,,,,,,,,,,,,,,,,,,,,,,,
,Chaetoceros curvisetus,,,,,,,,,,,,,,,,,,,,,,,,,,,,,,,,,,,,,,,,,,,,,,,,,,,,,,,,,,,,,,,,,,,,,,,,,,,,,,,,,,,,,,,,,,,,,,,,,,,,,,,,,,,,,,,,,,,,,,,,,,,,,,,,,,,,,,,,,,,,,,,,,,,,,,,,,,,,,,,,,,,,,,,,,,,,,,,,,,,,,,,,,,,,,,,,,,,,,,,,,,,,,,,,,,,,,,,,,,,,,,,,,,,,,,,,,,,,,,,,
,Chaetoceros danicus,,,,,,,,,,,,,,,,,,,,,,,,,,,,,,,,,,,,,,,,,,,,,,,,,,,,,,,,,,,,,,,,,,,,,,,,,,,,,,,,,,,,,,,,,,,,,,,,,,,,,,,,,,,,,,,,,,,,,,,,,,,,,,,,,,,,,,,,,,,,,,,,,,,,2904,,4400,,,,,,,,,,,,,,,704,704,1452,,,,,,,,,,,,,704,,,,,,,,,,,,,,,,,,,1452,,,,,,8800,,,,17600,5852,,1452,8800,,,,,2904,,5852,352,2904,,,704,1452,352,352,10252,,,2904,,7304,704,704,2904,,5852,704
,Chaetoceros debilis,,,,,,,,,,,,,,,30800,,,,,,,,,,,,,,,,,,,,,,,,,,,,,,,,,,,,,,,,,,,,,,,,,,,,,,,,,,,,,,,,,,,,,,,,,,,,,,,,,,,,,,,,,,,,,,,,,,,,,,,,,,,,,,,,,,,,,,,,,,,,,,,,,,,,,,,,,,,,,,,,,,,,,,,,,,,,,,,,,,,,,,,,,,,,,,,,,,,,,,,,,,,,,,,,,,,,,,,,,,,,,,,,,,,,,,,,,,,,,,,,,
,Chaetoceros decipiens,,,,,,,,,,,,,,,,,,,,,,,,,,,,,,,,,,,,,,,,,,,,,,,,,,,,,,,,,,,,,,,,,,,,,,,,,,,,,,,,,,,,,,,,,,,,,,,,,,,,,,,,,,,,,,,,,,,,,,,,,,,,,,,,,,,,,,,,,,,,,,,,,,,,,,,,,,,,,,,,,,,,,,,,,,,,,,,,,,,,,,,,,,,,,,,,,,,,,,,,,,,,,,,,,,,,,,,,,,,,,,,,,,,,,,,,,,,,,,,,
,Chaetoceros didymus,,,,,,,,,,,,,,,,,,,,,,,,,,,,,,,,,,,,,,,,,,,,,,,,,,,,,,,,,,,,,,,,,,,,,,,,,,,,,,,,,,,,,,,,,,,,,,,,,,,,,,,,,,,,,,,,,,,,,,,,,,,,,,,,,,,,,,,,,,,,,,,,,,,,,,,,,,,,,,,,,,,,,,,,,,,,,,,,,,,,,,,,,,,,,,,,,,,,,,,,,,,,,,,,,,,,,,,,,,,,,,,,,,,,,,,,,,,,,,,,
,resting spores of Chaetoceros didymus,,,,,,,,,,,,,,,,,,,,,,,,,,,,,,,,,,,,,,,,,,,,,,,,,,,,,,,,,,,,,,,,,,,,,,,,,,,,,,,,,,,,,,,,,,,,,,,,,,,,,,,,,,,,,,,,,,,,,,,,,,,,,,,,,,,,,,,,,,,,,,,,,,,,,,,,,,,,,,,,,,,,,,,,,,,,,,,,,,,,,,,,,,,,,,,,,,,,,,,,,,,,,,,,,,,,,,,,,,,,,,,,,,,,,,,,,,,,,,,,
,Chaetoceros distans,,,,,,,,,,,,,,,,,,,,,,,,,,,,,,,,,,,,,,,,,,,,,,,,,,,,,,,,,,,,,,,,,,,,,,,,,,,,,,,,,,,,,,,,,,,,,,,,,,,,,,,,,,,,,,,,,,,,,,,,,,,,,,,,,,,,,,,,,,,,,,,,,,,,,,,,,,,,,,,,,,,,,,,,,,,,,,,,,,,,,,,,,,,,,,,,,,,,,,,,,,,,,,,,,,,,,,,,,,,,,,,,704,,,,,,,,,,,,,,,,
,Chaetoceros eibenii,,,,,,,,,,,,,,,,,,,,,,,,,,,,,,,,,,,,,,,,,,,,,,,,,,,,,,,,,,,,,,,,,,,,,,,,,,,,,,,,,,,,,,,,,,,,,,,,,,,,,,,,,,,,,,,,,,,,,,,,,,,,,,,,,,,,,,,,,,,,,,,,,,,,,,,,,,,,,,,,,,,,,,,,,,,,,,,,,,,,,,,,,,,,,,,,,,,,,,,,,,,,,,,,,,,,,,,,,,,,,,,,,,,,,,,,,,,,,,,,
,Chaetoceros lorenzianus,,,,,,,,,,,,,,,,,,,,,,,,,,,,,,,,,,,,,,,,,,,,,,,,,,,,,,,,,,,,,,,,,,,,,,,,,,,,,,,,,,,,,,,,,,,,,,,,,,,,,,,,,,,,,,,,,,,,,,,,,,,,,,,,,,,,,,,,,,,,,,,,,,,,,,,,,,,,,,,,,,,,,,,,,,,,,,,,,,,,,,,,,,,,,,,,,,,,,,,,,,,,,,,,,,,,,,,,,,,,,,,,,,,,,,,,,,,,,,,,
,resting spores of Chaetoceros lorenzianus,,,,,,,,,,,,,,,,,,,,,,,,,,,,,,,,,,,,,,,,,,,,,,,,,,,,,,,,,,,,,,,,,,,,,,,,,,,,,,,,,,,,,,,,,,,,,,,,,,,,,,,,,,,,,,,,,,,,,,,,,,,,,,,,,,,,,,,,,,,,,,,,,,,,,,,,,,,,,,,,,,,,,,,,,,,,,,,,,,,,,,,,,,,,,,,,,,,,,,,,,,,,,,,,,,,,,,,,,,,,,,,,,,,,,,,,,,,,,,,,
,Chaetoceros pseudocurvisetus,,,,,,,,,,,,,,,,,,,,,,,,,,,,,,,,,,,,,,,,,,,,,,,,,,,,,,,,,,,,,,,,,,,,,,,,,,,,,,,,,,,,,,,,,,,,,,,,,,,,,,,,,,,,,,,,,,,,,,,,,,,,,,,,,,,,,,,,,,,,,,,,,,,,,,,,,,,,,,,,,,,,,,,,,,,,,,,,,,,,,,,,,,,,,,,,,,,,,,,,,,,,,,,,,,,,,,,,,,,,,,,,,,,,,,,,,,,,,,,,
,Chaetoceros rostratus,,,,,,,,,,,,,,,,,,,,,,,,,,,,,,,,,,,,,,,,,,,,,,,,,,,,,,,,,,,,,,,,,,,,,,,,,,,,,,,,,,,,,,,,,,,,,,,,,,,,,,,,,,,,,,,,,,,,,,,,,,,,,,,,,,,,,,,,,,,,,,,,,,,,,,,,,,,,,,,,,,,,,,,,,,,,,,,,,,,,,,,,,,,,,,,,,,,,,,,,,,,,,,,,,,,,,,,,,,,,,,,,,,,,,,,,,,,,,,,,
,Chaetoceros simplex,,,,,,,,,,1452,,,1452,1452,,,,,,,,,,,,,,,,,,,1452,,,,,,,,,,,,1452,,,,,,,,,,,,,,,,,,,,,,,,,,,,,,,,,,,,,,,,,,,,,,22000,1452,,,,,,,,,,,,,,,,,,,,,,,,,,,,,,,,,,,,,,,,,,,,,,,,,,,,,,,,,,,,,,,,,,,,,,1452,,,,,,,,,,,,,,,,,,,,,,,,,,,,,,,,,,,,,,,,,,,,,,,,,,,,,,1452,,,,,,,,,,,,,352,,2904,,1452,,,,704,,,
,Chaetoceros socialis,,,,,,,,,,,,,,,,,,,,,,,,,,,,,,,,,,,,,,,,,,,,,,,,,,,,,,,,,,,,,,,,,,,,,,,,,,,,,,,,,,,,,,,,,,,,,,,,,,,,,,,,,,,,,,,,,,,,,,,,,,,,,,,,,,,,,,,,,,,,,,,,,,,,,,,,,,,,,,,,,,,,,,,,,,,,,,,,,,,,,,,,,,,,,,,,,,,,,,,,,,,,,,,,,,,,,,,,,,,,,,,,,,,,,,,,,,,,,,,,
,Chaetoceros teres,,,,,,,,,,,,,,,,,,,,,,,,,,,,,,,,,,,,,,,,,,,,,,,,,,,,,,,,,,,,,,,,,,,,,,,,,,,,,,,,,,,,,,,,,,,,,,,,,,,,,,,,,,,,,,,,,,,,,,,,,,,,,,,,,,,,,,,,,,,,,,,,,,,,,,,,,,,,,,,,,,,,,,,,,,,,,,,,,,,,,,,,,,,,,,,,,,,,,,,,,,,,,,,,,,,,,,,,,,,,,,,,,,,,,,,,,,,,,,,,
,Chaetoceros spp.,92400,52800,92400,57200,52800,,,13200,114400,30800,,,13200,17600,,,,,8800,74800,44000,110000,70400,101200,13200,26400,8800,39600,26400,,39600,13200,39600,8800,30800,,48400,,26400,,532400,79200,149600,118800,8800,22000,2904,66000,30800,74800,140800,44000,39600,,22000,22000,13200,66000,,26400,,,,,,,,,,,,,,,,,,,,,10252,,,,,,,,,39600,,,,,,,,,17600,,,,114400,17600,8800,,44000,,7304,,,,,,,,,,,,1601600,26400,101200,,,,,,,,,,,,2904,,,,,10252,101200,83600,,,,,,,,,,,,,,,,,,704,924000,338800,,132000,26400,70400,70400,1034000,92400,198000,22000,26400,26400,22000,44000,30800,118800,255200,17600,70400,237600,176000,1623600,814000,1161600,2754400,158400,30800,39600,13200,171600,123200,193600,211200,101200,413600,202400,2904,70400,,96800,57200,57200,61600,22000,13200,26400,30800,88000,14652,202400,70400,88000,184800,136400,61600,96800,22000,13200,30800,136400,48400,30800,44000,,17600,7304,,10252,5852,70400,35200,57200,17600,35200,35200,,2904,,13200
,resting spores of Chaetoceros spp.,,,,,,,,,,,,,,,,,,,,,,,,,,,,,,,,,,,,,,,,,,,,,,,,,,,,,,,,,,,,,,,,,,,,,,,,,,,,,,,,,,,,,,,,,,,,,,,1452,,,,,,,,,,,,,,,,,,,,,,,,,,,,,,,,,,,,,,,,,,,,,,,,,,,,,,,,,,,,,,,,,,,,,,,,,,,,,,,8800,,,,,,,,,,,,,,,,,,,,,,,,,,,,,,,,,,,,,,,,,,,,,,,,,,,,,,,,,,,,,,,,,,
Climacosphenia,Climacosphenia moniligera,,,,,,,,,,,,,,,,,,,,,,,,,,,,,,,,,,,,,,,,,,,,,,,,,,,,,,,,,,,,,,,,,,,,,,,,,,,,,,,,,,,,,,,,,,,,,,,,,,,,,,,,,,,,,,,,,,,,,,,,,,,,,,,,,,,,,,,,,,,,,,,,,,,,,,,,,,,,,,,,,,,,,,,,,,,,,,,,,,,,,,,,,,,,,,,,,,,,,,,,,,,,,,,,,,,,,,,,,,,,,,,,,,,,,,,,,,,,,,,,
Corethron,Corethron hystrix,,,,,,,,,,,,,,,,,,,,,,,,,,,,,,,,,,,,,,,,,,,,,,,,,,,,,,,,,,,,,,,,,,,,,,,,,,,,,,,,,,,,,,,,,,,,,,,,,,,,,,,,,,,,,,,,,,,,,,,,,,,,,,,,,,,,,,,,,,,,,,,,,,,,,,,,,,,,,,,,,,,,,,,,,,,,,,,,,,,,,,,,,,,,,,,,,,,,,,,,,,,,,,,,,,,,,,,,,,,,,,,,,,,,,,,,,,,,,,,,
,Corethron criophlium,,,,,,,,,,,,,,,,,,,,,,,,,,,,,,,,,,,,,,,,,,,,,,,,,,,,,,,,,,,,,,,,,,,,,,,,,,,,,,,,,,,,,,,,,,,,,,,,,,,,,,,,,,,,,,,,,,,,,,,,,,,,,,,,,,,,,,,,,,,,,,,,,,,,,,,,,,,,,,,,,,,,8800,30800,39600,13200,8800,13200,44000,,,704,13200,8800,13200,1452,8800,13200,13200,,,,,,,,,,,,,,,,,,,,,,,,,,,,,,,,,,,,,,,,,,,,,,,,,,,,,,,,,,,,
Coscinodiscus,Coscinodiscus asteromphalus,,,,,,,,,,,,,,,,,,,,,,,,,,,,,,,,,,,,,,,,,,,,,,,,,,,,,,,,,,,,,,,,,,,,,,,,,,,,,,,,,,,,,,,,,,,,,,,,,,,,,,,,,,,,,,,,,,,,,,,,,,,,,,,,,,,,,,,,,,,,,,,,,,,,,,,,,,,,,,,,,,,,,,,,,,,,,,,,,,,,,,,,,,,,,,,,,,,,,,,,,,,,,,,,,,,,,,,,,,,,,,,,,,,,,,,,,,,,,,,,
,Coscinodiscus bipartitus,,,,,,,,,,,,,,,,,,,,,,,,,,,,,,,,,,,,,,,,,,,,,,,,,,,,,,,,,,,,,,,,,,,,,,,,,,,,,,,,,,,,,,,,,,,,,,,,,,,,,,,,,,,,,,,,,,,,,,,,,,,,,,,,,,,,,,,,,,,,,,,,,,,,,,,,,,,,,,,,,,,,,,,,,,,,,,,,,,,,,,,,,,,,,,,,,,,,,,,,,,,,,,,,,,,,,,,,,,,,,,,,,,,,,,,,,,,,,,,,
,Coscinodiscus blandus,,,,,,,,,,,,,,,,,,,,,,,,,,,,,,,,,,,,,,,,,,,,,,,,,,,,,,,,,,,,,,,,,,,,,,,,,,,,,,,,,,,,,,,,,,,,,,,,,,,,,,,,,,,,,,,,,,,,,,,,,,,,,,,,,,,,,,,,,,,,,,,,,,,,,,,,,,,,,,,,,,,,,,,,,,,,,,,,,,,,,,,,,,,,,,,,,,,,,,,,,,,,,,,,,,,,,,,,,,,,,,,,,,,,,,,,,,,,,,,,
,Coscinodiscus concinus,,,,,,,,,,,,,,,,,,,,,,,,,,,,,,,,,,,,,,,,,,,,,,,,,,,,,,,,,,,,,,,,,,,,,,,,,,,,,,,,,,,,,,,,,,,,,,,,,,,,,,,,,,,,,,,,,,,,,,,,,,,,,,,,,,,,,,,,,,,,,,,,,,,,,,,,,,,,,,,,,,,,,,,,,,,,,,,,,,,,,,,,,,,,,,,,,,,,,,,,,,,,,,,,,,,,,,,,,,,,,,,,,,,,,,,,,,,,,,,,
,Coscinodiscus lineatus,,,,,,,,,,,,,,,,,,,,,,,,,,,,,,,,,,,,,,,,,,,,,,,,,,,,,,,,,,,,,,,,,,,,,,,,,,,,,,,,,,,,,,,,,,,,,,,,,,,,,,,,,,,,,,,,,,,,,,,,,,,,,,,,,,,,,,,,,,,,,,,,,,,,,,,,,,,,,,,,,,,,,,,,,,,,,,,,,,,,,,,,,,,,,,,,,,,,,,,,,,,,,,,,,,,,,,,,,,,,,,,,,,,,,,,,,,,,,,,,
,Coscinodiscus radiatus,,,,,,,,,,,,,,,,,,,,,,,,,,,,,,,,,,,,,,,,,,,,,,,,,,,,,,,,,,,,,,,,,,,,,,,,,,,,,,,,,,,,,,,,,,,,,,,,,,,,,,,,,,,,,,,,,,,,,,,,,,,,,,,,,,,,,,,,,,,,,,,,,,,,,,,,,,,,,,,,,,,,,,,,,,,,,,,,,,,,,,,,,,,,,,,,,,,,,,,,,,,,,,,,,,,,,,,,,,,,,,,,,,,,,,,,,,,,,,,,
,Coscinodiscus spp.,,,,,,,,,,,,,,,704,,704,,,,,,,,,,,,,704,,,,,,,,,,,,,,,,,,,,,,,,,,,,,,,,,,,,,,,,,,,,,,,,,,,,,,,,,,,,,,,,,,,,,,,,,,,,,,,,,,,,,,,,,,,,,,,,,,,,,,,,,,,,,,,,,,1452,,,,,,,,,,,,,,352,,,,,,,,704,,,,,,,,,,,352,,,,,,,352,,352,,,,352,,,,352,,,,,,704,,,,,,,,,,,,,,,,,,,,,,,2904,,,,,,,,,,,,,,,,,
Cyclindrotheca,Cyclindrotheca closterium,,,,,,,,,,,,,,,,,,,,,,,,,,,,,,,,,,,,,,,,,,,,,,,,,,,,,,,,,,,,,,,,,,,,,,,,,,,,,,,,,,,,,,,,,,,,,,,,,,,,,,,,,,,,,,,,,,,,,,,,,,,,,,,,,,,,,,,,,,,,,,,,,,,,,,,,,,,,,,,,,,,,,,,,,,,,,,,,,,,,,,,,,,,,,,,,,,,,,,,,,,,,,,,,,,,,,,,,,,,,,,,,,,,,,,,,,,,,,,,,
Cyclotella,Cyclotella spp.,,,,,,,,,,,,,,,,,,,,,,,,,,,,,,,,,,,,,,,,,,,,,,,,,,,,,,,,,,,,,,,,,,,,,,,,,,,,,,,,,,,,,,,,,,,,,,,,,,,,,,,,,,,,,,,,,,,,,,,,,,,,,,,,,,,,,,,,,,,,,,,,,,,,,,,,,,,,,,,,,,,,,,,,,,,,,,,,,,,,,,,,,,,,,,,,,,,,,,,,,,,,,,,,,,,,,,,,,,,,,,,,,,,,,,,,,,,,,,,,
,Cyclotella striata,,,,,,,,,,,,,,,,,,,,,,,,,,,,,,,,,,,,,,,,,,,,,,,,,,,,,,,,,,,,,,,,,,,,,,,,,,,,,,,,,,,,,,,,,,,,,,,,,,,,,,,,,,,,,,,,,,,,,,,,,,,,,,,,,,,,,,,,,,,,,,,,,,,,,,,,,,,,,,,,,,,,,,,,,,,,,,,,,,,,,,,,,,,,,,,,,,,,,,,,,,,,,,,,,,,,,,,,,,,,,,,,,,,,,,,,,,,,,,,,
,Cyclotella stylorum,,,,,,,,,,,,,,,,,,,,,,,,,,,,,,,,,,,,,,,,,,,,,,,,,,,,,,,,,,,,,,,,,,,,,,,,,,,,,,,,,,,,,,,,,,,,,,,,,,,,,,,,,,,,,,,,,,,,,,,,,,,,,,,,,,,,,,,,,,,,,,,,,,,,,,,,,,,,,,,,,,,,,,,,,,,,,,,,,,,,,,,,,,,,,,,,,,,,,,,,,,,,,,,,,,,,,,,,,,,,,,,,,,,,,,,,,,,,,,,,
Cymbella ,Cymbella spp.,,,,,,,,,,,,,,,,,,,,,,,,,,,,,,,,,,,,,,,,,,,,,,,,,,,,,,,,,,,,,,,,,,,,,,,,,,,,,,,,,,,,,,,,,,,,,,,,,,,,,,,,,,,,,,,,,,,,,,,,,,,,,,,,,,,,,,,,,,,,,,,,,,,,,,,,,,,,,,,,,,,,,,,,,,,,,,,,,,,,,,,,,,,,,,,,,,,,,,,,,,,,,,,,,,,,,,,,,,,,,,,,,,,,,,,,,,,,,,,,
Dactyliosolen,Dactyliosolen fragilissimus,,,,,,,,,,,,,,,,,,,,,,,,,,,,,,,,,,,,,,2904,,,,8800,22000,22000,22000,,,,,,,,,,8800,,,,,,,,,,,,,,,,,,,,,,,,,,1012000,994400,162800,132000,13200,,,,,,528000,,2904,2904,,,,,,,44000,11704,39600,1452,,,,704,,,,,,,,1452,,7304,2904,4400,162800,145200,264000,17600,66000,836000,532400,576400,655600,448800,,,2904,,,1452,,145200,378400,96800,,1452,13200,8800,,,,704,8800,35200,,,,,,,2904,5852,5852,17600,22000,79200,,2904,4400,39600,8800,35200,,26400,13200,1452,,,5852,1452,1452,,44000,8800,,5852,,13200,8800,17600,8800,1452,,,,,,,,,17600,,,,,17600,5852,,,13200,704,,,,,,4400,,,,704,,,,,,,,,,,,,,,,,,,,,,,
Delphineis,Delphineis surriella,,,,,,,,,,,,,,,,,,,,,,,,,,,,,,,,,,,,,,,,,,,,,,,,,,,,,,,,,,,,,,,,,,,,,,,,,,,,,,,,,,,,,,,,,,,,,,,,,,,,,,,,,,,,,,,,,,,,,,,,,,,,,,,,,,,,,,,,,,,,,,,,,,,,,,,,,,,,,,,,,,,,,,,,,,,,,,,,,,,,,,,,,,,,,,,,,,,,,,,,,,,,,,,,,,,,,,,,,,,,,,,,,,,,,,,,,,,,,,,,
,Delphineis spp. ,,,,,,,,,,,,,,,,,,,,,,,,,,,,,704,,,,,,,,,,,,,,,,,,,,,,,,,,,,,,,,,,,,,,,,,,,,,,,,,,,,,,,,,,,,,,,,,,,,,,,,,,,,,,,,,,,,,,,,,,,,,,,,,,,,,,,,,,,,,,,,,,,,,,,,,,,,,,,,,,,,,,,,,,,,,,,,,,,,,,,,,,,,,,,,,,,,,,,,,,,,,,,,,,,,,,,,,,,,,,,,,,,,,,,704,,,,,,,,,,,,
Detonula,Detonula confervacea,,,,,,,,,,,,,,,,,,,,,,,,,,,,,,,,,,,,,,,,,,,,,,,,,,,,,,,,,,,,,,,,,,,,,,,,,,,,,,,,,,,,,,,,,,,,,,,,,,,,,,,,,,,,,,,,,,,,,,,,,,,,,,,,,,,,,,,,,,,,,,,,,,,,,,,,,,,,,,,,,,,,,,,,,,,,,,,,,,,,,,,,,,,,,,,,,,,,,,,,,,,,,,,,,,,,,,,,,,,,,,,,,,,,,,,,,,,,,,,,
,Detonula pumila,,,,,,,,,,,,,,,,,,,,,,,,,,,,,,,,,,,,,,,,,,,,,,,,,,,,,,,,,,,,,,,,,,,,,,,,,,,,,,,,,,,,,,,,,,,,,,,,,,,,,,,,,,,,,,,,,,,,,,,,,,,,,,,,,,,,,,,,,,,,,,,,,,,,,,,,,,,,,,,,,,,,,,,,,,,,,,,,,,,,,,,,,,,,,,,,,,,,,,,,,,,,,,,,,,,,,,,,,,,,,,,,,,,,,,,,,,,,,,,,
Diatoma,Diatoma vulgaris,,,,,,,,,,,,,,,,,,,,,,,,,,,,,,,,,,,,,,,,,,,,,,,,,,,,,,,,,,,,,,,,,,,,,,,,,,,,,,,,,,,,,,,,,,,,,,,,,,,,,,,,,,,,,,,,,,,,,,,,,,,,,,,,,,,,,,,,,,,,,,,,,,,,,,,,,,,,,,,,,,,,,,,,,,,,,,,,,,,,,,,,,,,,,,,,,,,,,,,,,,,,,,,,,,,,,,,,,,,,,,,,,,,,,,,,,,,,,,,,
Ditylum,Ditylum brightwellii,,,,,,,,,,704,,704,704,,,,,704,2904,,704,,,2904,704,2904,2904,2904,8800,704,,,704,,704,,,1452,2904,1452,,,,,,,,704,704,,,,,,,,,,2904,2904,,,,,,,,,,,,,,,,,,,,,,,,,,,,,,,,,,,,,,,,,,,,2904,2904,,1452,,,,,704,,,,,,,,,,,,,,,,,,,,,,,,,,,,,,,,,,,,1452,1452,352,,,,,,,,1452,1452,,,,,2904,1452,2904,4400,5852,,704,,,352,,1452,2904,,,,,352,,,,,,,,,,352,,,,352,,,,,,,,,,,,,,,,,1452,,176,176,,,,,176,,,,,,,,,,,,,,,,,,,,176
Diploneis,Diploneis smithii,,,,,,,,,,,,,,,,,,,,,,,,,,,,,,,,,,,,704,,,,,,,,,,,,,,,,,,,,,,,,,,,,,,,,,,,,,,,,,,,,,,,,,,,,,,,,,,,,,,,,,,,,,,,,,,,,,,,,,,,,,,,,,,,,,,,,,,,,,,,,,,,,,,,,,,,,,,,,,,,,,,,,,,,,,,,,,,,,,,,,,,,,,,,,,,,,,,,,,,,,,,,,,,,,,,,,,,,,,,,,,,,,,,,,,,,,,,,,,,,,
,Diploneis sp.,,,,,,,,,,,,,,,,,,,,,,,,,,,,,,,,,,,,8800,39600,1452,,,,,,,,,,,,,,,,,,,,,,,,,,,,,,,,,,,,,,,,,,,,,,,,,,,,,,,,,,,,,,,,,,704,,,,,,,,,,,,,,,,,,,,,,,,,,,,,,,,,,,,,,,,,,,,,,,,,,,,,,,,,,,,,,,,,,,,,,,,,,,,,,,,,,,,352,,,,,,,,,,,,,,,,,,,,,,,,,,,,,,,,,,,,,,,,,,,,,,,,,,,,
Eucampia,Eucampia cornuta,,,,,,,,,,,,,,,,,,,,,,,,,,,,,,,,,,,,,,,,,,,,,,,,,,,,,,,,,,,,,,,,,,,,,,,,,,,,,,,,,,,,,,,,,,,,,,,,,,,,,,,,,,,,,,,,,,,,,,,,,,,,,,,,,,,,,,,,,,,,,,,,,,,,,,,,,,,,,,,,,,26400,57200,176000,17600,52800,132000,88000,61600,26400,,13200,2904,,1452,5852,8800,92400,17600,8800,,2904,,2904,,,,,,,,,,7304,,,5852,,,,,,,,,,,,,,,,,,,,,,,,,,,,,,,,,,,,,,,,,,,
,Eucampia zodiacus,4400,,10252,,,,,,2904,,,,,,,,,,,,8800,8800,5874,8800,8800,10252,13200,,,1452,,,,,,,,,,,5852,,,,2904,4400,,1452,704,,,,,,,,,,,,,,,,,,,,,,,,,,,,,,,,1452,2904,,,,,,,,,,,,,4400,,,,,,,,,,,,,,,,,,,,,,,,,,,,,,,39600,,,1452,,,,,,,,,,,,,,,,,,,2904,1452,704,,,,,,,,,,,1452,,,8800,,,,,,,,,,,,,,,,,26400,5852,5852,30800,101200,198000,52800,5852,,,,,7304,,,10252,17600,5852,,1452,8800,,,13200,,,,,8800,,8800,22000,5852,,13200,10252,,,,,5852,,,1452,,,13200,,352,1452,17600,1452,2904,7304,704,,1452,,,
Fragilaria,Fragilaria spp.,,,,,,704,,,704,2904,,,,,,,,,,,,,,,,,,,,,,,,,,1452,,,,1452,,,,2904,,,,,,,,,,,,,,,,,,,,,,,,,,,,,,,,,,,,,,,,,,,,,,,,,,,,,,,,,,,,,,1452,,,,,,,2904,,,,,,,,13200,,,,,,,,,,,,,,,,,,,,,,,,,,,,,,,,,,,,,,,,,,2904,,,704,,,,,,,,,,,,,,,,,,,,8800,22000,,,,,,1452,,,,17600,,,,,,,22000,,,5852,,,1452,,,,10252,2904,,,,,1452,,,,704,,,704,,,,,,,,,,704,2904,2904,
Frustulia,Frustulia spp.,,,,,,,,,,,1452,,,,,2904,,,,,,,,,,,,,,,,,,,,,,1452,5852,,,,,,,,,,1452,1452,704,,,,,,,,8800,,,,,,,,,,,,,,,,,,,,,,,,,,,,,,1452,2904,,,,,,1452,,,,,1452,,,,,,,,,,,,,,,,,,,,1452,,,,,,,,,1452,,,,,,,,,,2904,,,,,,,,,,,,,,,,,,,,,,,1452,1452,,,,1452,,,,,704,,,,,,2904,704,2904,,17600,1452,13200,,,,352,,,,,1452,,,8800,,,,704,,704,,,1452,,,,,704,,,,,,704,,,,,,2904,,,,,,,,704,,,,,,704,,,
Gomphonema,Gomphonema spp.,,,,,,,,,,,,,,,,,,,,,,,,,,,,,,,,,,,,,,,,,,,,,,,,,,,,,,,,,,,,,,,,,,,,,,,,,,,,,,,,,,,,,,,,,,,,,,,,,,,,,,,,,,,,,,,,,,,,,,,,,,,,,,,,,,,,,,,,,,,,,,,,,,,,,,,,,,,,,,,,,,,,,,,,,,,,,,,,,,,,,,,,,,,,,,,,,,,,,,,,,,,,,,,,,,,,,,,,,,,,,,,,,,,,,,,,,,,,,,,,
Grammatophora,Grammatophora marina,,,,,,,,,,,,,,,,,,,,,,,,,,,,,,,,,,,,,,,,,,,,,,,,,,,,,,,,,,,,,,,,,,,,,,,,,,,,,,,,,,,,,,,,,,,,,,,,,,,,,,,,,,,,,,,,,,,,,,,,,,,,,,,,,,,,,,,,,,,,,,,,,,,,,,,,,,,,,,,,,,,,,,,,,,,,,,,,,,,,,,,,,,,,,,,,,,,,,,,,,,,,,,,,,,,,,,,,,,,,,,,,,,,,,,,,,,,,,,,,
Guinardia,Guinardia delicatula,48400,13200,4400,4400,,13200,,,1452,1452,26400,13200,2904,1452,8800,2904,,1452,2904,,101200,13200,22000,8800,5852,17600,17600,8800,35200,,52800,30800,44000,26400,26400,17600,22000,,17600,26400,,,,,,61600,,,,,,,,,,,,,,,,,,,,,,,,,,,,,,,,,,,4928000,3872000,510400,475200,,,,,,,2279200,52800,13200,2904,1452,,,,,1452,,,4400,,,,,1452,1452,13200,,,13200,,,,704,,4400,13200,57200,17600,,,,61600,8800,,13200,8800,,,,,,,,,,,,,,,,,,13200,22000,30800,,,,,,,,,4400,,,,,,,8800,35200,8800,22000,17600,,,,,,2904,13200,8800,,8800,1452,13200,,,35200,13200,4400,,,2904,1452,1452,1452,,,13200,1452,,13200,4400,26400,35200,8800,26400,,4400,,,,2904,,30800,101200,17600,22000,4400,5852,,1452,1452,13200,17600,8800,8800,,,,,2904,2904,2904,1452,17600,1452,1452,4400,,1452,,5852
,Guinardia striata,,,,,,,,,,,,,,,,,,,,,,,,,,,,,,,,,,,,,,,,,,,,,,,,,,,,,,,,,,,,,,,,,,,,,,,,,,,,,,,,,,,,,,,,,,,,,,,,,,,,,,,,,,,,,,,,,,,,,,,,,,,,,,,,,,,,,,,,,,,,,,,,,,,,,,,,,,,,,,,,,,,,,,,,,,,,,,,,,,,,,,,,,,30800,,,1452,,,,,,,,2904,,,,,,,,,1452,,,,,35200,2904,,,13200,,1452,2904,,,1452,1452,704,,,704,,1452,,,704,2904,2904,,,,704,,,
,Guinardia flaccida,,,,,,,,,,,,,,,,,,,,,,,,,,,,,,,,,,,,,,,,,,,,,,,,,,,,,,,,,,,,,,,,,,,,,,,,,,,,,,,,,,,,,,,,,,,,,,,,,,,,,,,,,,,,,,,,,,,,,,,,,,,,,,,,,,,,,,,,,,,,,,,,,,,,,,,,,,,,,,,,,,,,,,,,,,,,,,,,,,,,,,,,,,,,,,,,,,,,,,,,,,,,,,,,,,,,,,,,,,,,,,,,,,,,,,,,,,,,,,,,
,Guinardia spp. ,,,,,,,,,,,,,,,,,,,,,,,,,,,,,,,,,,,,,,8800,,,,,,,,,,,,,,,,,,,,,,,,,,,,,,,,,,,,,,,,,,,,,,,,,,,,,,,,,,,,,,,,,,,,,,,,,,,,,,,,,,,,,,,,,,,,,,,,,,,,,,,44000,,,,,,,,,,,,,,,,,,,,,,,,,,,,,,,,,,,,,,,,,,,,,,,,,,,,,,,,,,,,,,,,,,,,,,,,,,,,,,,,,,,,,,,,,,,,,,,,,,,
Haslea,Haslea spp.,,,,,,,,,,,,,,,,,,,,,,,,,,,,,,,704,,,,,,,,,,704,1452,,,,,,,,,,,,,,,,,,,,,,,,,,,,,,,,,,,,,,,,,,,,,,,,,,,,,,,,,,,,,,,,,,,,,,704,,,,,,,,,,,,,,,,,,,352,,,,,,,,,,,,,,,,,,,,,,,,,,,,,,,,704,,,704,,,,,,,,704,,,,,,,,,,,,,,,,,,,,,,,,,,,,,,,,,,,,,,,,,,,,,,,,,,,,,,,,,,,,,,,,,,
Hemiaulus,Hemiaulus sinensis,,,,,,,,,,,,,,,,,,,,,,,,,,,,,,,,,,,,,,,,,,,,,,,,,,,,,,,,,,,,,,,,,,,,,,,,,,,,,,,,,,,,,,,,,,,,,,,,,,,,,,,,,,,,,,,,,,,,,,,,,,,,,,,,,,,,,,,,,,,,,,,,,,,,,,,,,,,,,,,,,,,,,,,,,,,,,,,,,,,,,,,,,,,,,,,,,,,,,,,,,,,,,,,,,,,,,,,,,,,,,,,,,,,,,,,,,,,,,,,,
Hemidiscus,Hemidiscus cuneiformis,,,,,,,,,,,,,,,,,,,,,,,,,,,,,,,,,,,,,,,,,,,,,,,,,,,,,,,,,,,,,,,,,,,,,,,,,,,,,,,,,,,,,,,,,,,,,,,,,,,,,,,,,,,,,,,,,,,,,,,,,,,,,,,,,,,,,,,,,,,,,,,,,,,,,,,,,,,,,,,,,,,,,,,,,,,,,,,,,,,,,,,,,,,,,,,,,,,,,,,,,,,,,,,,,,,,,,,,,,,,,,,,,,,,,,,,,,,,,,,,
Lauderia,Lauderia annulata,,,,,,,,,,,,,,,,,,,,,,,,,,,,,,,,,,,,,,,,,,,,,,,,,,,,,,,,,,,,,,,,,,,,,,,,,,,,,,,,,,,,,,,,,,,,,,,,,,,,,,,,,,,,,,,,,,,,,,,,,,,,,,,,,,,,,,,,,,,,,,,,,,,,,,,,,,,,,,,,,,,,,,,,,,,,,,,,,,,,,,,,,,,,,,,,,,,,,,,,,,,,,,,,,,,,,,,,,,,,,,,,,,,,,,,,,,,,,,,,
Leptocylindrus,Leptocylindrus danicus,,,,,,,1452,,,,,,,,,,,,,,2904,,,,1452,,,,,,,,,,,,,,,,457600,365200,360800,198000,140800,66000,17600,13200,17600,22000,404800,198000,277200,105600,140800,74800,22000,30800,17600,,,,,,,,,,,,,,,,,,,,,,,,,,,,,,,,35200,,,,,,,,,,,1452,8800,26400,,,,,,,,,,,,,,,,,,30800,83600,145200,624800,519200,453200,479600,224400,259600,,,,,,,,17600,70400,52800,,,,,,,,,,,,,,,,,,,,,,,,,8800,8800,70400,88000,,26400,,,,,,,4400,8800,13200,17600,1452,,,13200,79200,96800,,,8800,7304,2904,,8800,1452,,,2904,,2904,2904,,,,22000,,1452,1452,,,,,,,,,,,5852,,,,,5852,10252,,,,1452,,,,,,,,2904,2904,,,
,Leptocylindrus minimus,,,,,,,2904,,2904,,,,,,,,,,,2904,,13200,17600,17600,2904,,,,,2904,10252,10252,,7304,10252,4400,,57200,,,1271600,2525600,585200,431200,202400,184800,132000,57200,,,1276000,1254000,404800,206800,255200,17600,30800,57200,44000,,,,,,,,,,,,,,,,,,,,,,,,,,,,,,,,,,,,,,,,,,,5852,,2904,,,,,,,,,,,,,,,,,,4400,,,,13200,,,,,,,,,,,,,,,70400,35200,,,,,,,,,,,,,,,,,,,44000,,,,,,,,,,,,,,,,,,,,1452,,,,,,,,,,,,,,,,,,1452,,,,,,,,,,,,,,,,,,,,1452,,,,,,2904,,4400,,,,,,,,,,2904,,,
Licmophora,Licmophora dalmatica,,,,,,,,,,,,,,,,,,,,,,,,,,,,,,,,,,,,,,,,,,,,,,,,,,,,,,,,,,,,,,,,,,,,,,,,,,,,,,,,,,,,,,,,,,,,,,,,,,,,,,,,,,,,,,,,,,,,,,,,,,,,,,,,,,,,,,,,,,,,,,,,,,,,,,,,,,,,,,,,,,,,26400,,,,,,,,,,8800,,,,,,,,,,,,,,,,,,,,,,,,,,,,,,,,,,,,,,,,,,,,,,,,,,,,,,,,,,,,,,,,,,
,Licmophora flabellata,,,,,,,,,,,,,,,,,,,,,,,,,,,,,,,,,,,,,,,,,,,,,,,,,,,,,,,,,,,,,,,,,,,,,,,,,,,,,,,,,,,,,,,,,,,,,,,,,,,,,,,,,,,,,,,,,,,,,,,,,,,,,,,,,,,,,,,,,,,,,,,,,,,,,,,,,,,,,,,,,,,,,,,,,,,,,,,,,,,,,,,,,,,,,,,,,,,,,,,,,,,,,,,,,,,,,,,,,,,,,,,,,,,,,,,,,,,,,,,,
Lioloma,Lioloma spp.,,,,,,,,,,,,,,,,,,,,,,,,,,,,,,,,,,,,,,,,,,,,,,,,,,,,,,,,,,,,,,,,,,,,,,,,,,,,,,,,,,,,,,,,,,,,,,,,,,,,,,,,,,,,,,,,,,,,,,,,,,,,,,,,,,,,,,,,,,,,,,,,,,,,,,,,,,,,,,,,,,,,,,,,,,,,,,,,,,,,,,,,,,,,,,,,,,,,,,,,,,,,,,,,,,,,,,,,,,,,,,,,,,,,,,,,,,,,,,,,
Lithodesmium,Lithodesmium undulatum,,,,,,,,,,,,,,,,,,,,,,,,,,,,,,,,,,,,,,,,,,,,,,,,,,,,,,,,,,,,,,,,,,,,,,,,,,,,,,,,,,,,,,,,,,,,,,,,,,,,,,,,,,,,,,,,,,,,,,,,,,,,,,,,,,,,,,,,,,,,,,,,,,,,,,,,,,,,,,,,,2904,2904,312400,,,,,,8800,1452,2904,8800,17600,,,,,352,,,352,2904,704,,,,,,,,,1452,,,,,,,,,,,,,,,704,,,,,2904,,,,,,,,,,,,,,,,,,,,,,,,,,,,
Melosria,Melosira nummuloides,,,,,,,,,,,,,,,,,,,,,,,,,,,,,,,,,,,,,,,,,,,,,,,,,,,,,,,,,,,,,,,,,,,,,,,,,,,,,,,,,,,,,,,,,,,,,,,,,,,,,,,,,,,,,,,,,,,,,,,,,,,,,,,,,,,,,,,,,,,,,,,,,,,,,,,,,,,,,,,,,,,,,,,,,,,,,,,,,,,,,,,,,,,,,,,,,,,,,,,,,,,,,,,,,,,,,,,,,,,,,,,,,,,,,,,,,,,,,,,,
,Melosira spp.,,,,,,,,,,,,,,,,,,,,,,,,,,,,,,,,,,,,,,,,,,,,,,,,,,,,,,,,,,,,,,,,,,,,,,,,,,,,,,,,,,,,,,,,,,,,,,,,,,,,,,,,,,,,,,,,,,,,,,,,,,,,,,,,,,,,,,,,,,,,,,,,,,,,,,,,,,,,,,,,,,,,,,,,,,,,,,,,,,,,,,,,,,,,,,,,,,,,,,,,,,,,,,,,,,,,,,,,,,,,,,,,,,,,,,,,,,,,,,,,
Navicula,Navicula ambigua,,,,,,,,,,,,,,,,,,,,,,,,,,,,,,,,,,,,,,,,,,,,,,,,,,,,,,,,,,,,,,,,,,,,,,,,,,,,,,,,,,,,,,,,,,,,,,,,,,,,,,,,,,,,,,,,,,,,,,,,,,,,,,,,,,,,,,,,,,,,,,,,,,,,,,,,,,,,,,,,,,,,,,,,,,,,,,,,,,,,,,,,,,,,,,,,,,,,,,,,,,,,,,,,,,,,,,,,,,,,,,,,,,,,,,,,,,,,,,,,
,Navicula cryptocephala,,,,,,,,,,,,,,,,,,,,,,,,,,,,,,,,,,,,,,,,,,,,,,,,,,,,,,,,,,,,,,,,,,,,,,,,,,,,,,,,,,,,,,,,,,,,,,,,,,,,,,,,,,,,,,,,,,,,,,,,,,,,,,,,,,,,,,,,,,,,,,,,,,,,,,,,,,,,,,,,,,,,,,,,,,,,,,,,,,,,,,,,,,,,,,,,,,,,,,,,,,,,,,,,,,,,,,,,,,,,,,,,,,,,,,,,,,,,,,,,
,Navicula spp.,,,,,,,,,1452,,,,,,,,,,,,,,,,,,,,,,,,,,,,,1452,,,,,,,,,,,,,,,,,,,,,,,,,,,,,,,,,,,,,,,,,,,,,,,,,,,,,,,,,,,,,,,,,,,,704,,,,,,,,,,,,,,,,,,,,,,,,,,1452,,,,,2904,,704,,,,,,,,,,,,,,,,,704,,,,,,,,,,,,,,,,,,,,,,,,,,,,,,1452,,,,,,,,,,,,,,,,,,,,,,,,,,,,,,,,,704,176,,,,,,,,,,,,,,,,,,,,
Neodelphineis,Neodelphineis spp.,,,,,,,,,,,,,,,,,,,,,,,,,,,,,,,,,,,,,,,,,,,,,,,,,,,,,,,,,,,,,,,,,,,,,,,,,,,,,,,,,,,,,,,,,,,,,,,,,,,,,,,,,,,,,,,,,,,,,,,,,,,,,,,,,,,,,,,,,,,,,,,,,,,,,,,,,,,,,,,,,,,,,,,,,,,,,,,,,,,,,,,,,,,,,,,,,,,,,,,,,,,,,,,,,,,,,,,,,,,,,,,,,,,,,,,,,,,,,,,,
Nitzschia,Nitzschia closterium,,,,,,,,,,,,,,,,,,,,,,,,,,,,,,,,,,,,,,,,,,,,,,,,,,,,,,,,,,,,,,,,,,,,,,,,,,,,,,,,,,,,,,,,,,,,,,,,,,,,,,,,,,,,,,,,,,,,,,,,,,,,,,,,,,,,,,,,,,,,,,,,,,,,,,,,,,,,,,,,,,,,,,,,,,,,,,,,,,,,,,,,,,,,,,,,,,,,,,,,,,,,,,,,,,,,,,,,,,,,,,,,,,,,,,,,,,,,,,,,
,Nitzschia longissima,,,,,,,,,,1452,,,,,,,,,,1452,,,,,,,,,,,,,,,,,,,,704,,,,,,,,,,,,,,,,,,,704,,,,,,,,,,,,,,,,,,,,,,,,,,,,,,,1452,1452,,,,,,,,,1452,,1452,61600,132000,,,,,13200,1452,,17600,22000,1452,,17600,,704,8800,2904,215600,88000,202400,162800,136400,52800,8800,,13200,13200,,1452,,,,1452,,704,1452,704,110000,39600,,,,,,,,,,,,,,,,,,,44000,17600,26400,,,,1452,,,,8800,8800,,,,,,1452,,704,4400,704,1452,,,,,,,,,,1452,,,,,,,,2904,,,,,,,,,,,,,,,,704,,,,,,,,,,,,,,,,,,,,,,,
,Nitzschia lorenziana,,,,,,,,,,,,,,,,,,,,,,,,,,,,,,,,,,,,,,,,,,,,,,,,,,,,,,,,,,,,,,,,,,,,,,,,,,,,,,,,,,,,,,,,,,,,,,,,,,,,,,,,,,,,,,,,,,,,,,,,,,,,,,,,,,,,,,,,,,,,,,,,,,,,,,,,,,,,,,,,,,,,,,,,,,,,,,,,,,,,,,,,,,,,,,,,,,,,,,,,,,,,,,,,,,,,,,,,,,,,,,,,,,,,,,,,,,,,,,,,
,Nitzschia navicularis,,,,,,,,,,,,,,,,,,,,,,,,,,,,,,,,,,,,,,,,,,,,,,,,,,,,,,,,,,,,,,,,,,,,,,,,,,,,,,,,,,,,,,,,,,,,,,,,,,,,,,,,,,,,,,,,,,,,,,,,,,,,,,,,,,,,,,,,,,,,,,,,,,,,,,,,,,,,,,,,,,,,,,,,,,,,,,,,,,,,,,,,,,,,,,,,,,,,,,,,,,,,,,,,,,,,,,,,,,,,,,,,,,,,,,,,,,,,,,,,
,Nitzschia obtusa,,,,,,,,,,,,,,,,,,,,,,,,,,,,,,,,,,,,,,,,,,,,,,,,,,,,,,,,,,,,,,,,,,,,,,,,,,,,,,,,,,,,,,,,,,,,,,,,,,,,,,,,,,,,,,,,,,,,,,,,,,,,,,,,,,,,,,,,,,,,,,,,,,,,,,,,,,,,,,,,,,,,,,,,,,,,,,,,,,,,,,,,,,,,,,,,,,,,,,,,,,,,,,,,,,,,,,,,,,,,,,,,,,,,,,,,,,,,,,,,
,Nitzschia spp.,,,,,,,,,,,,,,,,,,,,,,,,,,,,,,,,,,,,,,,,,,,,,,,,,,,,,,,,,,,,,,,,,,,,,,,,,,,,,,,,,,,,,,,,,,,,,,,,,,,,,,,,,,,,,,,,,,,,,,,,,,,,,,,,,,,,,,,,,,,,,,,,,,,,,,,,,,,,,,,,,,,,,,,,,,,,,,,,,,,,,,,,,,,,,,,,,,,,,,,,,,,,,,1452,,,,,,,,,,,,,,,,,,,,,,,,,,,,,,,,,,
Odontella,Odontella aurita,,,,,,,,,,,,,,,,,,,,,,,,,,,,,,,,,,,,,,,,,,,,,,,,,,,,,,,,,,,,,,,,,,,,,,,,,,,,,,,,,,,,,,,,,,,,,,,,,,,,,,,,,,,,,,,,,,,,,,,,,,,,,,,,,,,,,,,,,,,,,,,,,,,,,,,,,,,,,,,,,,,,,,,,,,,,,,,,,,,,,,,,,,,,,,,,,,,,,,,,,,,,,,,,,,,,,,,,,,,,,,,,,,,,,,,,,,,,,,,,
,Odontella longicruris,,,,,,,,,,,,,,,,,,,,,,,,,,,,,,,,,,,,,,,,,,,,,,,,,,,,,,,,,,,,,,,,,,,,,,,,,,,,,,,,,,,,,,,,,,,,,,,,,,,,,,,,,,,,,,,,,,,,,,,,,,,,,,,,,,,,,,,,,,,,,,,,,,,,,,,,,,,,,,,,,,,,,,,,,,,,,,,,,,,,,,,,,,,,,,,,,,,,,,,,,,,,,,,,,,,,,,,,,,,,,,,,,,,,,,,,,,,,,,,,
,Odontella mobiliensis,,,,,,,,,,,,,,,,,,,,,,,,,,,,,,,,,,,,,,,,,,,,,,,,,,,,,,,,,,,,,,,,,,,,,,,,,,,,,,,,,,,,,,,,,,,,,,,,,,,,,,,,,,,,,,,,,,,,,,,,,,,,,,,,,,,,,,,,,,,,,,,,,,,,,,,,,,,,,,,,,,,,,,,,,,,,,,,,,,,,,,,,,,,,,,,,,,,,,,,,,,,,,,,,,,,,,,,,,,,,,,,,,,,,,,,,,,,,,,,,
,Odontella sinensis,,,,,,,,,,,,,,,,,,,,,,,,,,,,,,,,,,,,,,,,,,,,,,,,,,,,,,,,,,,,,,,,,,,,,,,,,,,,,,,,,,,,,,,,,,,,,,,352,,,,,,,,,,,,,,,,,,,,,,,,,,,,,,,,,,,,,,,,,,,,,,,,,,,,,,,,,,,,,,,,,,,,,,,,,,,,,,,,,,,,,,352,,,,,,,,,,,,,,,,,352,,,,,,,,,,,,,,,,,,,,,,,,,,,,,,,,,,,,,,,,,,
,Odontella spp.,,,,,,1452,,,,,704,1452,,,,,,1452,704,,5852,,,,,704,22000,17600,,7304,22000,1452,39600,2904,8800,35200,22000,5852,,2904,,704,,,,,,,,,,,,1452,,11704,2904,,,,,,,,,,,,,,,,,,,,,,,,,,,,,,,,,,,,,,,,,,,,,,,,,,,,,,,,,,704,,,,,,,,,,,,,,,,,,,,,,,,,,,,,,,,352,,,,,,,,,,,,,,,13200,52800,8800,2904,13200,,13200,,,,,,,,1452,352,1452,17600,704,,,,,,,2904,,1452,,1452,,,,,,,,2904,1452,352,352,352,1452,,352,704,,1452,176,352,5852,704,352,352,352,704,1452,,176,176,,2904,704,,,,,,,176,176,,,176,,,,,
Paralia,Paralia sulcata,61600,30800,,13200,22000,13200,,48400,57200,8800,22000,13200,22000,70400,145200,44000,44000,22000,44000,35200,13200,14652,66000,,8800,,30800,35200,39600,66000,66000,,8800,17600,26400,88000,96800,22000,92400,66000,,13200,,,13200,8800,10252,30800,8800,39600,22000,,,26400,,44000,52800,,66000,17600,,,,,,,,,,,,,,,,,,,,,13200,30800,,10252,,,8800,35200,8800,35200,52800,17600,22000,,22000,,44000,35200,8800,26400,,,,17600,,35200,,,13200,,7304,92400,17600,35200,,30800,26400,22000,17600,,2904,,,,,,,,,,5852,5852,2904,26400,35200,70400,88000,,8800,22000,,,13200,22000,,704,,,,8800,26400,8800,30800,8800,39600,13200,30800,,352,13200,,,,,,,,,,,8800,4400,13200,8800,11704,,,1452,,5852,,,,,,,,,,,22000,,,17600,30800,17600,,17600,,5852,7304,,,,,5852,22000,13200,10252,,11704,22000,,14652,52800,44000,57200,17600,17600,10252,35200,30800,17600,22000,,,35200,5368,26400,17600,35200,13200,22000,,2904,26400,48400,26400,35200,26400
Pinnularia,Pinnularia spp.,,,,,,,,,,,,,,,,,,,,,,,,,,,,,,,,,,,,,,,,,,,,,,,,,,,,,,,,,,,,,,,,,,,,,,,,,,,,,,,,,,,,,,,,,,,,,,,,,,,,,,,,,,,,,,,,,,,,,,,,,,,,,,,,,,,,,,,,,,,,,,,,,,,,,,,,,,,,,,,,,,,,,,,,,,,,,,,,,,,,,,,,,,,,,,,,,,,,,,,,,,,,,,,,,,,,,,,,,,,,,,,,,,,,,,,,,,,,,,,,
Pleurosigma,Pleurosigma angulatum,,,,,,,,,,,,,,,,,,,,,,,,,,,,,,,,,,,,,,,,,,,,,,,,,,,,,,,,,,,,,,,,,,,,,,,,,,,,,,,,,,,,,,,,,,,,,,,,,,,,,,,,,,,,,,,,,,,,,,,,,,,,,,,,,,,,,,,,,,,,,,,,,,,,,,,,,,,,,,,,,,,,,,,,,,,,,,,,,,,,,,,,,,,,,,,,,,,,,,,,,,,,,,,,,,,,,,,,,,,,,,,,,,,,,,,,,,,,,,,,
Pleurosigma,Pleurosigma directum,,,,,,,,,,,,,,,,,,,,,,,,,,,,,,,,,,,,,,,,,,,,,,,,,,,,,,,,,,,,,,,,,,,,,,,,,,,,,,,,,,,,,,,,,,,,,,,,,,,,,,,,,,,,,,,,,,,,,,,,,,,,,,,,,,,,,,,,,,,,,,,,,,,,,,,,,,,,,,,,,,,,,,,,,,,,,,,,,,,,,,,,,,,,,,,,,,,,,,,,,,,,,,,,,,,,,,,,,,,,,,,,,,,,,,,,,,,,,,,,
,Pleurosigma falx,,,,,,,,,,,,,,,,,,,,,,,,,,,,,,,,,,,,,,,,,,,,,,,,,,,,,,,,,,,,,,,,,,,,,,,,,,,,,,,,,,,,,,,,,,,,,,,,,,,,,,,,,,,,,,,,,,,,,,,,,,,,,,,,,,,,,,,,,,,,,,,,,,,,,,,,,,,,,,,,,,,,,,,,,,,,,,,,,,,,,,,,,,,,,,,,,,,,,,,,,,,,,,,,,,,,,,,,,,,,,,,,,,,,,,,,,,,,,,,,
,Pleurosigma normanii,,,,,,,,,,,,,,,,,,,,,,,,,,,,,,,,,,,,,,,,,,,,,,,,,,,,,,,,,,,,,,,,,,,,,,,,,,,,,,,,,,,,,,,,,,,,,,,,,,,,,,,,,,,,,,,,,,,,,,,,,,,,,,,,,,,,,,,,,,,,,,,,,,,,,,,,,,,,,,,,,,,,,,,,,,,,,,,,,,,,,,,,,,,,,,,,,,,,,,,,,,,,,,,,,,,,,,,,,,,,,,,,,,,,,,,,,,,,,,,,
,Pleurosigma spp.,,,,,,,,,,,,,,,,,,704,2904,2904,,,,,,,,,,704,704,,,,,,704,,,,704,,,,,,,,,,,,,,,,704,,,,,,,,,,,,,,,,,,,,,,,,,,,,,,,,704,,,,704,,,,,,704,,,,,,,,,,704,704,704,,,,,,,,2904,,,,,,,,,,,,,,,,,,,,,,,,,,,,,,,,,,,,,,,,1452,352,2904,17600,22000,1452,,704,704,,,,2904,704,2904,1452,704,,,352,,,352,704,,,,,,352,,,2904,,352,,352,,352,352,704,,,,,,176,352,,,5852,,704,,352,4400,704,,2904,2904,,,,,,,,,,176,352,,,,,,2904,,1452,176,352,352
Pseudo-nitzschia,Pseudo-nitzschia spp.,,,,,,,,,,,,,,,,,,,,,,,,,,,,,,,,,,,,,,,,2904,,,,,,,,2904,,,1452,,,,,,,,2904,,,,,,,,,,,,,,,,,,,,,,,,,,,,,,,,,,,,,,,,,,,,,4400,,,2904,,,,,,,704,,,,,,,,,,,,,,,,,,,,,,,,,,,,,,,,,,,,,,,,,,,,,,,,,,,,,,,,5852,,,,,,17600,,4400,,4400,,,,8800,5852,17600,,,,,,,,,,,,,4400,,4400,,,,,,,,,,,5852,,,10252,10252,,,2904,,,1452,,13200,,,,,,,,,,,,,,,,
,Pseudo-nitzschia delicatissima,,,,,,,,,,,,,,,,,,,,,,,,,,,,,,,,,,,,,,,,,,,,,,,,,,,,,,,,,,,,,,,,,,,,,,,,,,,,,,,,,,,,,,,,,,,,,,,,,,,,,,,,,,,,,,,,,,,,,,,,,,,,,,,,,,,,,,,,,,,,,,,,,,,,,,,,,,,,,,,,,,,,,,,,,,,,,,,,,,,,,,,,,,,,,,,,,,,,,,,,,,,,,,,,,,,,,,,,,,,,,,,,,,,,,,,,,,,,,,,,
,Pseudo-nitzschia pungens,,,,,,,,,,,,,,,,,,,,,,,,,,,,,,,,,,,,,,,,,,,,,,,,,,,,,,,,,,,,,,,,,,,,,,,,,,,,,,,,,,,,,,,,,,,,,,,,,,,,,,,,,,,,,,,,,,,,,,,,,,,,,,,,,,,,,,,,,,,,,,,,,,,,,,,,,,,,,,,,,,,,,,,,,,,,,,704,,,,,,,,,,,,,,,,,,,,,,,,,,,,,,,,,,,,,,,,,,,,,,,,,,,,,,,,,,,,,,,,,,
Rhabdonema,Rhabdonema adriaticum,,,,,,,,,17600,,,,,,,,,8800,,,,,,,,,,,,,,,,,,,,,,,,,,,,,,,,,,,,,,,,,,,,,,,,,,,,,,,,,,,,,,,,,,,,,,,,,,,,,,,,,,,,,,,,,,,,,,,,,,,,,,,,,,,,,,,,,,,,,,,,,,,,,,,,,,,,,,,,,,,,,,,,,,,,,,,,,,,,,,,,,,,,,,,,,,,,,,,,,,,,,,,,,,,,,,,,,,,,,,,,,,,,,,,,,,,,,,10252,,,,,,,,
,Rhaphoneis rhomoides,,,,,,,,,,,,,,,,,,,,,,,,,,,,,,,,,,,,,,,,,,,,,,,,,,,,,,,,,,,,,,,,,,,,,,,,,,,,,,,,,,,,,,,,,,,,,,,,,,,,,,,,,,,,,,,,,,,,,,,,,,,,,,,,,,,,,,,,,,,,,,,,,,,,,,,,,,,,,,,,,,,,,,,,,,,,,,,,,,,,,,,,,,,,,,,,,,,,,,,,,,,,,,,,,,,,,,,,,,,,,,,,,,,,,,,,,,,,,,,,
,Rhaphoneis spp.,,704,,,,,,1452,17600,2904,,,,704,2904,1452,,1452,22000,1452,,,,,2904,,,1452,8800,,,,,,,,,,704,7304,,,,,,,,,,2904,,,,,,2904,704,2904,22000,,,,,,,,,,,,,,,,,,,,,,,,,,,,,,8800,70400,,,,,,,,2904,4400,13200,,,,,,704,,,704,1452,,,,,,,704,,13200,1452,,52800,,,,,,,,,,,,,,704,,1452,2904,,,,,,,704,,,,,,,,,,,,2904,352,,,,,,,,,,,,,,,,,1452,1452,,,,,,,,,,,,,,2904,,,,,,,,,,,,,,,,,1452,,,,,,,,,,,2904,704,2904,,1452,,,,1452,17600,22000,17600,10252,8800,5852,2904,4400,,2904,1452,13200,1452
Rhizosolenia,Rhizosolenia alata,,,,,,,,,,,,,,,,,,,,,,,,,,,,,,,,,,,,,,,,,,,,,,,,,,,,,,,,,,,,,,,,,,,,,,,,,,,,,,,,,,,,,,,,,,,,,,,,,,,,,,,,,,,,,,,,,,,,,,,,,,,,,,,,,,,,,,,,,,,,,,,,,,,,,,,,,,,,,,,,,,,,,,,,,,,,,,,,,,,,,,,,,,,,,,,,,,,,,,,,,,,,,,,,,,,,,,,,,,,,,,,,,,,,,,,,,,,,,,,,
,Rhizosolenia calar-avis,,,,,,,,,,,,,,,,,,,,,,,,,,,,,,,,,,,,,,,,,,,,,,,,,,,,,,,,,,,,,,,,,,,,,,,,,,,,,,,,,,,,,,,,,,,,,,,,,,,,,,,,,,,,,,,,,,,,,,,,,,,,,,,,,,,,,,,,,,,,,,,,,,,,,,,,,,,,,,,,,,,,,,,,,,,,,,,,,,,,,,,,,,,,,,,,,,,,,,,,,,,,,,,,,,,,,,,,,,,,,,,,,,,,,,,,,,,,,,,,
,Rhizosolenia longiseta,,,,,,,,,,,,,,,,,,,,,,,,,,,,,,,,,,,,,,,,,,,,,,,,,,,,,,,,,,,,,,,,,,,,,,,,,,,,,,,,,,,,,,,,,,,,,,,,,,,,,,,,,,,,,,,,,,,,,,,,,,,,,,,,,,,,,,,,,,,,,,,,,,,,,,,,,,,,,,,,,,,,,,,,,,,,,,,,,,,,,,,,,,,,,,,,,,,,,,,,,,,,,,,,,,,,,,,,,,,,,,,,,,,,,,,,,,,,,,,,
,Rhizosolenia pungens,,,,,,,,,,,,,,,,,,,,,,,,,,,,,,,,,,,,,,,,,,,,,,,,,,,,,,,,,,,,,,,,,,,,,,,,,,,,,,,,,,,,,,,,,,,,,,,,,,,,,,,,,,,,,,,,,,,,,,,,,,,,,,,,,,,,,,,,,,,,,,,,,,,,,,,,,,,,,,,,,,,,,,,,,,,,,,,,,,,,,,,,,,,,,,,,,,,,,,,,,,,,,,,,,,,,,,,,,,,,,,,,,,,,,,,,,,,,,,,,
,Rhizosolenia robusta,,,,,,,,,,,,,,,,,,,,,,,,,,,,,,,,,,,,,,,,,,,,,,,,,,,,,,,,,,,,,,,,,,,,,,,,,,,,,,,,,,,,,,,,,,,,,,,,,,,,,,,,,,,,,,,,,,,,,,,,,,,,,,,,,,,,,,,,,,,,,,,,,,,,,,,,,,,,,,,,,,,,,,,,,,,,,,,,,,,,,,,,,,,,,,,,,,,,,,,,,,,,,,,,,,,,,,,,,,,,,,,,,,,,,,,,,,,,,,,,
,Rhizosolenia setigera,,,,,,,,,,,,,,,,,,,,,,,,,,,,,,,,,,,,,,,,,,,,,,,,,,,,,,,,,,,,,,,,,,,,,,,,,,,,,,,,,,,,,,,,,,,,,,,,,,,,,,,,,,,,,,,,,,,,,,,,,,,,,,,,,,,,,,,,,,,,,,,,,,,,,,,,,,,,,,,,,,,,,,,,,,,,,,,,,,,,,,,,,,,,,,,,,,,,,,,,,,,,,,,,,,,,,,,,,,,,,,,,,,,,,,,,,,,,,,,,
,Rhizosolenia stolterfothii,,,,,,,,,,,,,,,,,,,,,,,,,,,,,,,,,,,,,,,,,,,,,,,,,,,,,,,,,,,,,,,,,,,,,,,,,,,,,,,,,,,,,,,,,,,,,,,,,,,,,,,,,,,,,,,,,,,,,,,,,,,,,,,,,,,,,,,,,,,,,,,,,,,,,,,,,,,,,,,,,,,,,,,,,,,,,,,,,,,,,,,,,,,,,,,,,,,,,,,,,,,,,,,,,,,,,,,,,,,,,,,,,,,,,,,,,,,,,,,,
,Rhizosolenia styliformis,,,,,,,,,,,,,,,,,,,,,,,,,,,,,,,,,,,,,,,,,,,,,,,,,,,,,,,,,,,,,,,,,,,,,,,,,,,,,,,,,,,,,,,,,,,,,,,,,,,,,,,,,,,,,,,,,,,,,,,,,,,,,,,,,,,,,,,,,,,,,,,,,,,,,,,,,,,,,,,,,,,,,,,,,,,,,,,,,,,,,,,,,,,,,,,,,,,,,,,,,,,,,,,,,,,,,,,,,,,,,,,,,,,,,,,,,,,,,,,,
,Rhizosolenia spp.,,,,,,,,,,,,,,,,,,,,,1452,,,,,,,,4400,2904,1452,,,704,,,,,1452,2904,2904,,1452,704,,704,,2904,2904,2904,704,704,,704,704,,704,704,2904,5852,,,,,,,,,,,,,,,,,,,,,,,,,,,,,,,,,,,,,,,,,,,,,,,,,,,,,,,,,,,,,,,,,,352,,,,352,,,,,,,13200,,,2904,,,,,,,,,,,,,,,,,,704,,,,,,,,,,,,,,,,,,,,,,,,,,,,,,,,,,,,,,,,,4400,10252,,,,,,,352,352,,,,,,,,,,,,,,,176,352,,,,,,,,,,,,,,,176,
Rhoicosphenia,Rhoicosphenia curvata,,,,,,,,,,,,,,,,,,,,,,,,,,,,,,,,,,,,,,,,,,,,,,,,,,,,,,,,,,,,,,,,,,,,,,,,,,,,,,,,,,,,,,,,,,,,,,,,,,,,,,,,,,,,,,,,,,,,,,,,,,,,,,,,,,,,,,,,,,,,,,,,,,,,,,,,,,,,,,,,,,,,,,,,,,,,,,,,,,,,,,,,,,,,,,,,,,,,,,,,,,,,,,,,,,,,,,,,,,,,,,,,,,,,,,,,,,,,,,,,
Rhopalodia,Rhopalodia musculus,,,,,,,,,,,,,,,,,,,,,,,,,,,,,,,,,,,,,,,,,,,,,,,,,,,,,,,,,,,,,,,,,,,,,,,,,,,,,,,,,,,,,,,,,,,,,,,,,,,,,,,,,,,,,,,,,,,,,,,,,,,,,,,,,,,,,,,,,,,,,,,,,,,,,,,,,,,,,,,,,,,,,,,,,,,,,,,,,,,,,,,,,,,,,,,,,,,,,,,,,,,,,,,,,,,,,,,,,,,,,,,,,,,,,,,,,,,,,,,,
Schröderella,Schröderella delicatula ,,,,,,,,,,,,,,,,,,,,,,,,,,,,,,,,,,,,,,,,,,,,,,,,,,,,,,,,,,,,,,,,,,,,,,,,,,,,,,,,,,,,,,,,,,,,,,,,,,,,,,,,,,,,,,,,,,,,,,,,,,,,,,,,,,,,,,,,,,,,,,,,,,,,,,,,,,,,,,,,,,,,,,,,,,,,,,,,,,,,,,,,,,,,,,,,,,,,,,,,,,,,,,,,,,,,,,,,,,,,,,,,,,,,,,,,,,,,,,,,
Seminavis,Seminavis robusta,,,,,,,,,,,,,,,,,,,,,,,,,,,,,,,,,,,,,,,,,,,,,,,,,,,,,,,,,,,,,,,,,,,,,,,,,,,,,,,,,,,,,,,,,,,,,,,,,,,,,,,,,,,,,,,,,,,,,,,,,,,,,,,,,,,,,,,,,,,,,,,,,,,,,,,,,,,,,,,,,,,,,,,,,,,,,,,,,,,,,,,,,,,,,,,,,,,,,,,,,,,,,,,,,,,,,,,,,,,,,,,,,,,,,,,,,,,,,,,,
Skeletonema,Skeletonema spp.,12826000,12650000,10274000,6124800,1504800,1342000,61600,61600,136400,294800,6424000,7458000,4818000,2015200,444400,1315600,48400,17600,57200,338800,6754000,4180000,2785200,2499200,3181200,4897200,2195600,4382400,3405600,1474000,6811200,4210800,4686000,6028000,4664000,16544000,8712000,11396000,3212000,5016000,255200,44000,,70400,,519200,48400,281600,39600,79200,281600,286000,202400,422400,154000,924000,492800,928400,1188000,184800,,,,,,,,,,,,,,,,,,,,,35200,44000,,,,,,35200,7304,35200,114400,132000,48400,8800,,,26400,26400,26400,30800,2992000,2420000,2380400,462000,,17600,,,26400,,325600,61600,1452000,52800,13200,,35200,26400,,,1628000,66000,35200,,,136400,,70400,52800,22000,26400,17600,,184800,,8800,,,,,343200,136400,44000,,,,,,8800,17600,8800,44000,,30800,,5852,,,8800,,5764000,1254000,404800,136400,,8800,22000,,48400,,88000,,17600,,44000,,,,,,52800,35200,,,,,,,,,,,,,,,,,,,17600,17600,26400,61600,66000,70400,26400,35200,,,,48400,35200,,,26400,13200,26400,13200,,567600,360800,158400,,,,,35200,30800,13200,171600,250800,154000,13200,35200,35200,17600,8800,17600,8800
Stephanopyxis,Stephanopyxis turris,,,,,,,,,,,,,,,,,,,,,,,,,,,,,,,,,,,,,,,,,,,,,,,,,,,,,,,,,,,4400,,,,,,,,,,,,,,,,,,,,,,,,,,,,,,,,,,,,,,,,,,,,,,,,,,,,,,,,,,,,,,,,,,,,,,,,,,,,,,,,,,,,,,,,,,,,,,,,,,,,,,,,704,,,,,,,,,,,,,,,,,,,,13200,,,,,,,,,,,,,,,,,,,,,,,,,,,,,,,,,,,,,,,,,,,,,,,,,,,,,,,,,
Streptotheca,Streptotheca indica,,,,,,,,,,,,,,,,,,,,,,,,,,,,,,,,,,,,,,,,,,,,,,,,,,,,,,,,,,,,,,,,,,,,,,,,,,,,,,,,,,,,,,,,,,,,,,,,,,,,,,,,,,,,,,,,,,,,,,,,,,,,,,,,,,,,,,,,,,,,,,,,,,,,,,,,,,,,,,,,,,,,,,,,,,,,,,,,,,,,,,,,,,,,,,,,,,,,,,,,,,,,,,,,,,,,,,,,,,,,,,,,,,,,,,,,,,,,,,,,
Surirella,Surirella fluminensis,,,,,,,,,,,,,,,,,,,,,,,,,,,,,,,,,,,,,,,,,,,,,,,,,,,,,,,,,,,,,,,,,,,,,,,,,,,,,,,,,,,,,,,,,,,,,,,,,,,,,,,,,,,,,,,,,,,,,,,,,,,,,,,,,,,,,,,,,,,,,,,,,,,,,,,,,,,,,,,,,,,,,,,,,,,,,,,,,,,,,,,,,,,,,,,,,,,,,,,,,,,,,,,,,,,,,,,,,,,,,,,,,,,,,,,,,,,,,,,,
,Surirella spp.,,,,,,,,,,,,,,,,,,,,,,,,,,,,,,,,,,,,,,704,,,704,,,,,,,,,,,,,,,,,,,,,,,,,,,,,,,,,,,,,,,,,,,,,,,,,,,,,,,,,,,,,,,,,,,,,,,,,,,,,,,,,,,,,,,,,,,,,,,,,,,,,,,,,,,,,,,,,,,,,,,,,,,,,,,,,,,,,,,,,,,,,,,,,,,,,,,,,,,,,,,,,,,,,,,,,,,,,,,,,,,,,,,,,,,,,,,,,,,,,,,
Thalassionema,Thalassionema frauenfeldii,17600,,,,,,,,,,,,,,,,,,,,,,,,,,,,,,,,,,,,,,,,,,,,,,,,,,,,,,,,,,,,,,,,,,,,,,,,,,,,,,,,,,,,,,,,5852,7304,,,,,,,,,,,2904,,,,,,,,,,39600,,,,,,,,,,,,,,,,,,,,,,,,,,,,,,,,,,,,,,,,,,,,,,,,,,,,,8800,,,,,,,,,,,,,,,,,,,5852,,,1452,,,,,,,22000,,,,,,,352,,,,,,,,,,,,17600,,,,,,5852,,,2904,,,,1452,,,,,,39600,,1452,,,,,5852,,1452
,Thalassionema nitzschiodes,,66000,22000,26400,,26400,30800,5852,26400,5852,13200,35200,101200,35200,22000,44000,26400,30800,35200,4400,198000,118800,101200,74800,127600,22000,26400,88000,30800,83600,132000,79200,101200,136400,48400,88000,48400,74800,30800,,167200,105600,167200,145200,140800,321200,61600,189200,74800,70400,374000,594000,220000,338800,272800,400400,180400,96800,44000,,,,,,,,,,,,,,,,,,,,,,171600,145200,198000,259600,356400,523600,404800,550000,338800,224400,325600,475200,233200,330000,378400,418000,655600,572000,312400,224400,,8800,4400,52800,,30800,1452,13200,13200,,,30800,44000,35200,17600,,26400,8800,13200,,,,,22000,101200,13200,,,,,1452,1452,2904,13200,8800,35200,17600,26400,,,,,2904,26400,8800,1452,,,,,5852,1452,1452,,26400,13200,8800,2904,,8800,44000,8800,13200,,1452,,39600,,1452,8800,8800,8800,8800,26400,,,,,2904,,5852,52800,,,22000,17600,13200,1452,2904,,5852,,,4400,,44000,22000,1452,22000,,30800,1452,17600,1452,8800,,2904,,,1452,8800,,2904,,,,5852,1452,,1452,35200,35200,22000,8800,30800,1452,1452,,,,,61600,2904,13200,5852,1452,17600,,,8800
Thalassiosira,"Thalassiosira angulata (large, >20µm)",8800,8800,13200,22000,17600,8800,1452,1452,2904,2904,13200,22000,22000,17600,1452,8800,2904,1452,8800,704,22000,8800,74800,92400,48400,123200,66000,118800,44000,57200,44000,61600,83600,83600,70400,110000,66000,88000,74800,61600,8800,,,,,1452,,2904,704,704,1452,,,8800,704,17600,17600,4400,8800,2904,,,,,,,,,,,,,,,,,,,,,2904,,,,,,,,,,,,,,704,,,,704,2904,616000,316800,321200,114400,2904,,,,,704,114400,110000,277200,2904,,,,,4400,,110000,2904,13200,,,13200,,2904,,,1452,2904,704,,1452,1452,,,352,352,1452,,,,352,,704,,704,,,,352,352,1452,1452,,1452,704,1452,22000,1452,704,,,352,1452,35200,,,,,,,,352,,,352,704,2904,,1452,,704,13200,,,,,1452,352,2904,704,2904,1452,2904,1452,352,352,704,1452,4400,,1452,2904,2904,704,4400,5852,,,704,2904,1452,1452,10252,2904,5852,4400,13200,1452,1452,1452,,704,704,352,352,1452,5852,,2904,17600,1452,2904,704,352,704,2904
,Thalassiosira bioculata,,,,,,,,,,,,,,,,,,,,,,,,,,,,,,,,,,,,,,,,,,,,,,,,,,,,,,,,,,,,,,,,,,,,,,,,,,,,,,,,,,,,,,,,,,,,,,,,,,,,,,,,,,,,,,,,,,,,,,,,,,,,,,,,,,,,,,,,,,,,,,,,,,,,,,,,,,,,,,,,,,,,,,,,,,,,,,,,,,,,,,,,,,,,,,,,,,,,,,,,,,,,,,,,,,,,,,,,,,,,,,,,,,,,,,,,,,,,,,,,
,Thalassiosira eccentrica,,,,,,,,,,,,,,,,,,,,,,,,,,,,,,,,,,,,,,,,,,,,,,,,,,,,,,,,,,,,,,,,,,,,,,,,,,,,,,,,,,,,,,,,,,,,,,,,,,,,,,,,,,,,,,,,,,,,,,,,,,,,,,,,,,,,,,,,,,,,,,,,,,,,,,,,,,,,,,,,,,,,,,,,,,,,,,,,,,,,,,,,,,,,,,,,,,,,,,,,,352,,,,,,,,,,,,,,,,,,,,,,,,,,,,,,,,,,,,,,,
,Thalassiosira hyalina,,,,,,,,,,,,,,,,,,,,,,,,,,,,,,,,,,,,,,,,,,,,,,,,,,,,,,,,,,,,,,,,,,,,,,,,,,,,,,,,,,,,,,,,,,,,,,,,,,,,,,,,,,,,,,,,,,,,,,,,,,,,,,,,,,,,,,,,,,,,,,,,,,,,,,,,,,,,,,,,,,,,,,,,,,,,,,,,,,,,,,,,,,,,,,,,,,,,,,,,,,,,,,,,,,,,,,,,,,,,,,,,,,,,,,,,,,,,,,,,
,Thalassiosira nordenskioldii,,,,,,,,,,,,,,,,,,,,,,,,,,,,,,,,,,,,,,,,,,,,,,,,,,,,,,,,,,,,,,,,,,,,,,,,,,,,,,,,,,,,,,,,,,,,,,,,,,,,,,,,,,,,,,,,,,,,,,,,,,,,,,,,,,,,,,,,,,,,,,,,,,,,,,,,,,,,,,,,,,,,,,,,,,,,,,,,,,,,,,,,,,,,,,,,,,,,,,,,,,,,,,,,,,,,,,,,,,,,,,,,,,,,,,,,,,,,,,,,
,Thalassiosira rotula,,,,,,,,,,,,,,,,,,,,,,,,,,,,,,,,,,,,,,,,,,,,,,,,,,,,,,,,,,,,,,,,,,,,,,,,,,,,,,,,,,,,,,,,,,,,,,,,,,,,,,,,,,,,,,,,,,,,,,,,,,,,,,,,,,,,,,,,,,,,,,,,,,,,,,,,,,,,,,,,,,,,,,,,,,,,,,,,,,,,,,,,,,,,,,,,,,,,,,,,,,,,,,,,,,,,,,,,,,,,,,,,,,,,,,,,,,,,,,,,
,Thalassiosira weissflogii,1452,,,,,2904,,1452,,,1452,704,,,,,,,1452,1452,,,,,4400,8800,,1452,8800,13200,22000,4400,,1452,,,,,,,22000,26400,1452,,,,,,,,1452,,,,,,,,,,,,,,,,,,,,,,,,,,,,,,,,,,,,,,,,,,,,,,,,,,,,,,,,,,,,,,,,,,,,,,88000,,,,,,,,,,,,,,,,,,,,,,,,,,,,704,,,,,,,,,,,,,,,,,,,,,2904,,,,,,,,,,,13200,,,,,,,,,,,,,,,,,,,,,,,,,2904,,,,,,,,,,,,2904,,,17600,8800,,,,,1452,704,,,,13200,,,,,,,,
,auxospore of Thalassiosira,,,,,,,,,,,,,,,,,,,,,,,,,,,,,,,,,,,,,,,,,,,,,,,,,,,,,,,,,,,,,,,,,,,,,,,,,,,,,,,,,,,,,,,,,,,,,,,,,,,,,,,,,,,,,,,,,,,,,,,,,,,,,,,,,,,,,,,,,,,,,,,,,,,,,,,,,,,,,,,,,,,,,,,,,,,,,,,,704,,,,,,,,,,,,,,,,,,,,,,,,,,,,,,,,,,,,,,,,,,,,,,,,,,,,,,,,,,,,,,,,
,"Thalassiosira spp.1 (medium-large, 15-20µm",39600,8800,22000,22000,52800,8800,39600,13200,13200,17600,30800,26400,35200,13200,1452,30800,4400,8800,13200,4400,88000,66000,30800,39600,57200,79200,83600,145200,83600,101200,88000,61600,101200,70400,74800,176000,132000,242000,96800,110000,4400,,,,,26400,1452,22000,26400,22000,4400,4400,13200,17600,1452,57200,17600,44000,22000,26400,,,,,,,,,,,,,,,,,,,,,,,,,,1452,,704,1452,13200,1452,,4400,,,,,,2904,,752400,286000,228800,70400,,1452,704,,2904,,132000,101200,176000,1452,1452,,,4400,,,220000,8800,8800,,,,,,,,22000,26400,5852,4400,13200,17600,8800,,,,39600,,,,2904,,,,4400,,8800,,8800,,1452,1452,,13200,8800,4400,66000,110000,1452,4400,,,8800,8800,1452,4400,13200,1452,1452,8800,13200,704,,,1452,13200,30800,48400,44000,4400,704,4400,1452,1452,704,,8800,4400,1452,,1452,4400,1452,1452,,,2904,1452,1452,,1452,,1452,8800,1452,8800,13200,2904,,1452,8800,1452,8800,4400,8800,,8800,13200,22000,8800,1452,30800,17600,1452,1452,,1452,,1452,22000,13200,1452,13200,1452,1452,
,"Thalassiosira spp.2 (medium-small, 10-15µm)",39600,48400,13200,35200,48400,35200,17600,13200,26400,4400,39600,35200,30800,17600,22000,30800,39600,13200,17600,4400,44000,44000,57200,114400,96800,149600,255200,118800,79200,57200,110000,61600,57200,83600,184800,308000,418000,88000,123200,105600,39600,17600,8800,,1452,26400,4400,22000,61600,66000,35200,4400,26400,30800,8800,61600,70400,66000,44000,17600,,,,,,,,,,,,,,,,,,,,,,,,,,13200,,704,2904,22000,,26400,8800,,,1452,1452,1452,8800,4400,176000,44000,39600,30800,,4400,,,1452,1452,44000,61600,66000,1452,1452,1452,,22000,4400,2904,704000,61600,22000,1452,8800,88000,13200,1452,1452,2904,22000,35200,30800,30800,39600,48400,17600,1452,2904,2904,35200,,8800,,,,,,4400,,8800,8800,4400,8800,17600,8800,8800,8800,13200,8800,154000,66000,1452,,2904,,4400,13200,4400,4400,13200,1452,1452,8800,13200,,,,1452,4400,26400,35200,35200,8800,,,1452,1452,,,8800,4400,,1452,2904,4400,1452,1452,1452,1452,13200,1452,,704,1452,1452,1452,8800,1452,1452,8800,17600,8800,2904,4400,2904,17600,22000,35200,22000,17600,74800,22000,4400,8800,26400,8800,1452,30800,1452,26400,22000,22000,30800,30800,13200,13200,1452,1452,13200
,"Thalassiosira spp.3 (small, <10µm)",39600,35200,22000,22000,8800,22000,22000,17600,22000,26400,13200,8800,17600,13200,22000,8800,22000,26400,8800,17600,88000,16104,13200,66000,48400,79200,44000,57200,22000,22000,39600,39600,88000,48400,110000,352000,264000,176000,22000,17600,44000,52800,70400,8800,8800,22000,8800,8800,39600,8800,26400,13200,8800,8800,8800,35200,22000,44000,22000,13200,,,,,,,,,,,,,,,,,,,,,4400,,,,,8800,8800,13200,17600,8800,,17600,4400,,5852,8800,1452,1452,39600,8800,66000,13200,8800,26400,1452,8800,,,8800,,30800,22000,17600,1452,1452,1452,,26400,17600,,10428000,492800,118800,8800,66000,396000,22000,8800,30800,22000,167200,123200,57200,35200,74800,74800,57200,22000,30800,30800,17600,,39600,22000,4400,110000,30800,,4400,,52800,88000,22000,22000,52800,74800,13200,4400,8800,,506000,374000,30800,4400,,,17600,,4400,,17600,22000,8800,,1452,1452,13200,,1452,17600,52800,8800,17600,4400,,,1452,1452,1452,10252,8800,8800,,1452,1452,13200,1452,8800,8800,1452,22000,57200,13200,,4400,96800,22000,17600,,22000,8800,13200,4400,26400,57200,79200,74800,52800,,48400,101200,158400,48400,26400,17600,48400,48400,44000,22000,13200,22000,52800,35200,26400,35200,26400,176000,26400,35200,8800
Thalassiothrix,Thalassiothrix longissima,,,,,,,,,,,,,,,,,,,,,,,,,,,,,,,,,,,,946000,880000,594000,,,,,,,,,,,,,,,,,,,,,,,,,,,,,,,,,,,,,,,,,,,,,,,,,,,,,,,,,,,,,,,,,,,,,,,,,,,,,,,,,,,,,,,,,,,,,,,,,,,,,,,,,,,,,,,,,,,,,,,,,,,,,,,,,,,,,,,,,,,,,,,,,,,,,,,,,,,,,,,,,,,,,,,,,,,,,,,,,,,,,,,,,,,,,,,,,,,,,,,,,,
Trachyneis,Trachyneis aspera,,,,,,,,,,,,,,,,,,,,,,,,,,,,,,,,,,,,,,,,,,,,,,,,,,,,,,,,,,,,,,,,,,,,,,,,,,,,,,,,,,,,,,,,,,,,,,,,,,,,,,,,,,,,,,,,,,,,,,,,,,,,,,,,,,,,,,,,,,,,,,,,,,,,,,,,,,,,,,,,,,,,,,,,,,,,,,,,,,,,,,,,,,,,,,,,,,,,,,,,,,,,,,,,,,,,,,,,,,,,,,,,,,,,,,,,,,,,,,,,
Triceratium,Triceratium spp.,,,,,,,,,,,,,,,,,,,704,,,,,,,,,,,,,,,,,,,,,,,,,,,,,,,,,,,,,,,,,,,,,,,,,,,,,,,,,,,,,,,,,,,,,,,,,,,,,,,,,,,,,,,,,,,,,,,,,,,,,,,,,,,,,,,,,,,,,,,,,,,,,,,,,,,,,,,,,,,,,,,,,,,,,,,,,,,,,,,,,,,,,,,,,,,,,,,,,,,,,,,,,,,,,,,,,,,,,,,,,,,,,,,,,,,,,,,,,,,,,
Trigonium,Trigonium spp.,,,,,,,,,,,,,,,,,,,,,,,,,,,,,,,,,,,,,,,,,,,,,,,,,,,,,,,,,,,,,,,,,,,,,,,,,,,,,,,,,,,,,,,,,,,,,,,,,,,,,,,,,,,,,,,,,,,,,,,,,,,,,,,,,,,,,,,,,,,,,,,,,,,,,,,,,,,,,,,,,,,,,,,,,,,,,,,,,,,,,,,,,,,,,,,,,,,,,,,,,,,,,,,,,,,,,,,,,,,,,,,,,,,,,,,,,,,,,,,,
Toxarium ,Toxarium spp.,,,,,,,,,,,,,,,,,,,,,,,,,,,,,,,,,,,,,,,,,,,,,,,,,,,,,,,,,,,,,,,,,,,,,,,,,,,,,,,,,,,,,,,,,,,,,,,,,,,,,,,,,,,,,,,,,,,,,,,,,,,,,,,,,,,,,,,,,,,,,,,,,,,,,,,,,,,,,,,,,,,,,,,,,,,,,,,,,,,,,,,,,,,,,,,,,,,,,,,,,,,,,,,,,,,,,,,,,,,,,,,,,,,,,,,,,,,,,,,,
diatom1,"unknown diatom, six-horn star shape, ~10um)",,,,,,,,,,,,,,,,,,,,,,,,,,,,,,,,,,,,,,,,,,,,,,,,,,,,,,,,,,,,,,,,,,,,,,,,,,,,,,,,,,,,,,,,,,,,,,,,,,,,,,,,,,,,,,,,,,,,,,,,,,,,,,,,,,,,,,,,,,,,,,,,,,,,,,,,,,,,,,,,,,,,,,,,,,,,,,,,,,,,,,,,,,,,,,,,,,,,,,,,,,,,,,,,,,,,,,,,,,,,,,,,,,,,,,,,,,,,,,,,
Other diatoms,Other diatoms,,,,,,,,,,,,,,,,,,,,,,,,,,,,,,,,,,,,,,,,,,,,,,,,,,,,,,,,,,,,,,,,,,,,,,,,,,,,,,,,,,,,,,,,,,,,,,,,,,,,,,,,,,,,,,,,,,,,,,,,,,,,,,,,,,,,,,,,,,,,,,,,,,,,,,,,,,,,,,,,,,,,,,,,,,,,,,,,,,,,,,,,,,,,,,,,,,,,,,,,,,,,,,,,,,,,,,,,,,,,,,,,,,,,,,,,,,,,,,,,
,,,,,,,,,,,,,,,,,,,,,,,,,,,,,,,,,,,,,,,,,,,,,,,,,,,,,,,,,,,,,,,,,,,,,,,,,,,,,,,,,,,,,,,,,,,,,,,,,,,,,,,,,,,,,,,,,,,,,,,,,,,,,,,,,,,,,,,,,,,,,,,,,,,,,,,,,,,,,,,,,,,,,,,,,,,,,,,,,,,,,,,,,,,,,,,,,,,,,,,,,,,,,,,,,,,,,,,,,,,,,,,,,,,,,,,,,,,,,,,,,
Dinoflagellate,,,,,,,,,,,,,,,,,,,,,,,,,,,,,,,,,,,,,,,,,,,,,,,,,,,,,,,,,,,,,,,,,,,,,,,,,,,,,,,,,,,,,,,,,,,,,,,,,,,,,,,,,,,,,,,,,,,,,,,,,,,,,,,,,,,,,,,,,,,,,,,,,,,,,,,,,,,,,,,,,,,,,,,,,,,,,,,,,,,,,,,,,,,,,,,,,,,,,,,,,,,,,,,,,,,,,,,,,,,,,,,,,,,,,,,,,,,,,,,,,
Akashiwo,Akashiwo sanguinea,,,,,,,,,,,,,,,,,,,,,,,,,,,,,,,,,,,,,,,,,,,,,,,,,,,,,,,,,,,,,,,,,,,,,,,,,,,,,,,,,,,,,,,,,,,,,,,,,,,,,,,,,,,,,,,,,,,,,,,,,,,,,,,,,,,,,,,,,,,,,,,,,,,,,,,,,,,,,,,352,,352,2904,704,,,,704,,,,,,,,,,,,,,,,,704,,,,,,,,,,,,,,,,,,,,,,,,,,,,,,,,,,,,,,,,,,,,,,,,,,,,,,,,
Alexandrium,Alexandrium spp.,,,,,,,,,,,,,,,,,,,,,1452,,,,,,,,,,4400,,,,,,,,,,704,,2904,,704,,,,,,,,,,,,,,,2904,,,,,,,,,,,,,,,,,,,,,2904,1452,,,,,,,,,1452,,,,,,,,,704,,,,,,,,704,,704,,,704,,,,,,,,2904,,,,,,,352,,352,,,,352,,,,,,,2904,704,352,,,,,,,,,,,,,,,,,,,,,,,,704,704,,,,,,,,,,704,,,352,2904,352,1452,704,352,,,,,,,352,,,,,,352,,352,,,,,,,,,,,,,,,,,,,,,,,,,,,,,,,,,,,176,,,176,
,Alexandrium tamarense,,,,,,,,,,,,,,,,,,,,,,,,,,,,2904,,,,,,,,,,,,,,,,,,,,,,,,,,,,,,,,,,,,,,,,,,,,,,,,,,,,,,,,,,,,,,,,,,,,,,,,,,,,,,,,,,,,,,,,,,,,,,,,,,,,,,,,,,,,,,,,,,,,,,,,,,,,,,,,,,,,,,,,,,,,,,,,,,,,,,,,,,,,,,,,,,,,,,,,,,,,,,,,,,,,,,,,,,,,,,,,,,,,,,,,,,,,,,,,,,,,
Amphidinium,Amphidinium crassum,,704,704,,,,,,,,,,,,,,,,,,,,,,,,,,,,,,,,,,,,,,,,,,,,,,,,,,,,,,,,,,,,,,,,,,,,,,,,,,,,,,,,,,,,,,,,,,,,,,,,,,,,,,,,,,,,,,,,,,,,,,2904,11704,,,704,2904,,,,,,,352,,,,,,,,,,,,,,,,,,,,,,,,,,,,,,,,,,,,,,,,,,,,,,,,,,,,,,,,,,,,,,,,,,,,,,,,,,,,,,,,,,,,,,,,,,,,,,,,,,,,,,,,,,,
Ceratium,Ceratium furca,,,,704,1452,,,,,704,,704,,,,,,,,,,,,,,,,,,,,,704,,,,,,,,1452,,,,,,,,,,,,,,,,,,,,,,,,,,,,,,,,,,,,,,,,,,,1452,1452,2904,,,,1452,,1452,,,,,,,,,30800,17600,30800,35200,8800,,,,1452,1452,17600,35200,13200,,,2904,704,,,,704,,,,,,704,,2904,,,,,352,,,,,,,,,17600,,,,,,,,,,,,,,,,,,2904,,,,,,704,,,,,,,,,,,,,,,,,,,,,,,,,352,,,,,,,,,,,,,,,,,,,,,,,,,,,,,,,,,,,,,,,,,,,,,,,,
,Ceratium fusus,,,,,,,,,,,,,,,,,,,,,,,,,,,,,,,,,,,,,,,,,,,,,,,,,,,,,,,,,,,,,,,,,,,,,,,,,,,,,,,,,,,,,,,,,,,,,,,,,,,,,,,,,,,,,,,,,,,,,,,,,,,,,,,,,,,,,,,,,,,,,,,,,,,,,,,,,,,,,,,,,,,,,,,,,,,,,,,,,,,,,,,,,,,,,,,,,,,,,,,,,,,,,,,,,,,,,,,,,,,,,,,,,,,,,,,,,,,,,,,,
,Ceratium spp.,,,,,,,,,,,,,,,,,,,,,,,,,,,,,,,,,,,,,,,,,,,,,,,,,,,,,,,,,,,,,,,,,,,,,,,,,,,,,,,,,,,,,,,,,,,,,,,,,,,,,,,,,,,,,,,,,,,,,,,,,,,,,,,,,,,,,,,,,,,,,,,,,,,,,,352,,,,,,,,,,,,,,,,,,,,,,,,,,,,,,,,,,,,,,,,,,,,,,,,,,,,,,,,,,,,,,,,,,,,,,,,,,,,,,,,,,,,,,,,,,
Cochlodinium,Cochlodinium spp.,,,,,,,,,,,,,,,,,,,,,,,,,,,,,,,,,,,,,,,,,,,,,,,,,,,,,,,,,,,,,,,,,,,,,,,,,,,,,,,,,704,,,,,,,,,,,,,,,,,,,,704,,,70400,704,,,,,,,,,,,,,,,,,,,,,,,,,,,,,,,,,,,,,,,,,,,,,,,,,,1452,,352,352,,,704,,,,,,704,,,,,352,,,,,704,,352,,,,,,704,,,,,,,,,,,,,,,,,,,,,,,,,,,,,,352,,,176,,,,,,,,,,,,176,,,,704,,,,,,
Coolia,Coolia spp.,,,,,,,,,,,,,,,,,,,,,,,,,,,,,,,,,,,,,,,,,,,,,,,,,,,,,,,,,,,,,,,,,,,,,,,,,,,,,,,,,,,,,,,,,,,,,,,,,,,,,,,,,,,,,,,,,,,,,,,,,,,,,,,,,,,,,,,,,,,,,,,,,,,,,,,,,,,,,,,,,,,,,,,,,,,,,,,,,,,,,,,,,,,,,,,,,,,,,,,,,,,,,,,,,,,,,,,,,,,,,,,,,,,,,,,,,,,,,,,,
Dinophysis,Dinophysis acuminata,,,,,,,,,,,,,,,,,,,,,,,,,,,,,,,,,,704,,,,,,,,704,,,,,704,,,,704,,,704,,,,,,,,,,,,,,,,,,,,,,,,,,,,,,,,,,,,,,,,,,,,,,,,704,2904,704,,,,704,,,,,,,,704,,,,352,352,2904,,352,1452,13200,,,,,,,,,,,,,,,,,704,,,,,,,,,,,,,,,,,,352,704,704,,,,,,,,,,,,,,,,,,,,,,,,,,,,,,,,,,,,,,,,,,,,,,352,,,,,,,,,,,,,,,,,,,,,,,,,,,,,,,
,Dinophysis miles,,,,,,,,,,,,,,,,,,,,,,,,,,,,,,,,,,,,,,,,,,,,,,,,,,,,,,,,,,,,,,,,,,,,,,,,,,,,,,,,,,,,,,,,,,,,,,,,,,,,,,,,70400,,,,,,,,,,,,,,,,,,,,,,,,,,,,,,,,,,,,,,,,,,,,,,,,,,,,,,,,,,,,,,,,,,,,,,,,,,,,,,,,,,,,,,,,,,,,,,,,,,,,,,,,,,,,,,,,,,,,,,,,,,,,,,,,,,,,,,,,
,Dinophysis norvegica,,,,,,,,,,,,,,,,,,,,,,,,,,,,,,,,,,,,,,,,,,,,,,,,,,,,,,,,,,,,,,,,,,,,,,,,,,,,,,,,,,,,,,,,,,,,,,,,,,,,,,,,,,,,,,,,,,,,,,,,,,,,,,,,,,,,,,,,,,,,,,,,,,,,,,,,,,,,,,,,,,,,,,,,,,,,,,,,,,,,,,,,,,,,,,,,,,,,,,,,,,,,,,,,,,,,,,,,,,,,,,,,,,,,,,,,,,,,,,,,
Diplopsalis,Diplopsalis lenticula,,,,,,,,,,,,,,,,,,,,,,,,,,,,,,,,,,,,,,,,,,,,,,,,,,,,,,,,,,,,,,,,,,,,,,,,,,,,,,,,,,,,,,,,,,,,,,,,,,,,,,,,,,,,,,,,,,,,,,,,,704,2904,,,,,,,,,,,,,,,,,,,,,,,,,,,,,,,,,,,,,,,,,,,,,,,,,,,,,,,,,,,,,,,,,,,,,,,,,,,,,,,,,,,,,,,,,,,,,,,,,,,,,,,,,,,,,,,,,,,,,,
Gambierdiscus,Gambierdiscus toxicus,,,,,,,,,,,,,,,,,,,,,,,,,704,,,704,,,704,,,704,704,,,,704,704,704,,,,,,,,,,704,,,704,,1452,704,704,,704,,,,,,,,,,,,,,,,,,,,,,,,,,704,,,,,,,,,,,,,,,,,,,,,,,,,,,,,,,,,,,,352,,,,,,,,,,,,,,,,,,,,,,,,,,,,352,,,,,,,,,,,,,,,,,,,,,,,,,,,,,,,,,,,,,,,,,,,,,,,,,,,,,,,,,,,176,,,,,,,,,,,,,,,,,,,,,,,,,,,176,,,,
Gonyaulax,Gonyaulax spp.,1452,,,,,,,,,,,,,,,,,,,,,,,,,,,,,,,,,,,,,,,,,,,,,,,,,,,,,,,,,,,,,,,,,,,,,,,,,,,,,,,,,,,,,,,,,,,,,,,,,,,,,,,,,,,,,,,,,,,,,,,,,352,,,,,,,,,,,,,,,,,,,704,,,,,,,,,,,,,,,,,,,,,,,,,,,,,,,,,,,,,,,,,,352,13200,,,,,,352,,,,,,,,,,,,,,,,,,,,,,,,,,,,,,,,,,,,,,,,,,,,,,,,,,
,Gonyaulax polygramma,,,,,,,,,,,,,,,,,,,,,,,,,,,,,,,,,,,,,,,,,,,,,,,,,,,,,,,,,,,,,,,,,,,,,,,,,,,,,,,,,,,,,,,,,,,,,,,,,,,,,,,,,,,,,,,,,,,,,,,,,,,,,,,,,,,,,,,,,,,,,,,,,,,,,,,,,,,,,,,,,,,,,,,,,,,,,,,,,,,,,,,,,,,,,,,,,,,,,,,,,,,,,,,,,,,,,,,,,,,,,,,,,,,,,,,,,,,,,,,,
,Gonyaulax verior,,,,,,,,,,,,,,,,,,,,,,,,,,,,,,,,,,,,,,,,,,,,,,,,,,,,,,,,,,,,,,,,,,,,,,,,,,,,,,,,,,,,,,,,,,,,,,,,,,,,,,704,,,,,,,,,,,,,,,,,,,,,,,,,,,,,,,,,,,,,,,,,,,,,,,,,,,,,,,,,,,,704,704,,,,,,,,,,,,,,,,,,,,,,,,,,352,,352,,,,,,,,,,,,,,,,,352,,,,,,,,,,,,,,,,,,,,,,,,,,,,,,,,
Gymnodinium,Gymnodinium spp.,,,1452,,2904,,,,,,,,,,,,,,,,,,,,,,,1452,,,,,,,,,1452,,,,,,,,704,,,704,,,,,,,704,,,,,,,,,,,,,,,,,,,,,,,,,,1452,,,,,8800,,,8800,13200,1452,,,,1452,,,,1452,,35200,39600,39600,22000,8800,,704,,704,,17600,26400,8800,,,704,,,704,,57200,48400,13200,39600,35200,17600,704,2904,5852,13200,5852,,2904,1452,1452,,,,,,57200,374000,704,704,,1452,,,704,1452,,2904,,,352,,,,,1452,17600,30800,13200,,1452,13200,26400,26400,1452,,,,,704,,,,,,,1452,8800,8800,,704,,,,352,,352,1452,1452,,,352,,,,,352,704,,,,4400,,,352,,,704,,,,4400,2904,,,,704,,704,704,,704,2904,,,,704,,704,704,,704,704,704,2904,
Gyrodinium,Gyrodinium instriatum,,,,,,,,,,,,,,,,,,,,,,,,,,,,,,,,,,,,,,,704,,,,,,,,,,,,,,,,,,,,,,,,,,,,,,,,,,,,,,,,,,,,,,,,,,,,,,,,,,,,,,,,,,,,,,,,,,,,,,,,,,,,,,,704,,352,,,,,,,,,,,,,,,,,,,,,,,,,,,,,,,,,,,,,,,,,,,,,,,,,,,,,,,,,,,,,,,,,,,,,,,,,,,,,,,,,,,,,,,,,,,,,,,,,,,,,,,,,,,,,,,,
,Gyrodinium spirale,,,,,,,,,,,,,,,,,704,,,,,,,,,,,,,,,,,,,,,,,,,,,,,,,,,,,,,,,,,,,,,,,,,,,,,,,,,,,,,,,,,,,,,,,,,,704,,,,,,,,,,,,,,704,,,,,2904,,,,,,,,,,,,352,,,,352,,,,,,,,,,,,,,,,,,,,,,,,,,,,,,,,,,,704,,,,,,352,,,,,,,,,,,,,,352,,352,,,,,,,,,,,352,,,,,,,,,,,,1452,,,,,,,,,,,,176,,176,,,,,,,,,,,,,,,,,,,,
Heterocapsa,Heterocapsa triquetra,,,,,,,,,,,,,,,,,,,,,,,,,,,,,,,,,,,,,,,,,,,,,,,,,,,,,,,,,,,,,,,,,,,,,,,,,,,,,,,,,,,,,,,,,,,,,,,,,,,,,57200,4400,,,,,,,,,,,1452,,,,,,704,,26400,13200,26400,,,,8800,704,,,,,,,,,,,,,8800,1452,,,,,,,,1452,,,,,,,,,,,1452,13200,2904,,,,30800,,,,1452,,,,,,,,,,,1452,,,,,,,,,,,,,,,,,,,,,,,,,,,,,,,,,,,,,,,,,,,2904,,,,,,,,,,,,,,,
,Heterocapsa circularisquama,35200,52800,52800,30800,30800,2904,8800,4400,1452,,1452,4400,2904,,,1452,,,1452,1452,8800,,8800,,26400,,35200,,,22000,,,13200,13200,4400,1452,4400,,1452,,22000,2904,1452,,,,,,,,22000,,1452,8800,8800,,1452,,,,,,,,,,,,,,,,,,,,,,,,17600,8800,,1452,,26400,8800,8800,17600,17600,8800,39600,1452,704,17600,17600,22000,22000,,,48400,13200,44000,44000,26400,,,,,1452,13200,,48400,,,,,704,2904,,8800,39600,13200,268400,74800,30800,17600,2904,1452,8800,13200,,,,1452,17600,8800,1452,1452,,17600,,8800,,44000,22000,8800,13200,1452,74800,17600,8800,,1452,,2904,,4400,,,44000,13200,39600,30800,26400,66000,1452,13200,,8800,13200,1452,,,,,,,1452,,13200,57200,92400,,88000,,26400,2904,,2904,,1452,,,1452,,,,704,,2904,1452,2904,1452,1452,8800,2904,,,,,,,,2944,13200,2904,,,,13200,22000,1452,,,1452,17600,1452,2904,,2904,1452,,1452,,,,,,
Karenia,Karenia brevis-like,,,,,,,,,,,,,,,,,,,,,,,,,,,,,,,,,,,,,,,,,,,,,,,,,,,,,,,,,,,,,,,,,,,,,,,,,,,,,,,,,,,,,,,,,,,,,,,,,,,,,,,,,,,,,,,,,,,,,,,,,,,,,,,,,,,,,,,,,,,,,,66000,,,,,,,,,,,,,,,,,,,,4400,,,,,,,,,,,,,,,,,,,,704,704,,,,,,,,,,,,,,,,,,,,,,,,,,,,,,,,,,,,,,,,,,,,,,,,,,,,,,,,,
Katodinium,Katodinium glaucum,,1452,,,,,,,,,,,,,,,,,,,,,,,,,,,,,,,,,704,,,,,,,,,,,,,,,,,,,,,,,,,,,,,,,,,,,,,,,,,,,,,,,,,,,,,,,,,,,,,,,,,,,,704,2904,1452,,,,,,,,,,,,,,,,2904,,704,,,,,,,,,,,,,,,,,,,,,,,,,,,352,352,,,,,,,,,,,,8800,,,,,,,,,,,,,,,,,,,,,,,,,,,,,,,352,,,,,,,,,,,,,,,,,,,,,,,,352,,,,,,,,,352,,,,,,352,,352,,,,,
Noctiluca,Noctiluca scintillans,,,,,,,,,,,,,,,,,,,,,,,,,,,,,,,,,,,,,,,,,,,,,,,,,,,,,,,,,,,,,,,,,,,,,,,,,,,,,,,,,,,,,,,,,,,,,,,,,,,,,,,,,,,,,,,,,,,,,,,,,,,,,,,,,,,,,,,,,,,,,,,,,,,,,,,,,,,,,,,,,,,,,,,,,,,,,,,,,,,,,,,,,,,,,,,,,,,,,,,,,,,,,,,,,,,,,,,,,,,,,,,,,,,,,,,,,,,,,,,,
Oblea ,Oblea rotunda,,,,,,,,,,,,,,,,,,,,,,704,,,,,,,,,,,,704,,,,,,,,,,,704,,,,,,,,,,,,,,,,,,,,,,,,,,,,,,,,,,,,,,,,,,,,,,,,,,,,,,,,704,,,704,,,,,,,,,,,,,,,,,,,,2904,704,704,704,,,,,,,,,,,,,,,,,,,,,,,,,,,,,,,,,,2904,,880,,,,,,,,,,,,,,,,,,704,,,,,704,,,,,,,,,,,,,,,,,,,,,,,,,,,,,,,,,,,,,,,,,,,,,,,,,,,,,,
Oxyrrhis,Oxyrrhis marina,,,,,,,,,,,,,,,,,,,,,,,,,,,,,,,,,,,,,,,,,,,,,,,,,,,,,,,,,,,,,,,,,,,,,,,,,,,,,,,,,,,,,,,,,,,,,,,,,,,,,,,,,,,,,,,,,,,,,,,,,,,,,,,,,,,,,,,,,,,,,,,,,,,,,,,,,,,,,,,,,,,,,,,,,,,,,,,,,,,,,,,,,,,,,,,,352,,,,,,,,,,,,,,,,,,,,,,,,,,,,,,,,,,,,,,,,,,,,,,,,
Oxytoxum,Oxytoxum spp.,,,,,,,,,,,,,,,,,,,,,,,,,,,,,,,,,,,,,,,,,,,,,,,,,,,,,,,,,,,,,,,,,,,,,,,,,,,,,,,,,,,,,,,,,,,,,,,,,,,,,1452,8800,,,,,,,,,,,,,,,,,,,,92400,13200,30800,61600,39600,,2904,,704,,,,,,,,,,,,,,,,,,,,,,,,,,,,,,,,,,,,,,,,,,,,,,,,,,,,,,,,,,,,,,,,,,,,,,,,,,,,,,,,,,,,,,,,,,,,,,,,,,,,,,,,,,,,,,
Peridiniella,Peridiniella spp.,,,,,,,,,,,,,,,,,,,,,,,,,,,,,,,,,,,,,,,,,,,,,,,,,,,,,,,,,,,,,,,,,,,,,,,,,,,,,,,,,,,,,,,,,,,,,,,,,,,,,,,,,,,,,,,,,,,,,,,,,,,,,,,,,,,,,,,,,,,,,,,,,,,,,,,,,,,,,,,,,,22000,,,,,,,,,,,,,,,,,,,,,,,,,,,,,,,,,,,,,,,,,,,,,,,,,,,,,,,,,,,,,,,,,,,,,,,,,,,,,,
Peridinium,Peridinium quinquecorne,,,,,,,,,,,,,,,,,,,,,,,,,,,,,,,,,,,,,,,,,,,,,,,,,,,,,,,,,,,,,,,,,,,,,,,,,,,,,,,,,,,,,,,,,,,,,,,,,,,,,,,,,,,,,,,,,,,,,,,,,,,,,,,,,,,,,,,,,,,,,,,,,,,,,,,,,,,,,,,,,,,,,,,,,,,,,,,,,,,,,,,,,,,,,,,,,,,,,,,,,,,,,,,,,,,,,,,,,,,,,,,,,,,,,,,,,,,,,,,,
,Pfiesteria-like,,,,,,,,,,,,,,,,,,,,,,,,,,,,,,,,,,,,,,,,,,,,,,,,,,,,,,,,,,,,,,,,,,,,,,,,,,,,,,,,,35200,17600,,,2904,13200,,2904,1452,,2904,,,,1452,,,,,,17600,,13200,17600,8800,,2904,,704,,13200,13200,8800,1452,704,704,704,704,,704,,13200,39600,17600,,,1452,1452,,1452,,,704,,,,,1452,,1452,13200,,,,2904,,,,,,13200,,,,,,,352,,,,,22000,,704,,1452,,,,,,,,,,,,,,,,,,,,,,,,,,,,,,,,,,,,,,,,,,,,,,,,704,,,,,,,,,,,,,,,,,,,,,5852,704,,,
Pheopolykrikos ,Pheopolykrikos hartmannii,,,,,,,,,,,,,,,,,,,,,,,,,,,,,,,,,,,,,,,,,,,,,,,,,,,,,,,,,,,,,,,,,,,,,,,,,,,,,,,,,,,,,,,,,,,,,,,,,,,,,,,,,,,,,,,,,,,,,,,,,,,,,,,,,,,,,,,,,,,,,,,,,,,,,,,,,,,,,,,,,,,,,,,,,,,,,,,,,,,,,,,,,,,,,,,,,,,,,,,,,,,,,,,,,,,,,,,,,,,,,,,,,,,,,,,,,,,,,,,,
Polykrikos,Polykrikos spp.,,,,,,,,,,,,,,,,,,,,,,,,,,,,,,,,,,,,,,,,,,,,,,,,,,,,,,,,,,,,,,,,,,,,,,,,,,,,,,,,,,,,,,,,,,,,,,,,,,,,,704,5852,8800,704,,,,,,,,,,,,,,,,,,704,,,,,,,,,,,,,,,,,,,,,,,,,,,,,,,,,,,,,,,704,2904,,,,,,352,,,,,,,,,,,,,,,,,,,,,,,,,,,,,,,352,,,,,,176,,,,,,,,,,,,,,,,,,,,,,,,,,,,,176,,,,,,
Polykrikos,Polykrikos schwarzii,,,,,,,,,,,,,,,,,,,,,,,,,,,,,,,,,,,,,,,,,,,,,,,,,,,,,,,,,,,,,,,,,,,,,,,,,,,,,,,,,,,,,,,,,,,,,,,,,,,,,,,,,,,,,,,,,,,,,,,,,,,,,,,,,,,,,,,,,,,,,,,,,,,,,,,,,,,,,,,,,,,,,,,,,,,,,,,,,,,,,,,,,,,,,,,,,,,,,,,,,,,,,,,,,,,,,,,,,,,,,,,,,,,,,,,,,,,,,,,,
Prorocentrum,Prorocentrum balticum,,,,,,,,,,,,,,,,,,,,,,,,,,,,,,,,,,,,,,,,,,,,,,,,,,,,,,,,,,,,,,,,,,,,,,,,,,,,,,,,,,,,,,,,,,,,,,,,,,,,,,,,,,,,,,,,,,,,,,,,,,,,,,,,,,,,,,,,,,,,,,,,,,,,,,,,,,,,,,,,,352,,,,,,,,,,,,,,,,,,,,,,,,,,,,,,,,,,,,,,,,,,,,,,,,,,,,,,,,,,,,,,,,,,,,,,,,,,,,,,,
,Prorocentrum concavum,,,,,,,,,,,,,,,,,,,,,,,,,,,,,,,,,,,,,,,,,,,,,,,,,,,,,,,,,,,,,,,,,,,,,,,,,,,,,,,,,,,,,,,,,,,,,,,,,,,,,,,,,,,,,,,,,,,,,,,,,,,,,,,,,,,,,,,,,,,,,,2904,,,,,352,,352,,,,,,,,,,,,352,,,,,,,17600,,,,,,,,,,,,,,,,,,,,,,,,,,,,,,,,,,,,,,,,,,,,,,,,,,,,,,,,,,,,,,,,,,,,,,,,
,Prorocentrum dentatum(=P. donghaiense),,,,,,,,,,,,,,,,,,,,,,,,,,,,,,,,,,,,,,,,,,,,,,,,,,,,,,,,,,,,,,,,,,,,,,,,,,,,,,,,,,,,,,,,,,,,,,,,,,,,,,,,,,,,,,,,,,,,,,,,,,,,,,,,,,,,,,,,,,,,,,,,,,,,,,,,,,,,,,,,,,,,,,,,,,,,,,,,,,,,,,,,,,,,,,,,,,,,,,,,,,,,,,,,,,,,,,,,,,,,,,,,,,,,,,,,,,,,,,,,
,Prorocentrum lima,,,,,,,,,,,,,,,,,,,,,,,,,,,,,,,,,704,,,,,,,,,,,,,,,,,,,,,,,,,,,,,,,,,,,,,,,,,,,,,,,,,,,,,,,,,,,,,,,,,,,,,,,,,,,,,,,,,,,,,,,,,,,,,,,,,,,,,,,,,,,,,,,,,,,,,,,,,,,,,,,,,,,,,,,,,,,,,,,,,,,,,,,,,,,,,,,,,,,,,,,,,,,,,,,,,,,,,,,,,,,,,,,,,,,,,,,,,,,,,,,
,Prorocentrum mexicanum,,,,,,,,,,,,,,,,,,,,,,,,,,,,,,,,,,,,,,,,,,,,,,,,,,,,,,,,,,,,,,,,,,,,,,,,,,,,,,,,,,,,,,,,,,,,,,,,,,,,,,,,,,,,,,,,,,,,,,,,,,,,,,,,,,,,,,,,,,,,,,,,,,,,,,,,,,,,,,,,,,,,,5852,1452,704,4400,,,,,,,,,1452,,,352,,,704,,,,352,1452,,,,,,,,,,,,,352,,,,,,,,,,,,,,,,,,,,,,,,,,,,,,,,,,,,,,,
,Prorocentrum micans,,,,,,,,,,,,,,,,,,,,,,,,,,,,,,,,,,,,,,,,,,,,,,,,,,,,,,,,,,,,,,,,,,,,,,,,,,,,,,,,,,,,,,,,,,,,,,,,,,,,,,,,,,,,,,,,,,,,,,,,,,,,,,,,,,352,,,,,,,,,,,,,,,,,,,,,,,,,,,,,,,,,,,,,,,,,,,,,,,,,,,,,,,,,,,,,,,,,,,,,,,,,,,,,,,,,,,,,,,,,,,,,,,,,,,,,,,,,,,,,,
,Prorocentrum minimum,1452,,,,,,,,,,,,,,,,,,,,,,,,,,,,,,,,,,,,,,,,,,,,,,,,,,,,,,,,,,,,,,,,,,,,,,,,,,,,,,,,,,,,,,,,,,1452,,,,,,,,,,180400,26400,79200,44000,5852,,704,,,,8800,,13200,,,704,,,,,17600,92400,167200,88000,88000,30800,17600,2904,7304,17600,,1452,,,,1452,1452,2904,1452,352,96800,88000,140800,39600,,,1452,8800,704,8800,,,,,,,,,,,44000,44000,74800,44000,2904,48400,5852,4400,,,,,,,,,,,,,,,1452,,,2904,,,,,,,,,,,,,,,,,,,,,,,,,,,,,,,,,,,,,,,,,,,176,,,,,,,,,,,
,Prorocentrum sigmoides,,,,,,,,,,,,,,,,,,,,,,,,,,,,,,,,,,,,,,,,,,,,,,,,,,,,,,,,,,,,,,,,,,,,,,,,,,,,,,,,,,,,,,,,,,,,,,,,,,,,,,,,,,,,,,,,,,,,,,,,,,,,,,,,,,,,,,,,,,,,,,,,,,,,,,,,,,,,,,,,,,,,,,,,,,,,,,,,,,,,,,,,,,,,,,,,,,,,,,,,,,,,,,,,,,,,,,,,,,,,,,,,,,,,,,,,,,,,,,,,
,Prorocentrum triestinum,,,,,,,,,,,,,,,,,,,,,,,1452,,,,,,,,,,,,,,,,,,,,,,,,,,,,,,,,,,,,,,,,,,,,,,,,,,,,,,,,,,,,,,,,,,,,,,,,,,,,,,,,,,,,,,,,,,,,,,,,,,,26400,4400,26400,1452,,,,,,,,,,,,,,,,48400,39600,4400,,,,352,,704,,1452,1452,,,,,,,,,22000,26400,30800,17600,1452,2904,,35200,,,,,,,,,,,,1452,704,704,1452,,,,,,,,,,,,,,,,,,,,,,,,,,,,,,,,,,,,,,,,,,,,,176,,,,,,,,,,,,
,Prorocentrum spp.,,,1452,,,,,,,,,,,,,,,,,,,,,,,,,,,,,,,,,,,,,,1452,,,,,,,,,,704,,,,,,,,,,,,,,,,,,,,,,,,,,,,,,,,,,,,,,704,,,,,,,,,,,,,,,,,,,,,,,,,,,,,,,,,,,,8800,,,,,,,,,,,,,,,,,,,,,,,,,,,,,,,,,,,,,,,,,,,,,,,,,,,,,,,,,,,,,,,,,352,,,,,,,,,,,,,,,,,,,,,,,,,,,,,,,,,,,,,,,,,,,,,,,,,,
Protoperidinium,Protoperidinium claudicans,,,,,,,,,,,,,,,,,,,,,,,,,,,,,,,,,,,,,,,,,,,,,,,,,,,,,,,,,,,,,,,,,,,,,,,,,,,,,,,,,,,,,,,,,,,,,,,,,,,,,,,,,,,,,,,,,,,,,,,,,,,,,,,,,,,,,,,,,,,,,,,,,,,,,,,,,,,,,,,,,,,,,,,,,,,,,,,,,,,,,,,,,,,,,,,,,,,,,,,,,,,,,,,,,,,,,,,,,,,,,,,,,,,,,,,,,,,,,,,,
,Protoperidinium conicum,,,,,,,,,,,,,,,,,,,,,,,,,,,,,,,,,,,,,,,,,,,,,,,,,,,,,,,,,,,,,,,,,,,,,,,,,,,,,,,,,,,,,,,,,,,,,,,,,,,,,,,,,,,,,,,,,,,,,,,,,,,,,,,,,,,,,,,,,,,,,,,,,,,,,,,,,,,,,,,,,2904,,,,,,,,,,,,,,,,,,,,,,,,,,,,,,,,,,,,,,,,,,,,,,,,,,,,,,,,,,,,,,,,,,,,,,,,,,,,,,,
,Protoperidinium depressum,,,,,,,,,,,,,,,,,,,,,,,,,,,,,,,,,,,,,,,,,,,,,,,,,,,,,,,,,,,,,,,,,,,,,,,,,,,,,,,,,,,,,,,,,,,,,,,,,,,,,,,,,,,,,,,,,,,,,,,,,,,,,,,,,,,,,,,,,,,,,,,,,,,,,,,,,,,,,,,,,,,,,,,,,,,,,,,,,,,,,,,,,,,,,,,,,,,,,,,,,,,,,,,,,,,,,,,,,,,,,,,,,,,,,,,,,,,,,,,,
,Protoperidinium oblongum,,,,,,,,,,,,,,,,,,,,,,,,,,,,,,,,,,,,,,,,,,,,,,,,,,,,,,,,,,,,,,,,,,,,,,,,,,,,,,,,,,,,,,,,,,,,,,,,,,,,,,,,,,,,,,,,,,,,,,,,,,,,,,,,,,,,,,,,,,,,,,,,,,,,,,,,,,,,,,,,,,,,,,,,,,,,,,,,,,,,,,,,,,,,,,,,,,,,,,,,,,,,,,,,,,,,,,,,,,,,,,,,,,,,,,,,,,,,,,,,
,Protoperidinium oceanicum,,,,,,,,,,,,,,,,,,,,,,,,,,,,,,,,,,,,,,,,,,,,,,,,,,,,,,,,,,,,,,,,,,,,,,,,,,,,,,,,,,,,,,,,,,,,,,,,,,,,,,,,,,,,,,,,,,,,,,,,,,,,,,,,,,,,,,,,,,,,,,,,,,,,,,,,,,,,,,,,,,,,,,,,,,,,,,,,,,,,,,,,,,,,,,,,,,,,,,,,,,,,,,,,,,,,,,,,,,,,,,,,,,,,,,,,,,,,,,,,
,Protoperidinium spp.,,,,,,,,,,,,,,,,,,,,,,,,,,,,,,,,,,,,,,,,,,,,,,,,,,,,704,,,,,,,,,,,,,,,,,,,,,,,,,,,,,,,,,,,,,,,,,,,,,,,,,,,,,,,,,,,,,1452,,,,,,,,,,,,8800,,704,,,,,,,,,,,,,,,,,,,,,,,,,,,,,,,,,,,,,,,,,352,,,,352,,,,1452,,,,,352,352,1452,,,,,,,,,,,,,,,,,,,,,,352,,,,,,,,,,,,,,,,,,,176,,,,,,,,,,,,,,,,
Scrippsiella,Scrippsiella trochoidea,,,,,1452,,,,,,,,,,,,,,,,1452,,,,,,,,,,,,,,,,,,,,,704,,704,,,,,,,2904,704,,,,,,704,,,,,,,,,,,,,,,,,,,,,,,26400,704,,,704,,,,,,7304,1452,,,,,,,,,44000,22000,35200,26400,13200,,,,,2904,8800,1452,,,,,,,,,2904,,13200,22000,8800,5852,2904,1452,1452,,,,,,,,704,,704,,,,,,,,,,,8800,352,,,,,,,,,,22000,1452,,,704,704,1452,70400,,,,,,,,,,,704,,704,,,,,,,,,,,,,,,,,,,,,,,,,352,,,,,,,,,,,352,,352,,,352,,,,,,,,,,,,,,,,,,
Other dinoflagellates,other dinoflagellates,,,,,,,,,,,,,,,,,,,,,,,,,,,,,,,,,,,,,,,,,,,,,,,,,,,,,,,,,,,,,,,,,,,,,,,,,,,,,,,,,,,,,,,,,,,13200,,,,,,,,,,,,,,,,,,,,,,,,,,,,,,,,,,149600,57200,,,,13200,,2904,,,,,,,,,,,,,,,,,,,,,,,,,,,,,,,,,,,,,,,,,,,,,,,,,,,11704,17600,,,,,,,,,,,5852,,,,,1452,,,,,,,,,,,,,,,,,,,,,2904,,,,352,,,,,,1452,,,,,,,,,
,cysts of Lingulodinium polyedra,,,,,,,,,,,,,,,,,,,,,,,,,,,,,,,,,,,,,,,,,,,,,,,,,,,,,,,,,,,,,,,,,,,,,,,,,,,,,,,,,,,,,,,,,,,,,,,,,,,,,,,,,,,,,,,,,,,,,,,,,,,,,,,,,,,,,,,,,,,,,,,,,,,,,,,,,,,,,,,,,,,,,,,,,,,,,,,,,,,,,,,,,,,,,,,,,,,,,,,,,,,,,,,,,,,,,,,,,,,,,,,,,,,,,,,,,,,,,,,,
,cysts,1452,,1452,,,,,,,,,,,,,,,7304,,,,1452,,,,,,,,,1452,,,,,,,,,,,,,,,,,,,,,1452,,,,,,,,,,,,,,,,,,,,,,,,,,,,,13200,,,,,,,,704,,,,,,,,,704,,,,,,,,,,,,,,,,,,,,,704,,,,,,,,,,,,,,,,,,,,,,,,,,,,,,,,,,,,,,,,,,,,,,,13200,8800,,1452,,,,,,1452,,,,,,352,,,,,,,,,,,,,1452,,,,,,,,,,,,,,,,,,,,,,,,704,,,2904,,,,,,,,,,,,,,,,,,,
,,,,,,,,,,,,,,,,,,,,,,,,,,,,,,,,,,,,,,,,,,,,,,,,,,,,,,,,,,,,,,,,,,,,,,,,,,,,,,,,,,,,,,,,,,,,,,,,,,,,,,,,,,,,,,,,,,,,,,,,,,,,,,,,,,,,,,,,,,,,,,,,,,,,,,,,,,,,,,,,,,,,,,,,,,,,,,,,,,,,,,,,,,,,,,,,,,,,,,,,,,,,,,,,,,,,,,,,,,,,,,,,,,,,,,,,,,,,,,,,,
Chlorophyte,Scenedesmus spp.,,,,,,,,,,,,,,,,,,,,,,,,,,,,,,,,,,,,,,,,,,,,,,,,,,,,,,,,,,,,,,,,,,,,,,,,,,,,,,,,,,,,,,,,,,,,,,,,,,,,,,,,,,,,,,,,,,,,,,,,,,,,,,,,,,,,,,,,,,,,,,,,,,,,,,,,,,,,,,,,,,,,,,,,,,,,,,,,,,,,,,,,,,,,,,,,,,,,,,,,,,,,,,,,,,,,,,,,,,,,,,,,,,,,,,,,,,,,,,,,
,Scenedesmus dimorphus,,,,,,,,,,,,,,,,,,,,,,,,,,,,,,,,,,,,,,,,,,,,,,,,,,,,,,,,,,,,,,,,,,,,,,,,,,,,,,,,,,,,,,,,,,,,,,,,,,,,,,,,,,,,,,,,,,,,,,,,,,,,,,,,,,,,,,,,,,,,,,,,,,,,,,,,,,,,,,,,,,,,,,,,,,,,,,,,,,,,,,,,,,,,,,,,,,,,,,,,,,,,,,,,,,,,,,,,,,,,,,,,,,,,,,,,,,,,,,,,
,,,,,,,,,,,,,,,,,,,,,,,,,,,,,,,,,,,,,,,,,,,,,,,,,,,,,,,,,,,,,,,,,,,,,,,,,,,,,,,,,,,,,,,,,,,,,,,,,,,,,,,,,,,,,,,,,,,,,,,,,,,,,,,,,,,,,,,,,,,,,,,,,,,,,,,,,,,,,,,,,,,,,,,,,,,,,,,,,,,,,,,,,,,,,,,,,,,,,,,,,,,,,,,,,,,,,,,,,,,,,,,,,,,,,,,,,,,,,,,,,
Raphidophyte,Chattonella antiqua,,,,,,,,,,,,,,,,,,,,,,,,,,,,,,,,,,,,,,,,,,,,,,,,,,,,,,,,,,,,,,,,,,,,,,,,,,,,,,,,,,,,,,,,,,,,,,,,,,,,,,,,,,,,,,,,,,,,,,,,,,,,,,,,,,,,,,,,,,,,,,,,,,,,,,,,,,,,,,,,,,,,,,,,,,,,,,,,,,,,,,,,,,,,,,,,,,,,,,,,,,,,,,,,,,,,,,,,,,,,,,,,,,,,,,,,,,,,,,,,
,Chattonella marina,,,,,,,,,,,,,,,,,,,,,,,,,,,,,,,,,,,,,,,,,,,,,,,,,,,,,,,,,,,,,,,,,,,,,,,,,,,,,,,,,,,,,,,,,,,,,,,,,,,,,,704,,,,,,,,,,,,,,,,,,,,,,,,,,,,,,,,,,,,,,,,,,,,,,,,,,,,,,,,,,,,,,,,,,,,,,,,,,,,,,,,,,,,,,,,,,,,,,,,,,,,,,,,,,,,,,,,,,,,,,,,,,,,,,,,,,,,,,,,,,
,Chattonella spp.,,,1452,,1452,,,,,,,,,,1452,,704,,,,,,,,,,,,,,,,,,,,,,,,,,,,,,,,,,,,,,,,,,,,,,,,,,,,,,,,,,,,,,,,1452,,,,,,1452,,,704,,,,,,,,,,704,,,,2904,,,,704,,2904,,,,,,,,17600,,,704,,1452,39600,1452,2904,8800,,,,,,1452,,,,,,,,35200,418000,,,,,,,704,2904,,8800,,,,,,,,,,,,,,,,,,,,,,,,,,,,,2904,,2904,,,,,,,,,,,,,,,,,,,,,,,,,,,,,,,,,,,,,,,,,,,,2904,,,,,,,,,,,,,
,Gonyostomum semen,,,,,,,,,,,,,,,,,,,,,,,,,,,,,,,,,,,,,,,,,,,,,,,,,,,,,,,,,,,,,,,,,,,,,,,,,,,,,,,,,,,,,,,,,,,,,,,,,,,,,,,,,,,,,,,,,,,,,,,,,,,,,,,,,,,,,,,,,,,,,,,,,,,,,,,,,,,,,,,,,,,,,,,,,,,,,,,,,,,,,,,,,,,,,,,,,,,,,,,,,,,,,,,,,,,,,,,,,,,,,,,,,,,,,,,,,,,,,,,,
,Heterosigma akashiwo,,,,,,,,,,,,,,,,,,,,,,,,,,,,,,,,,,,,,,,,,,,,,,,,,,,,,,,,,,,,,,,,,,,,,,,,,,,,,,,,,,,,,,,,,,,,,,,,,,,,,35200,,,,,,,,,,,,,,,,,,,,,,,,,,,,,,,,,,,,,,,,44000,413600,17600,,,,,,,,,,,,,,,,,,,,,,,,,,,,,,,,,,,,,,,,,,,,,,,,,,,,,,,,,,,,,,,,,,,,,,,,,,,,,,,,,,,,,,,,,,,,,,,,,
,,,,,,,,,,,,,,,,,,,,,,,,,,,,,,,,,,,,,,,,,,,,,,,,,,,,,,,,,,,,,,,,,,,,,,,,,,,,,,,,,,,,,,,,,,,,,,,,,,,,,,,,,,,,,,,,,,,,,,,,,,,,,,,,,,,,,,,,,,,,,,,,,,,,,,,,,,,,,,,,,,,,,,,,,,,,,,,,,,,,,,,,,,,,,,,,,,,,,,,,,,,,,,,,,,,,,,,,,,,,,,,,,,,,,,,,,,,,,,,,,
Silicoflagellate,Dictyocha speculum,,,,,,,,,,,,,,,,,,,,,,,,,,,,,704,,,,,,,,,,,,,,,,,,,,,,,,,,,,,,,,,,,,,,,,,,,,,,,,,,,,,,,,,,,,,,,,,,,,,,,,,2904,26400,66000,44000,17600,26400,26400,,,,2904,66000,8800,704,30800,17600,13200,1452,,,,,,704,704,,,,,,,352,,,,,352,,,,,,,,,,,,,,,,,,,,,,,,,,,,,,,,,,,,,,,,,,,,,,,,,,,,,,,,,,,,,,,,,,,,,,,,,,,,,,,,,,,,,,,,,,,,,,,,,,,,,,
,Dictyocha fibula,,,,,,,,,,,,,,,,,,,,,,,,,,,,,,,,,,,,,,,,,,,,,,,,,,,,,,,,,,,,,,,,,,,,,,,,,,,,,,,,,,,,,,,,,,,,,,,,,,,,,,,,,,,,,,,,,,,,,,,,,,,,,,,,,,,,,,,,,,,,,,,,,,,,,,,,,,,,,,,,,,,,,,,,,,,,,,,,,,,,,,,,,,,,,,,,,,,,,,,,,,,,,,,,,,,,,,,,,,,,,,,,,,,,,,,,,,,,,,,,
,Ebria tripartita,,,,,,,,,,,,,,,,,,,,,,,,,,,,,,,,,,,,,,,,,,,,,,,,,,,,,,,,,,,,,,,,,,,,,,,,,,,,,,,,,,,,,,,,,,,,,,,,,,704,,,,,,,,,,,,,,,,,,,,,,,,,,,,,,,,,352,,,,,,,,,,,,352,,,,,,,,,,,,,,,,,,,,,,,,,,,,,,,,,,,,,,,,,,,,,,,,352,352,,,,,,,,,,,,,,,,,,,,,,,,,,,,,,,,,,,,,,,,,,,,,,,,
,,,,,,,,,,,,,,,,,,,,,,,,,,,,,,,,,,,,,,,,,,,,,,,,,,,,,,,,,,,,,,,,,,,,,,,,,,,,,,,,,,,,,,,,,,,,,,,,,,,,,,,,,,,,,,,,,,,,,,,,,,,,,,,,,,,,,,,,,,,,,,,,,,,,,,,,,,,,,,,,,,,,,,,,,,,,,,,,,,,,,,,,,,,,,,,,,,,,,,,,,,,,,,,,,,,,,,,,,,,,,,,,,,,,,,,,,,,,,,,,,
Prasinophyte,Pyramimonas spp.,,,,,1452,,,,,,,,,,,,,,,,,,,,,,,,,,,,,,,,,,,,,,,,,,,,,,,,,,,,,,,,,,,,,,,,,,,,,,,,,,,,13200,132000,,8800,1452,22000,70400,1452,,17600,,,,,,8800,,,,,39600,22000,158400,132000,,,,704,1452,1452,,88000,,1452,,704,,,,,26400,,1452,136400,,,22000,74800,13200,44000,,,,1452,,,,8800,,1452,35200,,13200,,220000,22000,8800,66000,,96800,,,,,,,,1452,,,88000,66000,44000,61600,52800,35200,17600,66000,,26400,,,,,,,,,,,17600,132000,22000,132000,66000,8800,26400,,1452,,,,,,,,,,,,22000,22000,8800,1452,35200,,,,,352,,,,,4400,4400,,2904,,,,1452,,,,,26400,17600,1452,,,,,,,,1452,,,
,Halosphaera spp.,,,,,,,,,,,,,,,,,,,,,,,,,,,,,,,,,,,,,,,,,,,,,,,,,,,,,,,,,,,,,,,,,,,,,,,,,,,,,,,,,,,,,,,,,,,,,,,,,,,,,,,,,,,,,,,,,,,,,,,,,,,,,,,,,,,,,,,,,,,,,,,,,,,,,,,,,,,,,,,,,,,,,,,,,,,,,,,,,,,,,,,,,,,,,,,,,,,,,,,,,,,,,,,,,,,,,,,,,,,,,,,,,,,,,,,,,,,,,,,,
,,,,,,,,,,,,,,,,,,,,,,,,,,,,,,,,,,,,,,,,,,,,,,,,,,,,,,,,,,,,,,,,,,,,,,,,,,,,,,,,,,,,,,,,,,,,,,,,,,,,,,,,,,,,,,,,,,,,,,,,,,,,,,,,,,,,,,,,,,,,,,,,,,,,,,,,,,,,,,,,,,,,,,,,,,,,,,,,,,,,,,,,,,,,,,,,,,,,,,,,,,,,,,,,,,,,,,,,,,,,,,,,,,,,,,,,,,,,,,,,,
Cryptophyte,Hemiselmis spp.,,,,,,,,,,,,,,,,,,,,,,,,,,,,,,,,,,,,,,,,,,,,,,,,,,,,,,,,,,,,,,,,,,,,,,,,,,,,,,,,,,,,,,,,,,,,,,,,,,,,,,,,,,,,,,,,,,,,,,,,,,,,,,,,,,,,,,,,,,,,,,,,,,,,,,,,,,,,,,,,,,,,,,,,,,,,,,,,,,,,,,,,,,,,,,,,,,,,,,,,,,,,,,,,,,,,,,,,,,,,,,,,,,,,,,,,,,,,,,,,
,Rhodomonas spp.,,,,,,,,,,,,,,,,,,,,,,,,,,,,,,,,,,,,,,,,,,,,,,,,,,,,,,,,,,,,,,,,,,,,,,,,,,,,,,,,,,,,,,,,,,,,,,,,,,,,,,,,,,,,,,,,,,,,,,,,,,,,,,,,,,,,,,,,,,,,,,,,,,,,,,,,,,,,,,,,,,,,,,,,,,,,,,,,,,,,,,,,,,,,,,,,,,,,,,,,,,,,,,,,,,,,,,,,,,,,,,,,,,,,,,,,,,,,,,,,
,Teleaulax spp.,44000,26400,13200,,26400,1452,8800,17600,8800,8800,44000,13200,8800,13200,8800,,1452,4400,8800,17600,13200,4400,13200,17600,8800,8800,22000,8800,22000,8800,8800,8800,17600,35200,44000,,,,8800,26400,,26400,1452,,8800,,1452,8800,,,26400,8800,8800,22000,30800,8800,1452,,,,,,,,,,,,,,,,,,,,,,,,48400,484000,,22000,176000,92400,215600,22000,17600,,132000,132000,22000,22000,57200,118800,83600,96800,8800,,44000,88000,48400,44000,,8800,26400,8800,,8800,13200,8800,22000,,1452,17600,30800,17600,,,26400,13200,8800,74800,22000,132000,26400,52800,35200,44000,30800,13200,176000,17600,8800,44000,26400,13200,22000,13200,,,,,,616000,39600,39600,30800,264000,,,,,,,,1452,4400,,154000,176000,44000,,22000,13200,39600,17600,44000,30800,132000,,,,,,,,8800,13200,44000,101200,22000,22000,8800,,35200,8800,35200,1452,22000,8800,,1452,,,,13200,,1452,171600,79200,26400,13200,57200,30800,22000,8800,13200,2904,22000,13200,22000,,17600,8800,13200,48400,26400,17600,88000,8800,26400,13200,48400,70400,132000,30800,17600,13200,30800,22000,30800,13200,8800,17600,13200,22000,17600,4400
,,,,,,,,,,,,,,,,,,,,,,,,,,,,,,,,,,,,,,,,,,,,,,,,,,,,,,,,,,,,,,,,,,,,,,,,,,,,,,,,,,,,,,,,,,,,,,,,,,,,,,,,,,,,,,,,,,,,,,,,,,,,,,,,,,,,,,,,,,,,,,,,,,,,,,,,,,,,,,,,,,,,,,,,,,,,,,,,,,,,,,,,,,,,,,,,,,,,,,,,,,,,,,,,,,,,,,,,,,,,,,,,,,,,,,,,,,,,,,,,,
Ochrophyte (diatoms excluded),Ochromonas spp.,22000,22000,44000,,44000,17600,13200,8800,,,88000,,22000,22000,8800,17600,132000,22000,1452,66000,88000,22000,220000,88000,22000,22000,,22000,,,44000,22000,88000,66000,,66000,88000,,,,22000,132000,22000,88000,88000,22000,44000,66000,8800,22000,132000,66000,66000,88000,88000,52800,22000,22000,,,,,,,,,,,,,,,,,,,,,,,132000,220000,308000,220000,220000,264000,74800,132000,132000,44000,792000,572000,528000,176000,44000,220000,220000,220000,44000,88000,132000,264000,308000,22000,198000,22000,193600,215600,66000,22000,22000,,396000,22000,22000,88000,44000,176000,,8800,220000,66000,66000,22000,,22000,22000,79200,66000,,132000,13200,13200,22000,66000,,22000,8800,22000,8800,88000,968000,836000,132000,616000,176000,,8800,22000,22000,220000,132000,44000,132000,44000,22000,22000,,88000,22000,198000,220000,220000,88000,,,8800,22000,,,132000,132000,,,132000,22000,,,,,176000,,66000,22000,66000,44000,,,,1452,220000,13200,,88000,22000,22000,,,,,8800,,66000,8800,66000,,22000,22000,,,22000,,22000,,,,,8800,,,,1452,,1452,,,,,,,,1452,,22000,22000,17600,,,,
,Ochromonas danica,,,,,,,,,,,,,,,,,,,,,,,,,,,,,,,,,,,,,,,,,,,,,,,,,,,,,,,,,,,,,,,,,,,,,,,,,,,,,,,,,,,,,,,,,,,,,,,,,,,,,,,,,,,,,,,,,,,,,,,,,,,,,,,,,,,,,,,,,,,,,,,,,,,,,,,,,,,,,,,,,,,,,,,,,,,,,,,,,,,,,,,,,,,,,,,,,,,,,,,,,,,,,,,,,,,,,,,,,,,,,,,,,,,,,,,,,,,,,,,,
,,,,,,,,,,,,,,,,,,,,,,,,,,,,,,,,,,,,,,,,,,,,,,,,,,,,,,,,,,,,,,,,,,,,,,,,,,,,,,,,,,,,,,,,,,,,,,,,,,,,,,,,,,,,,,,,,,,,,,,,,,,,,,,,,,,,,,,,,,,,,,,,,,,,,,,,,,,,,,,,,,,,,,,,,,,,,,,,,,,,,,,,,,,,,,,,,,,,,,,,,,,,,,,,,,,,,,,,,,,,,,,,,,,,,,,,,,,,,,,,,
Haptophyte,Chrysochromulina polylepis,,,,,,,,,,,,,,,,,,,,,,,,,,,,,,,,,,,,,,,,,,,,,,,,,,,,,,,,,,,,,,,,,,,,,,,,,,,,,,,,,,,,,,,,,,,,,,,,,,,,,,,,,,,,,,,,,,,,,,,,,,,,,,,,,,,,,,,,,,,,,,,,,,,,,,,,,,,,,,,,,,,,,,,,,,,,,,,,,,,,,,,,,,,,,,,,,,,,,,,,,,,,,,,,,,,,,,,,,,,,,,,,,,,,,,,,,,,,,,,,
,Chrysochromulina sp.,,,,,,,,,,,,,,,,,,,,,,,,,,,,,,,,,,,,,,,,,,,,,,,,,,,,,,,,,,,,,,,,,,,,,,,,,,,,,,,,,,,,,,,,,,,,,,,,,,,,,,,,,,,,,,,,,,,,,,,,,,,,,,,,,,,,,,,,,,,,,,,,,,,,,,,,,,,,,,,,,,,,,,,,,,,,,,,,,,,,,,,,,,,,,,,,,,,,,,,,,,,,,,,,,,,,,,,,,,,,,,,,,,,,,,,,,,,,,,,,
,Phaeocystis globosa,,,,,,,,,,,,,,,,,,,,,,,,,,,,,,,,,,,,,,,,,,,,,,,,,,,,,,,,,,,,,,,,,,,,,,,,,,,,,,,,,,,,,,,,,,,,,,,,,,,,,,,,,,,,,,,,,,,,,,,,,,,,,,,,,,,,,,,,,,,,,,,,,,,,,,,,,,,,,,,,,,,,,,,,,,,,,,,,,,,,,,,,,,,,,,,,,,,,,,,,,,,,,,,,,,,,,,,,,,,,,,,,,,,,,,,,,,,,,,,,
,Phaeocystis sp.,,,,,,,,,,,,,,,,,,,,,,,,,,,,,,,,,,,,,,,,,,,,,,,,,,,,,,,,,,,,,,,,,,,,,,,,,,,,,,,,,,,,,,,,,,,,,,,,,,,,,,,,,,,,,,,,,,,,,,,,,,,,,,,,,,,,,,,,,,,,,,,,,,,,,,,,,,,,,,,,,,,,,,,,,,,,,,,,,,,,,,,,,,,,,,,,,,,,,,,,,,,,,,,,,,,,,,,,,,,,,,,,,,,,,,,,,,,,,,,,
,,,,,,,,,,,,,,,,,,,,,,,,,,,,,,,,,,,,,,,,,,,,,,,,,,,,,,,,,,,,,,,,,,,,,,,,,,,,,,,,,,,,,,,,,,,,,,,,,,,,,,,,,,,,,,,,,,,,,,,,,,,,,,,,,,,,,,,,,,,,,,,,,,,,,,,,,,,,,,,,,,,,,,,,,,,,,,,,,,,,,,,,,,,,,,,,,,,,,,,,,,,,,,,,,,,,,,,,,,,,,,,,,,,,,,,,,,,,,,,,,
Euglenozoa,Eutreptiella spp. ,,,,,,,,704,,,,,,,,,,,,,,,,,,,,,,,,,,,,,,,,,,,,,,,,,,,,,,,,,,,,,,,,,,,,,,,,,,,,,,,,,,,,,,,,,,,,,,,,,,,,,,,13200,,,,,,,,,,,,,,,,,,704,,,2904,1452,,,,,,,,,,1452,,,704,,,17600,101200,,,,,,,,1452,,,,,,,,,,704,,,,,,,,,,,,,,,,,,,,,,,2904,,,,,,,,,,,,,,,,,,,,,,,,,,,,,,,,,,,,,,352,,,,,,,,,,,,,,,,,,,
,,,,,,,,,,,,,,,,,,,,,,,,,,,,,,,,,,,,,,,,,,,,,,,,,,,,,,,,,,,,,,,,,,,,,,,,,,,,,,,,,,,,,,,,,,,,,,,,,,,,,,,,,,,,,,,,,,,,,,,,,,,,,,,,,,,,,,,,,,,,,,,,,,,,,,,,,,,,,,,,,,,,,,,,,,,,,,,,,,,,,,,,,,,,,,,,,,,,,,,,,,,,,,,,,,,,,,,,,,,,,,,,,,,,,,,,,,,,,,,,,
Unknown flagellates,Small flagellates,,,,,,,,,,,,,,8800,,,,,,,,,,,,,,,,,22000,,,,,,,,,,,,,,,,,,,,,,,,,,,,,,,,,,,,,,,,,,,,,,,,,,,,,,,,,,,,22000,8800,,,,,,,,,22000,,,22000,,,,1452,1452,,,,,1452,,,,,,,,17600,22000,,22000,,,,,,,,,,,,,,,,,,,,88000,22000,,,,,,,,,,,,,,,,,,,,,,,,,,,,,,,,,,,8800,,,,,,,,,,,,,,,,,,,,,,,,,,,,,,,,,,,,,,,,,,,,,,,,,,,,,,,,,,,
,,,,,,,,,,,,,,,,,,,,,,,,,,,,,,,,,,,,,,,,,,,,,,,,,,,,,,,,,,,,,,,,,,,,,,,,,,,,,,,,,,,,,,,,,,,,,,,,,,,,,,,,,,,,,,,,,,,,,,,,,,,,,,,,,,,,,,,,,,,,,,,,,,,,,,,,,,,,,,,,,,,,,,,,,,,,,,,,,,,,,,,,,,,,,,,,,,,,,,,,,,,,,,,,,,,,,,,,,,,,,,,,,,,,,,,,,,,,,,,,,
unknown1,tear drop (Ochromonas?Tetraselmis?)(4x8 um),,,,,,,,,,,,,,,,,,,,,,,,,,,,,,,,,,,,,,,,,,,,,,,,,,,,,,,,,,,,,,,,,,,,,,,,,,,,,,,,,,,,,,,,,,,,,,,,,,,,,,,,,,,,,,,,,,,,,,,,,,,,,,,,,,,,,,,,,,,,,,,,,,,,,,,,,,,,,,,,,,,,,,,,,,,,,,,,,,,,,,,,,,,,,,,,,,,,,,,,,,,,,,,,,,,,,,,,,,,,,,,,,,,,,,,,,,,,,,,,
unknown2,Pear shaped,,,,,,,,,,,,,,,,,,,,,,,,,,,,,,,,,,,,,,,,,,,,,,,,,,,,,,,,,,,,,,,,,,,,,,,,,,,,,,,,,,,,,,,,,,,,,,,,,,,,,,,,,,,,,,,,,,,,,,,,,,,,,,,,,,,,,,,,,,,,,,,,,,,,,,,,,,,,,,,,,,,,,,,,,,,,,,,,,,,,,,,,,,,,,,,,,,,,,,,,,,,,,,,,,,,,,,,,,,,,,,,,,,,,,,,,,,,,,,,,
nanoplankton,"small  cells (2-4um), often stained brown",220000,132000,352000,22000,44000,132000,176000,132000,132000,22000,132000,220000,220000,220000,308000,132000,308000,176000,88000,44000,264000,22000,66000,220000,264000,132000,132000,176000,88000,220000,220000,264000,220000,308000,176000,572000,748000,308000,88000,132000,264000,308000,22000,44000,220000,132000,44000,22000,22000,176000,132000,154000,44000,352000,176000,176000,44000,88000,44000,22000,,,,,,,,,,,,,,,,,,,,,1276000,1892000,660000,836000,880000,704000,528000,572000,264000,132000,3036000,1496000,660000,484000,528000,616000,1144000,440000,132000,88000,1584000,1452000,880000,1540000,968000,132000,352000,220000,264000,176000,1144000,616000,1716000,1012000,264000,264000,176000,264000,176000,44000,616000,748000,440000,1848000,1584000,1892000,220000,396000,132000,660000,924000,924000,616000,528000,396000,440000,396000,88000,132000,132000,1364000,2640000,1144000,2376000,1056000,1716000,396000,484000,44000,440000,1320000,1232000,1452000,1012000,704000,660000,220000,88000,176000,132000,968000,1144000,352000,132000,440000,440000,264000,132000,88000,308000,748000,308000,220000,396000,220000,264000,264000,132000,88000,44000,792000,704000,352000,308000,396000,352000,44000,22000,118800,22000,836000,352000,132000,308000,88000,88000,22000,22000,22000,22000,484000,176000,352000,176000,88000,176000,132000,22000,132000,22000,176000,132000,132000,44000,264000,176000,352000,132000,22000,22000,220000,132000,132000,88000,22000,88000,88000,132000,88000,22000,88000,132000,264000,132000,352000,176000,220000,22000,176000,22000
unknown3,"irregular small dark strain cells (close to a triangle, 2-4um)",,,,,,,,,,,,,,,,,,,,,,,,,,,,,,,,,,,,,,,,,,,,,,,,,,,,,,,,,,,,,,,,,,,,,,,,,,,,,,,,,,,,,,,,,,,,,,,,,,,,,,,,,,,,,,,,,,,,,,,,,,,,,,,,,,,,,,,,,,,,,,,,,,,,,,,,,,,,,,,,,,,,,,,,,,,,,,,,,,,,,,,,,,,,,,,,,,,,,,,,,,,,,,,,,,,,,,,,,,,,,,,,,,,,,,,,,,,,,,,,
,Total cell abundance,13505008,13150060,10941964,6380704,1861816,1631520,384208,350416,585772,448580,6852164,7853868,5318764,2467608,1028764,1642564,631972,345972,326876,640024,7753416,4661712,3562526,3351304,3933424,5582016,2958912,5242468,4049408,2304676,7751172,4869304,5591564,6940780,5490364,19320312,11591756,13070068,3982572,5779928,3190484,3764068,1434312,1157112,862972,1476860,380468,816772,337920,654764,2917684,2630364,1352252,1666764,1178364,1938860,1011824,1564068,1611016,336468,,,,,,,,,,,,,,,,,,,,,7910320,7969060,1843600,1971156,1653564,1681460,1321452,1374164,839432,687016,7392572,3005156,1550164,1027312,1064316,1410904,2198504,1419616,610676,491216,6924720,5086928,5037208,3346684,1300772,281512,653224,490424,426536,240988,1967416,1299364,4529712,1188572,324720,463980,359920,618068,273328,78716,16272740,2252976,1891208,3263612,4262720,5048076,1705572,2149884,1346268,1767568,1355068,1171720,917136,866008,651112,763312,660660,349272,685828,382580,2592260,5409712,2306216,2628956,2043360,2688312,487212,641564,159984,1022824,1684408,1537008,1563804,1216908,889108,804364,307208,138028,323268,212916,9169996,4093276,1784068,924616,651684,883036,872740,1952016,401808,767712,1227512,539616,322872,505164,499268,371184,429616,533764,234476,239976,1538900,1408088,2362844,1419264,2058276,3597616,412412,82676,214324,63976,1350932,545468,374572,650232,258720,636856,330528,76868,172480,58784,925584,470316,592064,411312,376112,439428,294184,171864,288244,96052,520916,411224,438768,312796,613840,450516,668888,373648,152020,186120,1289156,930116,509256,258456,138820,288068,415580,292996,268400,111716,531608,639496,627132,330000,553300,368324,541552,125180,310772,118492
,,,,,,,,,,,,,,,,,,,,,,,,,,,,,,,,,,,,,,,,,,,,,,,,,,,,,,,,,,,,,,,,,,,,,,,,,,,,,,,,,,,,,,,,,,,,,,,,,,,,,,,,,,,,,,,,,,,,,,,,,,,,,,,,,,,,,,,,,,,,,,,,,,,,,,,,,,,,,,,,,,,,,,,,,,,,,,,,,,,,,,,,,,,,,,,,,,,,,,,,,,,,,,,,,,,,,,,,,,,,,,,,,,,,,,,,,,,,,,,,,
,,,,,,,,,,,,,,,,,,,,,,,,,,,,,,,,,,,,,,,,,,,,,,,,,,,,,,,,,,,,,,,,,,,,,,,,,,,,,,,,,,,,,,,,,,,,,,,,,,,,,,,,,,,,,,,,,,,,,,,,,,,,,,,,,,,,,,,,,,,,,,,,,,,,,,,,,,,,,,,,,,,,,,,,,,,,,,,,,,,,,,,,,,,,,,,,,,,,,,,,,,,,,,,,,,,,,,,,,,,,,,,,,,,,,,,,,,,,,,,,,
,,,,,,,,,,,,,,,,,,,,,,,,,,,,,,,,,,,,,,,,,,,,,,,,,,,,,,,,,,,,,,,,,,,,,,,,,,,,,,,,,,,,,,,,,,,,,,,,,,,,,,,,,,,,,,,,,,,,,,,,,,,,,,,,,,,,,,,,,,,,,,,,,,,,,,,,,,,,,,,,,,,,,,,,,,,,,,,,,,,,,,,,,,,,,,,,,,,,,,,,,,,,,,,,,,,,,,,,,,,,,,,,,,,,,,,,,,,,,,,,,
,,,,,,,,,,,,,,,,,,,,,,,,,,,,,,,,,,,,,,,,,,,,,,,,,,,,,,,,,,,,,,,,,,,,,,,,,,,,,,,,,,,,,,,,,,,,,,,,,,,,,,,,,,,,,,,,,,,,,,,,,,,,,,,,,,,,,,,,,,,,,,,,,,,,,,,,,,,,,,,,,,,,,,,,,,,,,,,,,,,,,,,,,,,,,,,,,,,,,,,,,,,,,,,,,,,,,,,,,,,,,,,,,,,,,,,,,,,,,,,,,
, ,,,,,,,,,,,,,,,,,,,,,,,,,,,,,,,,,,,,,,,,,,,,,,,,,,,,,,,,,,,,,,,,,,,,,,,,,,,,,,,,,,,,,,,,,,,,,,,,,,,,,,,,,,,,,,,,,,,,,,,,,,,,,,,,,,,,,,,,,,,,,,,,,,,,,,,,,,,,,,,,,,,,,,,,,,,,,,,,,,,,,,,,,,,,,,,,,,,,,,,,,,,,,,,,,,,,,,,,,,,,,,,,,,,,,,,,,,,,,,,,