"(Note: S: surface water sample, B: bottom water sample; cell concentration (including in the supplemental tables) is cells per liter of water (Cells/L)","Cell abundance (cells/L). Note: In this report, when a species' cell abundance is 4-7 e^5 cells/L, it is called a minor bloom; when the concentration is 7-13 e^5 cells/L, it is a regular bloom; if it is >13 e^5 cells/L, it is considered a major bloom. When the total cell abundance is 3-6 e^5 cells/L, it is considered a low cell abundance; when the concentration is < 3 e^5 cells/L, it is considered a very low cell abundance. ",A4S Note: Major Skeletonema spp. and minor Chaetoceros spp. blooms,B3S Note: Minor Skeletonema spp. bloom,"C1S Note: Minor Skeletonema spp. bloom, minor Chaetoceros spp. bloom",D3S,E1S,F2S Note: regular Skeletonema spp. bloom,H4S Note: regular Skeletonema spp. bloom,I2S Note: Major Skeletonema spp. bloom,"J2S Note: Minor Skeletonema spp. bloom, debris",K2S Note: Low cell abundance,A4B Note: Major Skeletonema spp. bloom,"B3B Note: Major Skeletonema spp. bloom, debris",C1B Note: Major Skeletonema spp. bloom,D3B Note: Major Skeletonema spp. bloom,E1B Note: Major Skeletonema spp. bloom,F2B Note: Major Skeletonema spp. bloom,H4B Note: Major Skeletonema spp. bloom; debris,I2B Note: Major Skeletonema spp. and minor Asterionellopsis glacialis blooms; debris,"J2B Note: Minor Skeletonema spp. bloom, debris",K2B,"A4S NOTE: Regular bloom of  Dactyliosolen fragilissimus, minor blooms of Cerataulina pelagica and Guinardia delicatula","B3S NOTE: Regular bloom of  Dactyliosolen fragilissimus, minor blooms of Cerataulina pelagica and Guinardia delicatula","C1S NOTE: regular bloom of Dactyliosolen fragilissimus, minor bloom of Guinardia delicatula",D3S NOTE: low cell abundance,E1S NOTE: Very low cell abundance,F2S,H4S NOTE: low cell abundance,I2S Note: Very Low cell abundance,J2S NOTE: low cell abundance,K2S Note: Very Low cell abundance,A4B ,B3B ,C1B,D3B NOTE: Low cell abundance,E1B NOTE: Very low cell abundance,F2B NOTE: Low cell abundance,H4B NOTE: Low cell abundance,I2B,J2B NOTE: Low cell abundance,K2B NOTE: Very low cell abundance ,A4S Note: Very Low cell abundance,B3S,C1S NOTE: low cell abundance ,D3S Note: Very Low cell abundance,E1S NOTE: low cell abundance ,F2S Note: Very Low cell abundance,H4S,I2S NOTE: low cell abundance ,J2S Note: Very Low cell abundance,K2S Note: Very Low cell abundance,A4B NOTE: Very low cell abundance ,B3B NOTE: Low cell abundance ,C1B NOTE: low cell abundance ,D3B NOTE: Very low cell abundance ,E1B NOTE: Low cell abundance ,F2B NOTE: low cell abundance ,H4B NOTE: low cell abundance ,I2B NOTE: low cell abundance ,J2B NOTE: low cell abundance   ,K2B Note: Low cell abundance,A4S,B3S,C1S,D3S,E1S Note: Low cell abundance,F2S Note: Low cell abundance,H4S Note: Very low cell abundance,I2S Note: Very low cell abundance,"J2S Note: Some debris, low cell abundance",K2S Note: Very low cell abundance ,A4B Note: Large amount of debris,B3B Note: Very low cell abundance; large amount of debris,C1B Note: Low cell abundance; debris,D3B Note: Low cell abundance; debris,"E1B Note: Large amount of debris, very low cell abundance","F2B Note: Large amount of debris, low cell abundance","H4B Note: debris, low cell abundance",I2B Note: Low cell abundance,"J2B Note: Debris, very low cell abundance",K2B Note: Very low cell abundance ,"A4S Note:  Regular blooms of small-sized Thalassiosira spp.3 and Ochromonas spp., and minor bloom of medium-sized Thalassiosira spp.2 (10-15µm) ","B3S Note:  Minor Thalassiosira spp.3 (small, <10µm) and Ochromonas spp. Blooms",C1S Note:  Minor Ochromonas spp. Bloom,"D3S Note:  Major Thalassiosira spp.3 (small, <10µm) bloom","E1S Note: Major Thalassiosira spp.3 (small, <10µm) bloom",F2S Note: low cell abundance,"H4S Note:  Major Thalassiosira spp.3 (small, <10µm) bloom","I2S Note: Major Thalassiosira spp.3 (small, <10µm) bloom",J2S  Note: Minor Ochromonas spp. bloom,K2S Note: low cell abundance,A4B Note: Large amount of debris; minor Ochromonas spp. bloom,B3B Note: low cell abundance,"C1B Note: debris, low cell abundance",D3B Note: Large amount of debris,"E1B Note: Large amount of debris, low cell abundance","F2B Note: Debris, low cell abundance","H4B Note: Debris, very low cell abundance","I2B Note: Debris, low cell abundance",J2B  Note: Very low cell abundance,K2B  Note: Very low cell abundance,"A4S Note: Major bloom of Skeletonema spp, minor blooms of Teleaulax spp., Dactyliosolen fragilissimus and Nitzschia longissima","B3S Note: Regular bloom of Skeletonema spp., minor blooms of Nitzschia longissima, Teleaulax spp. and Eutreptiella spp.",C1S ,D3S  Note: low cell abundance,E1S Note: low cell abundance,F2S,H4S,I2S Note: low cell abundance,J2S,K2S Note: very low cell abundance,A4B Note: Debris.,B3B Note: Large amount of debris,"C1B Note: Large amount of debris, low cell abundance",D3B Note: Very low cell abundance,E1B Note: Debris,F2B Note: low cell abundance,H4B Note: very low cell abundance,I2B Note: Very low cell abundance,J2B Note: Very low cell abundance,K2B Note: very low cell abundance,A4S,"B3S Note: Major bloom of Thalassiosira spp.3 (small, <10µm)","C1S Note: Major bloom of Thalassiosira spp.3 (small, <10µm)","D3S Note: Major bloom of Thalassiosira spp.3 (small, <10µm), regular bloom of Pyramimonas spp.",E1S Note: low cell abundance,F2S,H4S  Note: low cell abundance,I2S,J2S  Note: low cell abundance,K2S  Note: Very low cell abundance,"A4B Note: Large amount of debris, low cell abundance","B3B Note: Debris, low cell abundance","C1B Note: Debris, very low cell abundance","D3B Note: Large amount of debris, low cell abundance","E1B Note: Debris, very low cell abundance","F2B Note: Debris, very low cell abundance",H4B Note: Very low cell abundance,I2B Note: Very low cell abundance,J2B  Note: Very low cell abundance,K2B Note: Very low cell abundance,A4S,B3S Note: very low cell abundance,C1S,D3S NOTE: minor bloom of Chaetoceros spp.,E1S Note: Regular bloom of Chaetoceros spp.,F2S Note: Regular bloom of Chaetoceros spp.,H4S Note: Major bloom of Chaetoceros spp.,I2S Note: Regular bloom of Chaetoceros spp.,J2S Note: Regular bloom of Chaetoceros spp.,K2S Note: Major bloom of Chaetoceros spp.,"A4B Note: Debris, low cell abundance","B3B Note: Debris, low cell abundance",C1B Note: very low cell abundance,D3B Note: Minor bloom of Chaetoceros spp.,E1B Note: Regular bloom of Chaetoceros spp.,F2B Note: Major bloom of Chaetoceros spp.,H4B Note: Regular bloom of Chaetoceros spp.,"I2B NOTE: Debris, regular bloom of Chaetoceros spp.",J2B Note: Regular bloom of Chaetoceros spp.,K2B Note: Regular bloom of Chaetoceros spp.,A4S Note: Very low cell abundance,B3S Note: Low cell abundance,C1S Note: Very low cell abundance,D3S Note: Very low cell abundance,E1S Note: Very low cell abundance,F2S Note: Very low cell abundance,H4S Note: Very low cell abundance,I2S Note: Very low cell abundance  ,J2S Note: Very low cell abundance,K2S Note: Very low cell abundance,A4B Note: Very low cell abundance,B3B Note: low cell abundance,C1B Note: Very low cell abundance,D3B Note: Debris; very low cell abundance,E1B Note: Debris; very low cell abundance,F2B Note: Very low cell abundance,H4B Note: Debris; very low cell abundance,I2B Note: Very low cell abundance  ,J2B Note: Very low cell abundance,K2B Note: Very low cell abundance,A4S Note: Minor Skeletonema spp. bloom,B3S Note: Major skeletonema spp. bloom,C1S Note: minor Skeletonema spp. bloom,D3S low cell abundance,E1S  low cell abundance,"F2S  Note: Very low cell abundance, debris","H4S Note: Very low cell abundance, debris",I2S Note: Very low cell abundance,"J2S Note: Very low cell abundance, debris",K2S Note: Very low cell abundance,"A4B Note: Minor Skeletonema spp. bloom, debris","B3B Note: Regular Skeletonema spp. bloom, debris","C1B Note: Minor Skeletonema spp. bloom, debris","D3B Note: Debris, very low cell abundance",E1B Very low cell abundance,"F2B Note: Very low cell abundance, debris","H4B Note: Very low cell abundance, debris",I2B Note: Very low cell abundance,J2B Note: Very low cell abundance,K2B Note: Very low cell abundance
Phylum,Species,3/10/21,3/10/21,3/10/21,3/10/21,3/9/21,3/9/21,3/9/21,3/8/21,3/8/21,3/8/21,3/10/21,3/10/21,3/10/21,3/10/21,3/9/21,3/9/21,3/9/21,3/8/21,3/8/21,3/8/21,4/7/21,4/7/21,4/7/21,4/7/21,4/7/21,4/8/21,4/8/21,4/6/21,4/6/21,4/6/21,4/7/21,4/7/21,4/7/21,4/7/21,4/7/21,4/8/21,4/8/2021,4/6/21,4/6/21,4/6/21,5/6/21,5/6/21,5/6/21,5/6/21,5/4/21,5/4/21,5/4/21,5/6/21,5/6/21,5/6/19,5/6/21,5/6/21,5/6/21,5/6/21,5/4/21,5/4/21,5/4/21,5/6/21,5/6/21,5/6/21,6/8/21,6/8/21,6/8/21,6/8/21,6/9/21,6/3/21,6/3/21,6/3/21,6/3/21,6/3/21,6/8/21,6/8/21,6/8/21,6/8/21,6/9/21,6/3/21,6/3/21,6/3/21,6/3/21,6/3/21,7/8/21,7/8/21,7/8/21,7/12/21,7/12/21,7/12/21,7/12/21,7/6/21,7/6/21,7/6/21,7/8/21,7/8/21,7/8/21,7/12/21,7/12/21,7/12/21,7/12/21,7/6/21,7/6/21,7/6/21,8/3/21,8/3/21,8/3/21,8/3/21,8/4/21,8/4/21,8/11/20,8/3/21,8/3/21,8/3/21,8/3/21,8/3/21,8/3/21,8/3/21,8/4/21,8/4/21,8/4/21,8/3/21,8/3/21,8/3/21,8/31/21,8/31/21,8/31/21,8/31/21,8/31/21,9/1/21,9/1/21,8/30/21,8/30/21,8/30/21,8/31/21,8/31/21,8/31/21,8/31/21,8/31/21,9/1/21,9/1/21,8/30/21,8/30/21,8/30/21,10/5/21,10/5/21,10/5/21,10/5/21,10/5/21,10/7/21,10/7/21,10/7/21,10/4/21,10/4/21,10/5/21,10/5/21,10/5/21,10/5/21,10/5/21,10/7/21,10/7/21,10/7/21,10/4/21,10/4/21,11/8/21,11/8/21,11/8/21,11/8/21,11/9/21,11/9/21,11/9/21,11/4/21,11/4/21,11/4/21,11/8/21,11/8/21,11/8/21,11/8/21,11/9/21,11/9/21,11/9/21,11/4/21,11/4/21,11/4/21,12/7/21,12/7/21,12/7/21,12/7/21,12/8/21,12/8/21,12/8/21,12/2/21,12/2/21,12/2/21,12/7/21,12/7/21,12/7/21,12/7/21,12/8/21,12/8/21,12/8/21,12/2/21,12/2/21,12/2/21
Genus,,,,,,,,,,,,,,,,,,,,,,,,,,,,,,,,,,,,,,,,,,,,,,,,,,,,,,,,,,,,,,,,,,,,,,,,,,,,,,,,,,,,,,,,,,,,,,,,,,,,,,,,,,,,,,,,,,,,,,,,,,,,,,,,,,,,,,,,,,,,,,,,,,,,,,,,,,,,,,,,,,,,,,,,,,,,,,,,,,,,,,,,,,,,,,,,,,,,,,,,,
,,,,,,,,,,,,,,,,,,,,,,,,,,,,,,,,,,,,,,,,,,,,,,,,,,,,,,,,,,,,,,,,,,,,,,,,,,,,,,,,,,,,,,,,,,,,,,,,,,,,,,,,,,,,,,,,,,,,,,,,,,,,,,,,,,,,,,,,,,,,,,,,,,,,,,,,,,,,,,,,,,,,,,,,,,,,,,,,,,,,,,,,,,,,,,,,,,,,,,,,,
Diatom,,,,,,,,,,,,,,,,,,,,,,,,,,,,,,,,,,,,,,,,,,,,,,,,,,,,,,,,,,,,,,,,,,,,,,,,,,,,,,,,,,,,,,,,,,,,,,,,,,,,,,,,,,,,,,,,,,,,,,,,,,,,,,,,,,,,,,,,,,,,,,,,,,,,,,,,,,,,,,,,,,,,,,,,,,,,,,,,,,,,,,,,,,,,,,,,,,,,,,,,,
Achnanthes,Achnanthes spp.,,,,,,,,,,,,,,,,,176,,,,,,,,,,,,,,,,,,,,,,44,484,,,,,,,,,,,,,,,,,44,,,,,,,,,,,,88,,,44,,,,44,,,,,,,,,,,,,,88,,,,,,,,,,,,,,,,,,,,,,,,44,,,,,,,,,,,,44,,,,,,,,,,,,,,,,,,,,,,,,,,,,,,,,,,,,,,,,,,,,,,,,,,,,,,,,,,,,,,,,,,,,,,,,,,
Actinocyclus,Actinocyclus spp.,,,,,,,,,,,,,,,,,,,,,,,,,,,,,,,,,,,,,,,,,,,,,,,,,,,,,,,,,,,,,,,,,,,,,,,,,,,,,,,,,,,,,,,,,,,,,,,,,,,,,,,,,,,,,,,,,,,,,,,,,,,,,,,,,,,,,,,,,,,,,,,,,,,,,,,,,,,,,,,,,,,,,,,,,,,,,,,,,,,,,,,,,,88,,,,44,,,,,,88,,,,
Actinoptychus,Actinoptychus senarius,,,,,,,,,,,,,,,,,,,,,,,,,,,,,,,,,,,,,,,,,,,,,,,,,,,,,,,,,,,,,,,,,,,,,,,,,,,,,,,,,,,,,,,,,,,,,,,,,,,,,,,,,,,,,,,,,,,,,,,,,,,,,,,,,,,,,,,,,,,,,,,,,,,,,,,,,,,,,,,,,,,,,,,,,,,,,,,,,,,,,,,,,,,,,,,,,,,,,,,,
,Actinoptychus undulatus,,,,,,,,,,,,,,,,,,,,,,,,,,,,,,,,,,,,,,,,,,,,,,,,,,,,,,,,,,,,,,,,,,,,,,,,,,,,,,,,,,,,,,,,,,,,,,,,,,,,,,,,,,,,,,,,,,,,,,,,,,,,,,,,,,,,,,,,,,,,,,,,,,,,,,,,,,,,,,,,,,,,,,,,,,,,,,,,,,,,,,,,,,,,,,,,,,,,,,,,
Amphiprora,Amphiprora spp.,,,,,,,,,,,,,,,,,,,,,,,,,,,,,,,,,,,,,,,,,,,,,,,,,,,,,,,,,,,,,,,,,,,,,,,,,,,,,,,,,,,,,,,,,,,,,,,,,,,,,,,,,,,,,,,,,,,,,,,,,,,,,,,,,,,,,,,,,,,,,,,,,,,,,,,,,,,,,,,,,,,,,,,,,,,,,,,,,,,,,,,,,,,,,,,,,,,,,,,,
,Amphora spp.,,,,,,,,,,,,,,,,,,,,,,,,,,,,,,,,,,,,,,,,,,,,,,,,,,,,,,,,,,,,,,,,,,,,,,,,,,,,,,,,,,,,,,,,,,,,,,,,,,,,,,,,,,,,,,,,,44,,,,,,,,,,,,,,,,,,,,,,,,,,,,,,,,,,,,,,,,,,,,,,,,,,,,,,,,,,,,,,,,,,,,,,,,,,,,,,,,,,,,,,,
Asterionellopsis,"Asterionellopsis glacialis (Asterionella glacialis Castracane 1886 , A. japonica Cleve 1882)",101200,44000,48400,17600,35200,26400,2904,44000,360800,70400,,70400,70400,26400,17600,17600,180400,448800,286000,158400,8800,1452,,,,,,,2904,1452,,1452,,,,,,1452,2904,,,,,,,,,704,,,,,,,,,,,13200,,,,,1452,,30800,,,704,,,,,,,8800,,,704,,,,,1452,,26400,,,,1452,,,,,,,1452,,26400,1452,,,,,,,,,2904,,,,,,,,,,352,352,,,,,,,,,,,,,,,,,,,,352,,,,,,,,,704,2904,,,,,,,,,704,2904,,,,,,,,,,,,,,,,,,,,,,,,,,,,,,,,,,,,,,,,
Asteroplanus,Asteroplanus karianus,,,,,,,,,,,,,,,,,,,,,,,,,,,,,,,,,,,,,,,,,,,,,,,,,,,,,,,,,,,,,,,,,,,,,,,,,,,,,,,,,,,,,,,,,,,,,,,,,,,,,,,,,,,,,,,,,,,,,,,,,,,,,,,,,,,,,,,,,,,,,,,,,,,,,,,,,,,,,,,,,,,,,,,,,,,,,,,,,,,,,,,,,,,,,,,,,,,,,,,,
Bacillaria,Bacillaria paxillifer,,,,,,,,,,,,,,,,,,,,,,,,,,,,,,,,,,,,,,,,,,,,,,,,,,,,,,,,,,,,,,,,,,,,,,,,,,,,,,,,,,,,,,,,,,,,,,,,,,,,,,,,,,,,,,,,,,,,,,,,,,,,,,,,,,,,,,,,,,,,,,,,,,,,,11704,,,,,,,,,,,,,,,,,,,,5852,,1452,,,,,,,,,44000,,,,,,,,,,,,,,,,,,,,
Bacteriastrum,Bacteriastrum spp.,,,,,,,,,,,,,,,,,,,,,,,,,,,,,,,,,,,,,,,,,,,,,,,,,,,,,,,,,,,,,,,,,,,,,,,,,,,,,,,,,,,,,,,,,,,,,,,,,,,,,,,,,,,,,,,,,,,,,,,,,,,,,,,,,,,,,,,,,,,,,,,,,,,,,,,,,,,,44,,,,,,,,,,,,,,,704,,,44,,,,,,,,,,,,,,,,,,,,,,,,,,
Biddulphia,Biddulphia spp.,,,,,,,,,,,,,,,,,,,,,,,,,,,,,,,,,,,,,,,,,,,,,,,,,,,,,,,,,,,,,,,,,,,,,,,,,,,,,,,,,,,,,,,,,,,,,,,,,,,,,,,,,,,,,,,,,,,,,,,,,,,,,,,,,,,,,,,,,,,,,,,,,,,,,,,,,,,,,,,,,,,,,,,,,,,,,,,,,,,,,,,,,,,,,,,,,,,,,,,,
Cerataulina,Cerataulina pelagica,2904,,,13200,,2904,,2904,2904,,22000,44000,35200,,,,17600,,17600,1452,418000,422400,334400,2904,,,,,,,22000,2904,,,,,,,,,,,,,,,,,,,,,,,,,,,,,,,,,,,,,,,,,,,,,,,,,,,,,,,,,,,,,,,,,,,,,,,,,,,,,,,,,,,,,,,,,,,,,,,,,,,,,,,,,,,,352,,26400,,1452,2904,,,,,,,2904,8800,,,,2904,2904,,,,1452,,352,,,,,,,,352,352,,,,,,,,1452,,,,,,,,,,,,352,,,,352,352,1452,
Chaetoceros,Chaetoceros compressus,,,,,,,,,,,,,,,,,,,,,,,,,,,,,,,,,,,,,,,,,,,,,,,,,,,,,,,,,,,,,,,,,,,,,,,,,,,,,,,,,,,,,,,,,,,,,,,,,,,,,,,,,,,,,,,,,,,,,,,,,,,,,,,,,,,,,,,,,,,,,,,,,,,,,,,,,,,,,,,,,,,,,,,,,,,,,,,,,,,,,,,,,,,,,,,,,,,,,,,,
,resting spores of Chaetoceros compressus,,,,,,,,,,,,,,,,,,,,,,,,,,,,,,,,,,,,,,,,,,,,,,,,,,,,,,,,,,,,,,,,,,,,,,,,,,,,,,,,,,,,,,,,,,,,,,,,,,,,,,,,,,,,,,,,,,,,,,,,,,,,,,,,,,,,,,,,,,,,,,,,,,,,,,,,,,,,,,,,,,,,,,,,,,,,,,,,,,,,,,,,,,,,,,,,,,,,,,,,
,Chaetoceros constrictus,,,,,,,,,,,,,,,,,,,,,,,,,,,,,,,,,,,,,,,,,,,,,,,,,,,,,,,,,,,,,,,,,,,,,,,,,,,,,,,,,,,,,,,,,,,,,,,,,,,,,,,,,,,,,,,,,,,,,,,,,,,,,,,,,,,,,,,,,,,,,,,,,,,,,,,,,,,,,,,,,,,,,,,,,,,,,,,,,,,,,,,,,,,,,,,,,,,,,,,,
,Chaetoceros curvisetus,,,,,,,,,,,,,,,,,,,,,,,,,,,,,,,,,,,,,,,,,,,,,,,,,,,,,,,,,,,,,,,,,,,,,,,,,,,,,,,,,,,,,,,,,,,,,,,,,,,,,,,,,,,,,,,,,,,,,,,,,,,,,,,,,,,,,,,,,,,,,,,,,,,,,,,,,,,,,,,,,,,,,,,,,,,,,,,,,,,,,,,,,,,,,,,,,,,,,,,,
,Chaetoceros danicus,1452,2904,2904,2904,30800,2904,1452,352,704,,13200,,,,,,,,,,,,,,,,,,,,,,,,,,,,,,,,,,,,,,,,,,,,,,,,,,,,,,,,,,,,,,,,,,,,,,,,,,,,,,,,,,,,,,,,,,,,,,,,,,,,,,,,,,,,,,,,,,,,,,,,,,,,,,,,,,,,,,,,,,,,,,,,,,,,,,,,,,,,,,,,,,,,,,,,,,1452,1452,,,,,,,,,,,,,,,1452,,,
,Chaetoceros decipiens,,,,,,,,,,,,,,,,,,,,,,,,,,,,,,,,,,,,,,,,,,,,,,,,,,,,,,,,,,,,,,,,,,,,,,,,,,,,,,,,,,,,,,,,,,,,,,,,,,,,,,,,,,,,,,,,,,,,,,,,,,,,,,,,,,,,,,,,,,,,,,,,,,,,,,,,,,,,,,,,,,,,,,,,,,,,,,,,,,,,,,,,,,,,,,,,,,,,,,,,
,Chaetoceros didymus,,,,,,,,,,,,,,,,,,,,,,,,,,,,,,,,,,,,,,,,,,,,,,,,,,,,,,,,,,,,,,,,,,,,,,,,,,,,,,,,,,,,,,,,,,,,,,,,,,,,,,,,,,,,,,,,,,,,,,,,,,,,,,,,,,,,,,,,,,,,,,,,,,,,,,,,,,,,,,,,,,,,,,,,,,,,,,,,,,,,,,,,,,,,,,,,,,,,,,,,
,resting spores of Chaetoceros didymus,,,,,,,,,,,,,,,,,,,,,,,,,,,,,,,,,,,,,,,,,,,,,,,,,,,,,,,,,,,,,,,,,,,,,,,,,,,,,,,,,,,,,,,,,,,,,,,,,,,,,,,,,,,,,,,,,,,,,,,,,,,,,,,,,,,,,,,,,,,,,,,,,,,,,,,,,,,,,,,,,,,,,,,,,,,,,,,,,,,,,,,,,,,,,,,,,,,,,,,,
,Chaetoceros distans,,,,,,,,,,,,,,,,,,,,,,,,,,,,,,,,,,,,,,,,,,,,,,,,,,,,,,,,,,,,,,,,,,,,,,,,,,,,,,,,,,,,,,,,,,,,,,,,,,,,,,,,,,,,,,,,,,,,,,,,,,,,,,,,,,,,,,,,,,,,,,,,,,,,,,,,,,,,,,,,,,,,,,,,,,,,,,,,,,,,,,,,,,,,,,,,,,,,,,,,
,Chaetoceros eibenii,,,,,,,,,,,,,,,,,,,,,,,,,,,,,,,,,,,,,,,,,,,,,,,,,,,,,,,,,,,,,,,,,,,,,,,,,,,,,,,,,,,,,,,,,,,,,,,,,,,,,,,,,,,,,,,,,,,,,,,,,,,,,,,,,,,,,,,,,,,,,,,,,,,,,,,,,,,,,,,,,,,,,,,,,,,,,,,,,,,,,,,,,,,,,,,,,,,,,,,,
,Chaetoceros lorenzianus,,,,,,,,,,,,,,,,,,,,,,,,,,,,,,,,,,,,,,,,,,,,,,,,,,,,,,,,,,,,,,,,,,,,,,,,,,,,,,,,,,,,,,,,,,,,,,,,,,,,,,,,,,,,,,,,,,,,,,,,,,,,,,,,,,,,,,,,,,,,,,,,,,,,,,,,,,,,,,,,,,,,,,,,,,,,,,,,,,,,,,,,,,,,,,,,,,,,,,,,
,resting spores of Chaetoceros lorenzianus,,,,,,,,,,,,,,,,,,,,,,,,,,,,,,,,,,,,,,,,,,,,,,,,,,,,,,,,,,,,,,,,,,,,,,,,,,,,,,,,,,,,,,,,,,,,,,,,,,,,,,,,,,,,,,,,,,,,,,,,,,,,,,,,,,,,,,,,,,,,,,,,,,,,,,,,,,,,,,,,,,,,,,,,,,,,,,,,,,,,,,,,,,,,,,,,,,,,,,,,
,Chaetoceros pseudocurvisetus,,,,,,,,,,,,,,,,,,,,,,,,,,,,,,,,,,,,,,,,,,,,,,,,,,,,,,,,,,,,,,,,,,,,,,,,,,,,,,,,,,,,,,,,,,,,,,,,,,,,,,,,,,,,,,,,,,,,,,,,,,,,,,,,,,,,,,,,,,,,,,,,,,,,,,,,,,,,,,,,,,,,,,,,,,,,,,,,,,,,,,,,,,,,,,,,,,,,,,,,
,Chaetoceros rostratus,,,,,,,,,,,,,,,,,,,,,,,,,,,,,,,,,,,,,,,,,,,,,,,,,,,,,,,,,,,,,,,,,,,,,,,,,,,,,,,,,,,,,,,,,,,,,,,,,,,,,,,,,,,,,,,,,,,,,,,,,,,,,,,,,,,,,,,,,,,,,,,,,,,,,,,,,,,,,,,,,,,,,,,,,,,,,,,,,,,,,,,,,,,,,,,,,,,,,,,,
,Chaetoceros simplex,,,,,,,,,,,,,,,,,,,,,,,,,,,,,,,,,,,,,,,,,,,,,,,,,,,,,,,,,,,,,,,,,,,,,,,,,,,,,,,,,,,,,,,,,,,,,,,,,,,,,,,,,,,,,,,,,,,,,,,,,,,,,,,,,,,,,,,,,,,,,,,,,,,,,,,,,,,,,,,,,,,,,,,,,,,,,,,,,,,,,,,,,,,,,,,,,,,,,,,,
,Chaetoceros socialis,,,,,,,,,,,,,,,,,,,,,,,,,,,,,,,,,,,,,,,,,,,,,,,,,,,,,,,,,,,,,,,,,,,,,,,,,,,,,,,,,,,,,,,,,,,,,,,,,,,,,,,,,,,,,,,,,,,,,,,,,,,,,,,,,,,,,,,,,,,,,,,,,,,,,,,,,,,,,,,,,,,,,,,,,,,,,,,,,,,,,,,,,,,,,,,,,,,,,,,,
,Chaetoceros teres,,,,,,,,,,,,,,,,,,,,,,,,,,,,,,,,,,,,,,,,,,,,,,,,,,,,,,,,,,,,,,,,,,,,,,,,,,,,,,,,,,,,,,,,,,,,,,,,,,,,,,,,,,,,,,,,,,,,,,,,,,,,,,,,,,,,,,,,,,,,,,,,,,,,,,,,,,,,,,,,,,,,,,,,,,,,,,,,,,,,,,,,,,,,,,,,,,,,,,,,
,Chaetoceros spp.,418000,356400,470800,202400,105600,48400,61600,17600,22000,,321200,136400,123200,70400,35200,17600,26400,101200,118800,66000,39600,,,1452,,2904,10252,,,,2904,,,,,,,,2904,,,,5852,,,,5852,5852,,1452,,,,,,,,,79200,,5852,,,22000,,,352,,7304,,,,,,,7304,1452,2904,,,61600,,,35200,44000,5852,48400,7304,48400,30800,,,,,,,,,,,17600,,17600,,,162800,2904,,22000,2904,26400,,,,,,,,,1452,,,,,2904,,44000,,704,,,,,,,,,,5852,1452,13200,26400,66000,435600,1056000,814000,1315600,928400,1095600,1482800,13200,79200,26400,444400,704000,1412400,1298000,1042800,858000,1086800,22000,26400,8800,13200,,2904,22000,5852,,13200,2904,17600,30800,11704,13200,10252,,2904,8800,,,,13200,10252,2904,8800,1452,5852,,,,,2904,1452,7304,,,10252,,2904
,resting spores of Chaetoceros spp.,,,,,,,,,,,,,,,,,,,,,,,,,,,,,,,,,,,,,,,,,,,,,,,,,,,,,,,,,,,,,,,,,,,,,,,,,,,,,,,,,,,,,,,,,,,,,,,,,,,,,,,,,,,,,,,,,,,,,,,,,,,,,,,,,,,,,,,,,,,,,,,,,,,,,,,,,,,,,,,,,,,,,,,,,,,,,,,,,,,,,,,,,,,,,,,,,,,,,,,,
Climacosphenia,Climacosphenia moniligera,,,,,,,,,,,,,,,,,,,,,,,,,,,,,,,,,,,,,,,,,,,,,,,,,,,,,,,,,,,,,,,,,,,,,,,,,,,,,,,,,,,,,,,,,,,,,,,,,,,,,,,,,,,,,,,,,,,,,,,,,,,,,,,,,,,,,,,,,,,,,,,,,,,,,,,,,,,,,,,,,,,,,,,,,,,,,,,,,,,,,,,,,,,,,,,,,,,,,,,,
Corethron,Corethron hystrix,,,,,,,,,,,,,,,,,,,,,,,,,,,,,,,,,,,,,,,,,,,,,,,,,,,,,,,,,,,,,,,,,,,,,,,,,,,,,,,,,,,,,,,,,,,,,,,,,,,,,,,,,,,,,,,,,,,,,,,,,,,,,,,,,,,,,,,,,,,,,,,,,,,,,,,,,,,,,,,,,,,,,,,,,,,,,,,,,,,,,,,,,,,,,,,,,,,,,,,,
,Corethron criophlium,,,,,,,,,,,,,,,,,,,,,,,,,,,,,,,,,,,,,,,,,,,,,,,,,,,,,,,,,,,,,,,,,,,,,,,,,,,,,,,,,,,,,,,,,,,,,,,,,,,,,,,,,,,,,,,,,,,,,,,,,,,,,,,,,52800,101200,,,,,,,352,1452,96800,35200,,352,8800,,352,2904,2904,,2904,,,,8800,88,,,2904,704,,,352,2904,1452,88,352,,2904,,,,5852,2904,352,88,,,,,,,,,,,,,,,,,,,,,,,,,,
Coscinodiscus,Coscinodiscus asteromphalus,,,,,,,,,,,,,,,,,,,,,,,,,,,,,,,,,,,,,,,,,,,,,,,,,,,,,,,,,,,,,,,,,,,,,,,,,,,,,,,,,,,,,,,,,,,,,,,,,,,,,,,,,,,,,,,,,,,,,,,,,,,,,,,,,,,,,,,,,,,,,,,,,,,,,,,,,,,,,,,,,,,,,,,,,,,,,,,,,,,,,,,,,,,,,,,,,,,,,,,,
,Coscinodiscus bipartitus,,,,,,,,,,,,,,,,,,,,,,,,,,,,,,,,,,,,,,,,,,,,,,,,,,,,,,,,,,,,,,,,,,,,,,,,,,,,,,,,,,,,,,,,,,,,,,,,,,,,,,,,,,,,,,,,,,,,,,,,,,,,,,,,,,,,,,,,,,,,,,,,,,,,,,,,,,,,,,,,,,,,,,,,,,,,,,,,,,,,,,,,,,,,,,,,,,,,,,,,
,Coscinodiscus blandus,,,,,,,,,,,,,,,,,,,,,,,,,,,,,,,,,,,,,,,,,,,,,,,,,,,,,,,,,,,,,,,,,,,,,,,,,,,,,,,,,,,,,,,,,,,,,,,,,,,,,,,,,,,,,,,,,,,,,,,,,,,,,,,,,,,,,,,,,,,,,,,,,,,,,,,,,,,,,,,,,,,,,,,,,,,,,,,,,,,,,,,,,,,,,,,,,,,,,,,,
,Coscinodiscus concinus,,,,,,,,,,,,,,,,,,,,,,,,,,,,,,,,,,,,,,,,,,,,,,,,,,,,,,,,,,,,,,,,,,,,,,,,,,,,,,,,,,,,,,,,,,,,,,,,,,,,,,,,,,,,,,,,,,,,,,,,,,,,,,,,,,,,,,,,,,,,,,,,,,,,,,,,,,,,,,,,,,,,,,,,,,,,,,,,,,,,,,,,,,,,,,,,,,,,,,,,
,Coscinodiscus lineatus,,,,,,,,,,,,,,,,,,,,,,,,,,,,,,,,,,,,,,,,,,,,,,,,,,,,,,,,,,,,,,,,,,,,,,,,,,,,,,,,,,,,,,,,,,,,,,,,,,,,,,,,,,,,,,,,,,,,,,,,,,,,,,,,,,,,,,,,,,,,,,,,,,,,,,,,,,,,,,,,,,,,,,,,,,,,,,,,,,,,,,,,,,,,,,,,,,,,,,,,
,Coscinodiscus radiatus,,,,,,,,,,,,,,,,,,,,,,,,,,,,,,,,,,,,,,,,,,,,,,,,,,,,,,,,,,,,,,,,,,,,,,,,,,,,,,,,,,,,,,,,,,,,,,,,,,,,,,,,,,,,,,,,,,,,,,,,,,,,,,,,,,,,,,,,,,,,,,,,,,,,,,,,,,,,,,,,,,,,,,,,,,,,,,,,,,,,,,,,,,,,,,,,,,,,,,,,
,Coscinodiscus spp.,,,,,,,,,,,,44,,,,,,,,,,,,,,,,,,,,,,,,44,,,,,,,,,,,,,,,,,,,,,,,,,,,,,,,,,,,,,,,,44,,,44,,,,,,,,,,,,,,,,,,,,,,,,,,,,,,,,,,,,,,,,,,,,,,,,,,,,,44,,,,,,,,,,,,,,,,,,44,,,,44,44,44,2904,88,88,,,,44,,,,,,,,88,,,1452,,44,44,44,44,,88,44,,,44,1452,,,,,88,,,,44,,1452,,,
Cyclindrotheca,Cyclindrotheca closterium,,,,,,,,,,,,,,,,,,,,,,,,,,,,,,,,,,,,,,,,,,,,,,,,,,,,,,,,,,,,,,,,,,,,,,,,,,,,,,,,,,,,,,,,,,,,,,,,,,,,,,,,,,,,,,,,,,,,,,,,,,,,,,,,,,,,,,,,,,,,,,,,,,,,,,,,,,,,,,,,,,,,,,,,,,,,,,,,,,,,,,,,,,,,,,,,,,,,,,,,
Cyclotella,Cyclotella spp.,,,,,,,,,,,,,,,,,,,,,,,,,,,,,,,,,,,,,,,,,,,,,,,,,,,,,,,,,,,,,,,,,,,,,,,352,,352,2904,2904,2904,2904,2904,,,,,,,,,,,,,,,,,,,,,,,,,,,,,,,,,,,,,,,,,,,,,,,,,,,,,,,,,,,,,,,,,,,,,,,,,,,,,,,,,,,,,,,,,,,,,,,,,,,,,,,,,,,,,,,,,,,,,,,,,,
,Cyclotella striata,,,,,,,,,,,,,,,,,,,,,,,,,,,,,,,,,,,,,,,,,,,,,,,,,,,,,,,,,,,,,,,,,,,,,,,,,,,,,,,,,,,,,,,,,,,,,,,,,,,,,,,,,,,,,,,,,,,,,,,,,,,,,,,,,,,,,,,,,,,,,,,,,,,,,,,,,,,,,,,,,,,,,,,,,,,,,,,,,,,,,,,,,,,,,,,,,,,,,,,,
,Cyclotella stylorum,,,,,,,,,,,,,,,,,,,,,,,,,,,,,,,,,,,,,,,,,,,,,,,,,,,,,,,,,,,,,,,,,,,,,,,,,,,,,,,,,,,,,,,,,,,,,,,,,,,,,,,,,,,,,,,,,,,,,,,,,,,,,,,,,,,,,,,,,,,,,,,,,,,,,,,,,,,,,,,,,,,,,,,,,,,,,,,,,,,,,,,,,,,,,,,,,,,,,,,,
Cymbella ,Cymbella spp.,,,,,,,,,,,,,,,,,,,,,,,,,,,,,,,,,,,,,,,,,,,,,,,,,,,,,,,,,,,,,,,,,,,,,,,,,,,,,,,,,,,,,,,,,,,,,,,,,,,,,,,,,,,,,,,,,,,,,,,,,,,,,,,,,,,,,,,,,,,,,,,,,,,,,,,,,,,,,,,,,,,,,,,,,,,,,,,,,,,,,,,,,,,,,,,,,,,,,,,,
Dactyliosolen,Dactyliosolen fragilissimus,52800,22000,,13200,13200,17600,,,,,35200,22000,1452,30800,,,,,,,1007600,915200,1113200,5852,,,,,,,30800,2904,,,,,,,,,,,,,,,,,,,,2904,,2904,,,,8800,,,,,,,,,,352,,,,,,,,,,,,,,,,8800,2904,,2904,,13200,,,,,,,,,,,,440000,369600,140800,17600,,,,,,,,52800,17600,1452,,,704,,,,13200,2904,,,,2904,,704,,,8800,,,,,,,2904,2904,352,57200,17600,39600,,2904,,,,,,48400,22000,57200,,,,,,,,352,,1452,2904,352,,,,,,,,,,,,,,,,,,,,,,,,,,,,352,,,,,,,
Delphineis,Delphineis surriella,,,,,,,,,,,,,,,,,,,,,,,,,,,,,,,,,,,,,,,,,,,,,,,,,,,,,,,,,,,,,,,,,,,,,,,,,,,,,,,,,,,,,,,,,,,,,,,,,,,,,,,,,,,,,,,,,,,,,,,,,,,,,,,,,,,,,,,,,,,,,,,,,,,,,,,,,,,,,,,,,,,,,,,,,,,,,,,,,,,,,,,,,,,,,,,,,,,,,,,,
,Delphineis spp. ,,,,,,,,,,,,,,,,,,,,,,,,,,,,,,,,,,,,,,,,,,,,,,,,,,,,,,,,,,,,,,,,,,,,,,,,,,,,,,,,,,,,,,,,,,,,,,,,,,,,,,,,,,,,,,,,,,,,,,,,,,,,,,,,,,,,,,,,,,,,,,,,,,,,,,,,,,,,,,,,,,,,,,,,,,,,,,,,,,,,,,,,,,,,,,,,,,,,,,,,
Detonula,Detonula confervacea,,,,,,,,,,,,,,,,,,,,,,,,,,,,,,,,,,,,,,,,,,,,,,,,,,,,,,,,,,,,,,,,,,,,,,,,,,,,,,,,,,,,,,,,,,,,,,,,,,,,,,,,,,,,,,,,,,,,,,,,,,,,,,,,,,,,,,,,,,,,,,,,,,,,,,,,,,,,,,,,,,,,,,,,,,,,,,,,,,,,,,,,,,,,,,,,,,,,,,,,
,Detonula pumila,,,,,,,,,,,,,,,,,,,,,,,,,,,,,,,,,,,,,,,,,,,,,,,,,,,,,,,,,,,,,,,,,,,,,,,,,,,,,,,,,,,,,,,,,,,,,,,,,,,,,,,,,,,,,,,,,,,,,,,,,,,,,,,,,,,,,,,,,,,,,,,,,,,,,,,,,,,,,,,,,,,,,,,,,,,,,,,,,,,,,,,,,,,,,,,,,,,,,,,,
Diatoma,Diatoma vulgaris,,,,,,,,,,,,,,,,,,,,,,,,,,,,,,,,,,,,,,,,,,,,,,,,,,,,,,,,,,,,,,,,,,,,,,,,,,,,,,,,,,,,,,,,,,,,,,,,,,,,,,,,,,,,,,,,,,,,,,,,,,,,,,,,,,,,,,,,,,,,,,,,,,,,,,,,,,,,,,,,,,,,,,,,,,,,,,,,,,,,,,,,,,,,,,,,,,,,,,,,
Ditylum,Ditylum brightwellii,,44,,,88,44,352,,44,2904,704,,44,,,,352,1452,,352,,,,,,,,,,,,,,,,,,,,,,,,,,,,,,,,,,,,,,,,,,,,,,,,,,,,,,,,,,,,,,,,,,,,,,,,,,,,,,,,,,,,,,,,,,,,,,,,,,,,44,,,352,,,,,,,,,,,,,,,,,,,88,,88,88,,88,,,,,,,,,1452,2904,1452,88,,44,,,,44,1452,44,,,,,,,,,,,,,,,,,,,,,,,44,,,,,,,,,,
Diploneis,Diploneis smithii,,,,,,,,,,,,,,,,,,,,,,,,,,,,,,,,,,,,,,,,,,,,,,,,,,,,,,,,,,,,,,,,,,,,,,,,,,,,,,,,,,,,,,,,,,,,,,,,,,,,,,,,,,,,,,,,,,,,,,,,,,,,,,,,,,,,,,,,,,,,,,,,,,,,,,,,,,,,,,,,,,,,,,,,,,,,,,,,,,,,,,,,,,,,,,,,,,,,,,,,
,Diploneis sp.,,,,,,,,,,,,,,,,,,,,,,,,,,,,,,,,,,,,,,,,,,,,,,,,,,,,,,,,,,,,,,,,,,,,,,,,,,,,,,,,,,,,,,,,,,,,,,,,,,,,,,,,,,,,,,,,,,,,,,,,,,,,,,,,,,,,,,,,,,,,,,,,,,,,,,,,,,,,,,,,,,,,,,,,,,,,,,,,,,,,,,,,,,,,,,,,,,,,,,,,
Eucampia,Eucampia cornuta,,,,,,,,,,,,,,,,,,,,,,,,,,,,,,,,,,,,,,,,,,,,,,,,,,,,,,,,,,,,,,704,,352,,352,2904,,,,,,,,,,,,,,,2904,88,,,,,,,,,,,,,,,,,,,,5852,2904,,,,352,,,,,,,,,,,,,,,,,,,,,,,,,,,,,,,,,,5852,,,,,,,,,,,,,,,,,,,,,,,,,,,,,,,,,,,,,,,,,,,,,,,,,,,,,,,,,,
,Eucampia zodiacus,22000,8800,8800,5852,5852,,,,,,1452,5852,2904,8800,13200,2904,,7304,,5852,35200,57200,39600,,,,,,,,1452,704,,,,,,,,,,,,,,,,,,,,,,,,,,,,,,,,,,,,,,,,,,,,,,,,,,,,,,,,,,,,,,,,,,,,,,,,,,,,,,,,,,,,,,,,,,,,,,,,,,,,,,,,,,,,,17600,,,2904,39600,30800,96800,30800,30800,17600,,,,22000,35200,17600,13200,61600,39600,22000,,1452,14652,,352,2904,,,,,10252,2904,8800,,,,,,,,1452,,2904,,,,2904,,,,,,,,,352,,,,352
Fragilaria,Fragilaria spp.,,,,,,,,,,,,,,,,,,,,,,,,,,,,,,,,,,,,,,,,,,,,,,,,,,,,,,,,,,,,,,,,,,,,,,,,,,,,,,,,,,,,,,,,,,,2904,,,,,,,,,,8800,,,,,,,,,,,,,,,,,,,,,,,,,,,,,,2904,,,,,,,,704,,,,,,,,,2904,,,,,,,,,,,,,,,,,,,,,,,,,,,,,,,,,,,,,,,,,,,,,,,,,,,,
Frustulia,Frustulia spp.,704,704,,,352,2904,,,,,704,,2904,,,1452,,,,,1452,,,,,,,,,5852,13200,,352,,1452,,,,,704,,704,,,,,,2904,,,,704,2904,,,,,,,,,2904,,,352,,88,,352,2904,,,2904,,,,,352,,,,1452,,,,,,,,,2904,1452,,,792,,,,,,,,,,,,,,,,,,,,,,,,,,13200,,,,352,,,,,,,352,,,,,,176,,,,,,,,,,,2904,8800,,704,,,,704,704,2904,2904,1452,352,88,,,,,,,,,352,,352,,,,,,,,352,704,1452,,,,,,,1452,,1452,1452,,,,2904,,,
Gomphonema,Gomphonema spp.,,,,,,,,,,,,,,,,,,,,,,,,,,,,,,,,,,,,,,,,,,,,,,,,,,,,,,,,,,,,,,,,,,,,,,,,,,,,,,,,,,,,,,,,,,,,,,,,,,,,,,,,,,,,,,,,,,,,,,,,,,,,,,,,,,,,,,,,,,,,,,,,,,,,,,,,,,,,,,,,,,,,,,,,,,,,,,,,,,,,,,,,,,,,,,,,,,,,,,,,
Grammatophora,Grammatophora marina,,,,,,,,,,,,,,,,,,,,,,,,,,,,,,,,,,,,,,,,,,,,,,,,,,,,,,,,,,,,,,,,,,,,,,,,,,,,,,,,,,,,,,,2904,,,,,,,,,,,,,,,,,,,,,,,,,,,,,,,,,,,,,,,,,,,,,,,,,,,,,,,,,,,,,,,,,,,,,,,,,,,,,,,,,,,,,,,,,,,,,,,,,,,,,,,,,,,,,,,,,
Guinardia,Guinardia delicatula,96800,176000,114400,39600,17600,1452,13200,5852,74800,57200,96800,26400,22000,26400,2904,,13200,26400,88000,74800,431200,431200,413600,,,1452,,,,,66000,,,,,,,,,,8800,17600,2904,1452,1452,26400,,,,,,1452,2904,2904,1452,8800,,13200,,,13200,8800,79200,180400,96800,184800,57200,44000,92400,101200,2904,1452,13200,,1452,22000,,,52800,48400,,,,22000,13200,,,1452,30800,,1452,2904,,,,,,,2904,1452,,,,66000,13200,4400,4400,70400,136400,110000,1452,13200,22000,2904,352,,1452,17600,2904,8800,,,,1452,,1452,2904,,48400,26400,352,,,,352,,,352,22000,704,,17600,8800,1452,1452,13200,30800,,22000,17600,,,,13200,13200,26400,13200,26400,13200,,,1452,2904,,352,,352,,352,,,1452,352,,5852,352,352,,,,2904,,8800,,,1452,1452,1452,352,,,1452,1452,1452,704,704,,,,352
,Guinardia striata,,,,,,,,,,,,,,,,,,,,,,,,,,,,,,,,,,,,,,,,,,,,,,,,,,,,,,,,,,,,,,,,,,,,,,,,,,,,,,,,,,,,,,,,,,,,,,,,,,,,,,,,,,,,,,,,,,,,,,,,,,,,,,,,,,,,,,,,,,,,,,,,,,,,,,,,,,,,,,,,,,,2904,,,,,,,,,,,352,,,,,,,,,,,,,,,,,,352,,,,,,,,
,Guinardia flaccida,,,,,,,,,,,,,,,,,,,,,,,,,,,,,,,,,,,,,,,,,,,,,,,,,,,,,,,,,,,,,,,,,,,,,,,,,,,,,,,,,,,,,,,,,,,,,,,,,,,,,,,,,,,,,,,,,,,,,,,,,,,,,,,,,,,,,,,,,,,,,,,,,,,,,,,,,,,,,,,,,,,,,,,,,,,,,,,,,,,,,,,,,,,,,,,,,,,,,,,,
,Guinardia spp. ,,,,,,,,,,,,,,,,,,,,,,,,,,,,,,,,,,,,,,,,,,,,,,,,,,,,,,,,,,,,,,,,,,,,,,,,,,,,,,,,,338800,,14652,,,,,,,,,,,,,,,,,,,,,,,,,,,,,,,,,,,,,,,,,,,,,,,,,,,,,,,,,,,,,,,,,,,,,,,,,,,,,,,,,,,,,,,,,,,,,,,,,,,,,,,,,,,,,,,,,,,,,
Haslea,Haslea spp.,,,,,,,,,,,,,,,,,,,,,,,,,,,,,,,,352,,,,,,,,,,,,,,,,,,,,,,,,,,,,,,,,,,,,,,,,,,,,,,,,,,,,,,,,,,,,,,,,,,,,,,,,,,,,,,,,,,,,,,,,,,,,,,,,,,,,,,,,,,,,,,,,,,,,,,,,,,,,,,,,,,,,,,,,,,,,,,,,,,,,,,,,,,,,,,,,,,,,,,,,
Hemiaulus,Hemiaulus sinensis,,,,,,,,,,,,,,,,,,,,,,,,,,,,,,,,,,,,,,,,,,,,,,,,,,,,,,,,,,,,,,,,,,,,,,,,,,,,,,,,,,,,,,,,,,,,,,,,,,,,,,,,,,,,,,,,,,,,,,,,,,,,,,,,,,,,,,,,,,,,,,,,,,,,,,,,,,,,,,,,,,,,,,,,,,,,,,,,,,,,,,,,,,,,,,,,,,,,,,,,
Hemidiscus,Hemidiscus cuneiformis,,,,,,,,,,,,,,,,,,,,,,,,,,,,,,,,,,,,,,,,,,,,,,,,,,,,,,,,,,,,,,,,,,,,,,,,44,,,,,,,,,,,,,,,,,,,,,,,,,,,,,,,,,,,,,,,,,,,,,,,,,,,,,,,,,,,,,,,,,,,,,,,,,,,,,,,,,,,,,,,,,,,,,,,,,,,,,,,,,,,,,,,,,,,,,,,,,,,,,,,,
Lauderia,Lauderia annulata,,,,,,,,,,,,,,,,,,,,,,,,,,,,,,,,,,,,,,,,,,,,,,,,,,,,,,,,,,,,,,,,,,,,,,,,,,,,,,,,,,,,,,,,,,,,,,,,,,,,,,,,,,,,,,,,,,,,,,,,,,,,,,,,,,,,,,,,,,,,,,,,,,,,,,,,,,,,,,,,,,,,,,,,,,,,,,,,,,,,,,,,,,,,,,,,,,,,,,,,
Leptocylindrus,Leptocylindrus danicus,,,,,,,,,,,,,,,,,,,,,,,,,,,,,,,,,,,,,,,,,5852,,,,,,,,,,,,,,,,,,,,,,,,,,,,,,,,,,,,,,,,,,,,,,2904,2904,13200,2904,2904,2904,,,,,,,,,,,,2904,,,,,,,,,,,,,,,,,,,,,,,1452,704,,,,,,,,,,,352,,,,,,,2904,,,,,,,,,5852,,704,,,352,,,,,,,,,,,352,,,,,,,,,,,,,,,,,,,,,,,,,,,,,
,Leptocylindrus minimus,180400,220000,88000,17600,30800,,,,,,17600,35200,44000,,,,,2904,30800,,,,,,,,,,,,,,,,,,,,,,,,,,,,,,,,,,,,,,,,,,,,,,,,,,,704,,,,,,,,,,2904,,22000,,,,,,,4400,,,,,,,,,,,,8800,,,,,,,,1452,,,,,,,,,,,,,,,,,,,,,,,,,,,,,,,,,,,,,,,,,,,,,,,,,,,,,,,,,,,,,,,,,,,,,,,,,,,,,,,,,,,,,,,,,,,
Licmophora,Licmophora dalmatica,,,,,,,,,,,,,,,,,,,,,,,,,,,,,,,,,,,,,,,,,,,,,,,,,,,,,,,,,,,,,,,,,,,,,,,,,,,,,,,,,,,,,,,,,,,,,,,,,,,,,,,,,,,,,,,,,,,,,,,,,,,,,,,,,,,,,,,,,,,,,,,,,,,,,,,,,,,,,,,,,,,,,,,,,,,,,,,,,,,,,,,,,,,,,,,,,,,,,,,,
,Licmophora flabellata,,,,,,,,,,,,,,,,,,,,,,,,,,,,,,,,,,,,,,,,,,,,,,,,,,,,,,,,,,,,,,,,,,,,,,,,,,,,,,,,,,,,,,,,,,,,,,,,,,,,,,,,,,,,,,,,,,,,,,,,,,,,,,,,,,,,,,,,,,,,,,,,,,,,,,,,,,,,,,,,,,,,,,,,,,,,,,,,,,,,,,,,,,,,,,,,,,,,,,,,
Lioloma,Lioloma spp.,,,,,,,,,,,,,,,,,,,,,,,,,,,,,,,,,,,,,,,,,,,,,,,,,,,,,,,,,,,,,,,,,,,,,,,,,,,,,,,,,,,,,,,,,,,,,,,,,,,,,,,,,,,,,,,,,,,,,,,,,,,,,,,,,,,,,,,,,,,44,,,,,,,,,,,,,,,,,,,,,,,,,,,,,,,,,,,,,,,,,,,,,,,,,,,,,,,,,,,,,
Lithodesmium,Lithodesmium undulatum,,,,,,,,,,,,,,,,,,,,,,,,,,,,,,,,,,,,,,,,,,,,,,,,,,,,,,,,,,,,,,,,,,,,,,,,,,,,,,,,,,,,,,,,,,,,,,,,,,,,,,,,,,,,,,,,,,,,,,,,,,,,,,,,,,,,,,,,,,,,,2904,,,,2904,1452,1452,704,,,,,,352,2904,2904,13200,,17600,,,,,,,44,,,,,,,,44,,,,,,44,,,,,,,,,,,,,,,,,,,,
Melosria,Melosira nummuloides,,,,,,,,,,,,,,,,,,,,,,,,,,,,,,,,,,,,,,,,,,,,,,,,,,,,,,,,,,,,,,,,,,,,,,,,,,,,,,,,,,,,,,,,,,,,,,,,,,,,,,,,,,,,,,,,,,,,,,,,,,,,,,,,,,,,,,,,,,,,,,,,,,,,,,,,,,,,,,,,,,,,,,,,,,,,,,,,,,,,,,,,,,,,,,,,,,,,,,,,
,Melosira spp.,,,,,,,,,,,,,,,,,,,,,,,,,,,,,,,,,,,,,,,,,,,,,,,,,,,,,,,,,,,,,,,,,,,,,,,,,,,,,,,,,61600,,,,,,,,,,,,,,,,,,,,,,,,,,,,,,,,,,,,,,,,,,,,,,,,,,,,,,,,,,,,,,,,,,,,,,,,,,,,,,,,,,,,,,,,,,,,,,,,,,,,,,,,,,,,,,,,,,,,,,,
Navicula,Navicula ambigua,,,,,,,,,,,,,,,,,,,,,,,,,,,,,,,,,,,,,,,,,,,,,,,,,,,,,,,,,,,,,,,,,,,,,,,,,,,,,,,,,,,,,,,,,,,,,,,,,,,,,,,,,,,,,,,,,,,,,,,,,,,,,,,,,,,,,,,,,,,,,,,,,,,,,,,,,,,,,,,,,,,,,,,,,,,,,,,,,,,,,,,,,,,,,,,,,,,,,,,,
,Navicula cryptocephala,,,,,,,,,,,,,,,,,,,,,,,,,,,,,,,,,,,,,,,,,,,,,,,,,,,,,,,,,,,,,,,,,,,,,,,,,,,,,,,,,,,,,,,,,,,,,,,,,,,,,,,,,,,,,,,,,,,,,,,,,,,,,,,,,,,,,,,,,,,,,,,,,,,,,,,,,,,,,,,,,,,,,,,,,,,,,,,,,,,,,,,,,,,,,,,,,,,,,,,,
,Navicula spp.,,,,,,,,,,352,,,,,,,,,,,,,,,,,,,,,,,,,,,,,,,,,,,,,,,,,,,,,,,,,,,,,,,,,,,,,,,,352,,,,,,,,,,,,,704,,,,,,,,,352,,660,,,,,,,,,,,,,,,,,,,,,,,,,,,,,,,,,,352,,,,,,,,,,,,,,,704,,2904,2904,,,,,,,,,,1452,,,,,,,,352,,,,352,,,88,,,,,,,,,,,,352,,,88,88,,1452,,,,,88,,
Neodelphineis,Neodelphineis spp.,,,,,,,,,,,,,,,,,,,,,,,,,,,,,,,,,,,,,,,,,,,,,,,,,,,,,,,,,,,,,,,,,,,,,,,,,,,,,,,,,,,,,,,,,,,,,,,,,,,,,,,,,,,,,,,,,,,,,,,,,,,,,,,,,,,,,,,,,,,,,,,,,,,,,,,,,,,,,,,,,,,,,,,,,,,,,,,,,,,,,,,,,,,,,,,,,,,,,,,,
Nitzschia,Nitzschia closterium,,,,,,,,,,,,,,,,,,,,,,,,,,,,,,,,,,,,,,,,,,,,,,,,,,,,,,,,,,,,,,,,,,,,,,,,,,,,,,,,,,,,,,,,,,,,,,,,,,,,,,,,,,,,,,,,,,,,,,,,,,,,,,,,,,,,,,,,,,,,,,,,,,,,,,,,,,,,,,,,,,,,,,,,,,,,,,,,,,,,,,,,,,,,,,,,,,,,,,,,
,Nitzschia longissima,,,,,,,,,,,,,,,,,,,352,352,704,1452,,,,,,,,352,,,,,,,,,352,,,,,,,,704,352,,,,352,2904,,,,,,,13200,,,352,,352,352,352,2904,2904,,,,,,,2904,,,2904,,61600,1452,13200,8800,1452,,1452,,17600,,,2904,,,,,,,,,453200,677600,132000,13200,,1452,,,,,13200,4400,,,,,,,,,35200,303600,198000,8800,8800,35200,2904,,,,8800,2904,,704,,,,,,,,,,,,,,,,,2904,352,352,,,,,,704,,,,,,,,,,,,,352,,,,,,,,,,,,,,,,,,,,,,,,,,352,,
,Nitzschia lorenziana,,,,,,,,,,,,,,,,,,,,,,,,,,,,,,,,,,,,,,,,,,,,,,,,,,,,,,,,,,,,,,,,,,,,,,352,,,,,,,,,,,,,,,,,,,,,,,,,,,,,,,,,,,,,,,,,,,,,,,,,,,,,,,,,,,,,,,,,,,,,,,,,,,,,,,,,,,,,,,,,,,,,,,,,,,,,,,,,,,,,,,,,,,,,,,,,,,,,,,,,,
,Nitzschia navicularis,,,,,,,,,,,,,,,,,,,,,,,,,,,,,,,,,,,,,,,,,,,,,,,,,,,,,,,,,,,,,,,,,,,,,,,,,,,,,,,,,,,,,,,,,,,,,,,,,,,,,,,,,,,,,,,,,,,,,,,,,,,,,,,,,,,,,,,,,,,,,,,,,,,,,,,,,,,,,,,,,,,,,,,,,,,,,,,,,,,,,,,,,,,,,,,,,,,,,,,,
,Nitzschia obtusa,,,,,,,,,,,,,,,,,,,,,,,,,,,,,,,,,,,,,,,,,,,,,,,,,,,,,,,,,,,,,,,,,,,,,,,,,,,,,,,,,,,,,,,,,,,,,,,,,,,,,,,,,,,,,,,,,,,,,,,,,,,,,,,,,,,,,,,,,,,,,,,,,,,,,,,,,,,,,,,,,,,,,,,,,,,,,,,,,,,,,,,,,,,,,,,,,,,,,,,,
,Nitzschia spp.,704,,,,,,,,352,,,,,,,,,,,,,,,,,,,,,,,,,,,,,,,,,,,,,,,,,,,,,,,,,,,,,,,,,,,,,,,,,,,,,,,,,,,,,,,,,,,,,,,,,,,,,,,,,,,,,,,,,,,,,,,,,,,,,,,,,,,,,,,,,,,,,,,,,,,,,,,,,,,,,,,,,,,,,,,,,,,,,,,,,,,,,,,,,,,,,,,,,,,,,,,
Odontella,Odontella aurita,,,,,,,,,,,,,,,,,,,,,,,,,,,,,,,,,,,,,,,,,,,,,,,,,,,,,,,,,,,,,,,,,,,,,,,,,,,,,,,,,,,,,,,,,,,,,,,,,,,,,,,,,,,,,,,,,,,,,,,,,,,,,,,,,,,,,,,,,,,,,,,,,,,,,,,,,,,,,,,,,,,,,,,,,,,,,,,,,,,,,,,,,,,,,,,,,,,,,,,,
,Odontella longicruris,,,,,,,,,,,,,,,,,,,,,,,,,,,,,,,,,,,,,,,,,,,,,,,,,,,,,,,,,,,,,,,,,,,,,,,,,,,,,,,,,,,,,,,,,,,,,,,,,,,,,,,,,,,,,,,,,,,,,,,,,,,,,,,,,,,,,,,,,,,,,,,,,,,,,,,,,,,,,,,,,,,,,,,,,,,,,,,,,,,,,,,,,,,,,,,,,,,,,,,,
,Odontella mobiliensis,,,,,,,,,,,,,,,,,,,,,,,,,,,,,,,,,,,,,,,,,,,,,,,,,,,,,,,,,,,,,,,,,,,,,,,,,,,,,,,,,,,,,,,,,,,,,,,,,,,,,,,,,,,,,,,,,,,,,,,,,,,,,,,,,,,,,,,,,,,,,,,,,,,,,,,,,,,,,,,,,,,,,,,,,,,,,,,,,,,,,,,,,,,,,,,,,,,,,,,,
,Odontella sinensis,,,,,,,,,,,,,,,,,,,,,,,,,,,,,,,,,,,,,,,,,,,,,,,,,,,,,,,,,,,,,,,,,,,,,,,,,,,,,,,,,,,,,,,,,,,,,,,,,,,,,,,,,,,,,,,,,,,,,,,,,,,,,,,,,,,,,,,,,,,,,,,,,,,,,,,,44,44,,2904,1452,,,,,,,44,,,,,44,44,,,,44,,44,,,,44,,,,,,,,,,,,,,,,,44,,,,
,Odontella spp.,,,,2904,1452,17600,2904,,352,,352,2904,44,2904,13200,,8800,1452,2904,,,,,,,,,,,,,,,,,,,,,44,,,,,,,,,,,,,,,,,,,,,,,,,,,,,,,,,2904,,,,,,,,,,,,,,,,,,,,,,2904,352,,,,,,,,352,352,149600,2904,57200,704,,,,352,,,1452,,704,704,,352,1452,,,,704,,2904,,,352,,,,,,,704,88,,,,,88,,,,,,,2904,,,2904,,,,,,,,,,,,,,,,,,,,,,,,,,,44,,,,,,,,,,,,,,,,,,,
Paralia,Paralia sulcata,,,14652,,2904,,,5852,35200,17600,,13200,7304,5852,29304,79200,74800,39600,13200,8800,,,,,5852,5852,1452,2904,13200,,,13200,17600,14652,,13200,17600,,8800,17600,,13200,8800,,22000,,22000,22000,13200,22000,22000,13200,10252,1452,44000,26400,,17600,17600,,1452,,4400,2904,,,,10252,10252,,17600,17600,,20504,30800,48400,26400,52800,17600,1452,,,,,,,,2904,,,17600,,,29304,35200,10252,61600,30800,,39600,,,,,,4400,,704,,,,10252,13200,704,5852,13200,,,,,1452,,,,,,,,,,17600,2904,10252,17600,30800,13200,,14652,14652,5852,26400,,,26400,,35200,13200,,,2904,8800,17600,44000,22000,13200,17600,13200,,13200,2904,17600,5852,13200,5852,30800,13200,26400,5852,1452,,,2904,,2904,13200,13200,2904,10252,26400,22000,30800,14652,13200,,2904,7304,8800,,17600,5852,70400,17600,8800,13200,11704,26400,,1452,13200,30800
Pinnularia,Pinnularia spp.,,,,,,,,,,,,,,,,,,,,,,,,,,,,,,,,,,,,,,,,,,,,,,,,,,,,,,,,,,,,,,,,,,,,,,,,,,,,,,,,,,,,,,,,,,,,,,,,,,,,,,,,,,,,,,,,,,,,,,,,,,,,,,,,,,,,,,,,,,,,,,,,,,,,,,,,,,,,,,,,,,,,,,,,,,,,,,,,,,,,,,,,,,,,,,,,,,,,,,,,
Pleurosigma,Pleurosigma angulatum,,,,,,,,,,,,,,,,,,,,,,,,,,,,,,,,,,,,,,,,,,,,,,,,,,,,,,,,,,,,,,,,,,,,,,,,,,,,,,,,,,,,,,,,,,,,,,,,,,,,,,,,,,,,,,,,,,,,,,,,,,,,,,,,,,,,,,,,,,,,,,,,,,,,,,,,,,,,,,,,,,,,,,,,,,,,,,,,,,,,,,,,,,,,,,,,,,,,,,,,
Pleurosigma,Pleurosigma directum,,,,,,,,,,,,,,,,,,,,,,,,,,,,,,,,,,,,,,,,,,,,,,,,,,,,,,,,,,,,,,,,,,,,,,,,,,,,,,,,,,,,,,,,,,,,,,,,,,,,,,,,,,,,,,,,,,,,,,,,,,,,,,,,,,,,,,,,,,,,,,,,,,,,,,,,,,,,,,,,,,,,,,,,,,,,,,,,,,,,,,,,,,,,,,,,,,,,,,,,
,Pleurosigma falx,,,,,,,,,,,,,,,,,,,,,,,,,,,,,,,,,,,,,,,,,,,,,,,,,,,,,,,,,,,,,,,,,,,,,,,,,,,,,,,,,,,,,,,,,,,,,,,,,,,,,,,,,,,,,,,,,,,,,,,,,,,,,,,,,,,,,,,,,,,,,,,,,,,,,,,,,,,,,,,,,,,,,,,,,,,,,,,,,,,,,,,,,,,,,,,,,,,,,,,,
,Pleurosigma normanii,,,,,,,,,,,,,,,,,,,,,,,,,,,,,,,,,,,,,,,,,,,,,,,,,,,,,,,,,,,,,,,,,,,,,,,,,,,,,,,,,,,,,,,,,,,,,,,,,,,,,,,,,,,,,,,,,,,,,,,,,,,,,,,,,,,,,,,,,,,,,,,,,,,,,,,,,,,,,,,,,,,,,,,,,,,,,,,,,,,,,,,,,,,,,,,,,,,,,,,,
,Pleurosigma spp.,,,,,,,,,,352,,,,,,,704,,,,704,,,,,,,,,,,,,,,,,,44,,,,,,,,,,,,,,,,,,,,44,,,,,,,,,,,,,,,,,,88,,,,,,,2904,,,,,,,,,,2904,,,,,,,,,,352,,,,,352,,,,2904,,,,,,,,,2904,352,,,2904,,,,,13200,,352,,176,352,,,88,,352,,704,,1452,704,704,352,,352,352,44,,,,1452,704,352,,,,,,,,,,,44,,,,,,,1452,,,,,,1452,,44,,,,,352,,,,,,88,,,,,
Pseudo-nitzschia,Pseudo-nitzschia spp.,,,,,,,,,,,,,,,,,,,,5852,,,,,,,,,,,,,,,,,,,,,,,,,,,,,,,,,,,,,,,,,,,,,,,,,,352,,,,,,,,,88,,,,,,,2904,,,,,,,,,,,,,704,,,,5852,352,,13200,17600,70400,17600,,,,2904,,,,352,5852,352,,,,,,,,,,,,,,,,,,,,2904,352,,14652,,,,,2904,,5852,,,,,10252,2904,5852,5852,13200,17600,13200,2904,,,,,,,,,,,704,,,,,,,,,,,,,,,704,,,,,,,,,2904,,,,352
,Pseudo-nitzschia delicatissima,,,,,,,,,,,,,,,,,,,,,,,,,,,,,,,,,,,,,,,,,,,,,,,,,,,,,,,,,,,,,,,,,,,,,,,,,,,,,,,,,,,,,,,,,,,,,,,,,,,,,,,,,,,,,,,,,,,,,,,,,,,,,,,,,,,,,,,,,,,,,,,,,,,,,,,,,,,,,,,,,,,,,,,,,,,,,,,,,,,,,,,,,,,,,,,,,,,,,,,,
,Pseudo-nitzschia pungens,,,,,,,,,,,,,,,,,,,,,,,,,,,,,,,,,,,,,,,,,,,,,,,,,,,,,,,,,,,,,,,,,,,,,,,,,,,,,,,,,,,,,,,,,,,,,,,,,,,,,,,,,,,,,,,,,,,,,,,,,,,,,,,,,,,,,,,,,,,,,,,,,,,,,,14652,,,,,,,,,,,,,,,,,,,,,,,,,,,,,,,,,,,,,,,,,,,,,,,,,,
Rhabdonema,Rhabdonema adriaticum,,,,,,,,,,,,,,,,,,,,,,,,,,,,,,,,,,,,,,,,,,,,,,,,,,,,,,,,,,,,,,,,,,,,,,,,,,,,,,,,,,,,,,,,,,,,,,,,,,,,,,,,,,,,,,,,,,,,,,,,,,,,,,,,,,,,,,,,,,,,,,,,,,,,,,,,,,,,,,,,,,,,,,,,,,,,,,,,,,,,,,,,,,,,,,,,,,,,,,,,
,Rhaphoneis rhomoides,,,,,,,,,,,,,,,,,,,,,,,,,,,,,,,,,,,,,,,,,,,,,,,,,,,,,,,,,,,,,,,,,,,,,,,,,,,,,,,,,,,,,,,,,,,,,,,,,,,,,,,,,,,,,,,,,,,,,,,,,,,,,,,,,,,,,,,,,,,,,,,,,,,,,,,,,,,,,,,,,,,,,,,,,,,,,,,,,,,,,,,,,,,,,,,,,,,,,,,,
,Rhaphoneis spp.,14652,,,,,,,2904,2904,,,,,,,,,,1452,,,,,,,352,,2904,,,,,,,,352,88,1452,2904,,,,,,11704,,,2904,352,10252,,,,,,,,,,5852,,,,,,,,,1452,,,,,,,,,,2904,352,,,,,,,,,,,,,,,,,,,,,,,,,,,,,,,,,,,,,,,,,,,,,,,,,,,,,,,,,,,,,,,,,,,,,,,,,,,,,352,,,,,,,,,,352,352,2904,2904,,,,,,,,2904,352,,,,7304,,,88,,,352,,,,,,,,,44,352,
Rhizosolenia,Rhizosolenia alata,,,,,,,,,,,,,,,,,,,,,,,,,,,,,,,,,,,,,,,,,,,,,,,,,,,,,,,,,,,,,,,,,,,,,,,,,,,,,,,,,,,,,,,,,,,,,,,,,,,,,,,,,,,,,,,,,,,,,,,,,,,,,,,,,,,,,,,,,,,,,,,,,,,,,,,,,,,,,,,,,,,,,,,,,,,,,,,,,,,,,,,,,,,,,,,,,,,,,,,,
,Rhizosolenia calar-avis,,,,,,,,,,,,,,,,,,,,,,,,,,,,,,,,,,,,,,,,,,,,,,,,,,,,,,,,,,,,,,,,,,,,,,,,,,,,,,,,,,,,,,,,,,,,,,,,,,,,,,,,,,,,,,,,,,,,,,,,,,,,,,,,,,,,,,,,,,,,,,,,,,,,,,,,,,,,,,,,,,,,,,,,,,,,,,,,,,,,,,,,,,,,,,,,,,,,,,,,
,Rhizosolenia longiseta,,,,,,,,,,,,,,,,,,,,,,,,,,,,,,,,,,,,,,,,,,,,,,,,,,,,,,,,,,,,,,,,,,,,,,,,,,,,,,,,,,,,,,,,,,,,,,,,,,,,,,,,,,,,,,,,,,,,,,,,,,,,,,,,,,,,,,,,,,,,,,,,,,,,,,,,,,,,,,,,,,,,,,,,,,,,,,,,,,,,,,,,,,,,,,,,,,,,,,,,
,Rhizosolenia pungens,,,,,,,,,,,,,,,,,,,,,,,,,,,,,,,,,,,,,,,,,,,,,,,,,,,,,,,,,,,,,,,,,,,,,,,,,,,,,,,,,,,,,,,,,,,,,,,,,,,,,,,,,,,,,,,,,,,,,,,,,,,,,,,,,,,,,,,,,,,,,,,,,,,,,,,,,,,,,,,,,,,,,,,,,,,,,,,,,,,,,,,,,,,,,,,,,,,,,,,,
,Rhizosolenia robusta,,,,,,,,,,,,,,,,,,,,,,,,,,,,,,,,,,,,,,,,,,,,,,,,,,,,,,,,,,,,,,,,,,,,,,,,,,,,,,,,,,,,,,,,,,,,,,,,,,,,,,,,,,,,,,,,,,,,,,,,,,,,,,,,,,,,,,,,,,,,,,,,,,,,,,,,,,,,,,,,,,,,,,,,,,,,,,,,,,,,,,,,,,,,,,,,,,,,,,,,
,Rhizosolenia setigera,,,,,,,,,,,,,,,,,,,,,,,,,,,,,,,,,,,,,,,,,,,,,,,,,,,,,,,,,,,,,,,,,,,,,,,,,,,,,,,,,,,,,,,,,,,,,,,,,,,,,,,,,,,,,,,,,,,,,,,,,,,,,,,,,,,,,,,,,,,,,,,,,,,,,,,,,,,,,,,,,,,,,,,,,,,,,,,,,,,,,,,,,,,,,,,,,,,,,,,,
,Rhizosolenia stolterfothii,,,,,,,,,,,,,,,,,,,,,,,,,,,,,,,,,,,,,,,,,,,,,,,,,,,,,,,,,,,,,,,,,,,,,,,,,,,,,,,,,,,,,,,,,,,,,,,,,,,,,,,,,,,,,,,,,,,,,,,,,,,,,,,,,,,,,,,,,,,,,,,,,,,,,,,,,,,,,,,,,,,,,,,,,,,,,,,,,,,,,,,,,,,,,,,,,,,,,,,,
,Rhizosolenia styliformis,,,,,,,,,,,,,,,,,,,,,,,,,,,,,,,,,,,,,,,,,,,,,,,,,,,,,,,,,,,,,,,,,,,,,,,,,,,,,,,,,,,,,,,,,,,,,,,,,,,,,,,,,,,,,,,,,,,,,,,,,,,,,,,,,,,,,,,,,,,,,,,,,,,,,,,,,,,,,,,,,,,,,,,,,,,,,,,,,,,,,,,,,,,,,,,,,,,,,,,,
,Rhizosolenia spp.,1452,,,,44,44,,,,1452,,,,,,,,704,,1452,352,,,,,,,,,,,,,,,,,,,,,,,,,,,,,,,,,,,,,,,,,,,,,,,,,44,,,,,,,,,88,44,,,,2904,352,2904,352,2904,,7304,,,,,,,,,352,,,,,,,,,,,,,,,,,,,,,,,,,,,,,,,,,,,,,,,,,2904,,,,,,,88,,,,,,,,,,,,,,,,,,,,,,44,44,,,,,,,,,,,,,,,,,,,,,,,,,,,,,,
Rhoicosphenia,Rhoicosphenia spp.,,,,,,,,,,,,,,,,,,,,,,,,,,,,,,,,,,,,,,,,,,,,,,,,,,,,,,,,,,,,,,,,,,,,,,,,,,,,,,,,,,,,,,,,,,,,,,,,,,,,,,,,,,,,,,,,,,,,,,,,,,,,,,,,,,,,,,,,,,,,,,,,,,,,,,,,,,,,,,,,,,,,,,,,,,,,,,,,,,,,,,,,,,,,,,,,,,,,,,,,
Rhopalodia,Rhopalodia musculus,,,,,,,,,,,,,,,,,,,,,,,,,,,,,,,,,,,,,,,,,,,,,,,,,,,,,,,,,,,,,,,,,,,,,,,,,,,,,,,,,,,,,,,,,,,,,,,,,,,,,,,,,,,,,,,,,,,,,,,,,,,,,,,,,,,,,,,,,,,,,,,,,,,,,,,,,,,,,,,,,,,,,,,,,,,,,,,,,,,,,,,,,,,,,,,,,,,,,,,,
Schröderella,Schröderella delicatula ,,,,,,,,,,,,,,,,,,,,,,,,,,,,,,,,,,,,,,,,,,,,,,,,,,,,,,,,,,,,,,,,,,,,,,,,,,,,,,,,,,,,,,,,,,,,,,,,,,,,,,,,,,,,,,,,,,,,,,,,,,,,,,,,,,,,,,,,,,,,,,,,,,,,,,,,,,,,,,,,,,,,,,,,,,,,,,,,,,,,,,,,,,,,,,,,,,,,,,,,
Seminavis,Seminavis robusta,,,,,,,,,,,,,,,,,,,,,,,,,,,,,,,,,,,,,,,,,,,,,,,,,,,,,,,,,,,,,,,,,,,,,,,,,,,,,,,,,,,,,,,,,,,,,,,,,,,,,,,,,,,,,,,,,,,,,,,,,,,,,,,,,,,,,,,,,,,,,,,,,,,,,,,,,,,,,,,,,,,,,,,,,,,,,,,,,,,,,,,,,,,,,,,,,,,,,,,,
Skeletonema,Skeletonema spp. ,2516800,422400,497200,224400,352000,1126400,893200,1447600,413600,92400,2670800,1988800,2129600,2090000,5126000,4334000,4963200,5918000,748000,105600,8800,,,8800,44000,88000,8800,5852,5852,22000,17600,202400,61600,,,39600,88000,66000,74800,52800,39600,35200,26400,,22000,,39600,13200,10252,5852,39600,44000,70400,39600,13200,5852,,39600,17600,26400,44000,35200,,5852,110000,52800,118800,,1452,5852,17600,,5852,30800,8800,14652,8800,11704,5852,,,,,30800,17600,79200,17600,,,83600,,,,,,11704,10252,,7304,35200,5962000,726000,,,,44000,,,,,,22000,,,,,,,,,202400,,,,,79200,105600,61600,171600,,,5852,,,,5852,,17600,52800,5852,,,,,,,,,206800,26400,,17600,,,,13200,,,79200,,7304,13200,,13200,,,1452,,,,,,,,,,,,,,435600,1430000,510400,233200,211200,17600,,17600,,,457600,1091200,418000,127600,39600,96800,,8800,,
Stephanopyxis,Stephanopyxis turris,,,,,,,,,,,,,,,,,,,,,,17600,,,,,,,,,,,,,,,,,,,,,,,,,,,,,,,,,,,,,,,,,,,,,,,,,,,,,,,,,,,,,,,,,,,,,,,,,,,,,352,,,,,,,,,,,,,,,,,,,,,,,,,,,,,,,,,,,,,,,,,,,,,,,,,,,,,,,,,,,,,,,,,,,,,,,,,,,,,,,,,,,,,,,,,,,,,,,,,,,,,
Streptotheca,Streptotheca indica,,,,,,,,,,,,,,,,,,,,,,,,,,,,,,,,,,,,,,,,,,,,,,,,,,,,,,,,,,,,,,,,,,,,,,,,,,,,,,,,,,,,,,,,,,,,,,,,,,,,,,,,,,,,,,,,,,,,,,,,,,,,,,,,,,,,,,,,,,,,,,,,,,,,,,,,,,,,,,,,,,,,,,,,,,,,,,,,,,,,,,,,,,,,,,,,,,,,,,,,
Surirella,Surirella fluminensis,,,,,,,,,,,,,,,,,,,,,,,,,,,,,,,,,,,,,,,,,,,,,,,,,,,,,,,,,,,,,,,,,,,,,,,,,,,,,,,,,,,,,,,,,,,,,,,,,,,,,,,,,,,,,,,,,,,,,,,,,,,,,,,,,,,,,,,,,,,,,,,,,,,,,,,,,,,,,,,,,,,,,,,,,,,,,,,,,,,,,,,,,,,,,,,,,,,,,,,,
,Surirella spp.,,,,,,,,,,,,,,,,,,,,,,,,,,,,,,,,,,,,,,,,,,,,,,,,,,,,,,,,,,,,,,,,,,,,,,,,,,,,,,,,,,,,,,,,,,,,,,,,,,,,,,,,,,,,,,,,,,,,,,,,,,,,,,,,,,,,,,,,,,,,,,,,,,,,,,,,,,,,,,,,,,,,,,,,,,,,,,,,,,,,,,,,,,,,,,,,,,,,,,,,
Thalassionema,Thalassionema frauenfeldii,145200,44000,61600,44000,88000,74800,52800,74800,17600,26400,242000,132000,132000,88000,66000,35200,48400,66000,66000,8800,61600,70400,44000,79200,52800,167200,66000,48400,30800,26400,189200,123200,127600,101200,44000,118800,66000,92400,35200,8800,,,,,,17600,202400,61600,26400,39600,,8800,13200,57200,92400,22000,30800,101200,70400,92400,,8800,,,,,,13200,13200,,17600,17600,,8800,22000,13200,35200,22000,17600,8800,,,1452,,,,,,1452,,1452,,2904,,,17600,2904,660,,,,,,,,,,,,,,,,,,,,,352,44,,,,,,,,,,,,,,,,,,,352,,704,,,,2904,1452,1452,,,2904,,,,2904,1452,,17600,13200,,2904,4400,2904,,,2904,,,352,,,,,,,704,,,,,,17600,,,,,,,,7304,88,22000,,,,,,,,,1452
,Thalassionema nitzschiodes ,176000,52800,74800,74800,96800,88000,66000,88000,30800,39600,352000,237600,202400,105600,88000,44000,61600,88000,88000,17600,83600,83600,39600,57200,83600,136400,61600,70400,30800,17600,303600,114400,202400,127600,105600,127600,114400,70400,13200,8800,2904,17600,8800,17600,17600,105600,334400,88000,35200,74800,26400,17600,30800,101200,149600,30800,30800,149600,70400,140800,,,,,,,,8800,26400,,13200,,,17600,13200,,35200,13200,26400,8800,,,,1452,1452,,,,,,,,,,2904,13200,2904,,,1452,,,,1452,,,,,,,2904,,,352,13200,,,,,,,1452,,,,13200,13200,,2904,,2904,704,,,2904,352,2904,,1452,,,,4400,1452,,,,,,,,,,1452,,,,,,,10252,,5852,2904,,,,,,,2904,2904,13200,,,1452,,,,,,1452,1452,1452,13200,1452,,,704,,,2904,1452,1452,2904,13200,17600,,,5852
Thalassiosira,"Thalassiosira angulata (large, >20µm)",,,,,352,1452,1452,2904,22000,5852,352,2904,2904,7304,26400,13200,70400,79200,79200,22000,140800,30800,13200,,,,,,,,5852,,,,,,44,352,44,,,5852,2904,,,704,2904,1452,88,44,,,,,,,,352,1452,,13200,79200,110000,88000,44,44,,,2904,8800,8800,13200,13200,,2904,2904,44,,1452,,,,,,,48400,,1452,352,22000,,44,2904,2904,352,352,704,1452,13200,,2904,352,,,44,2904,,44,,,,352,1452,44,44,2904,176,44,,,704,30800,2904,1452,,,,352,,88,704,2904,1452,,352,704,704,704,44,88,44,2904,290400,704,2904,,2904,2904,44,2904,44,5852,,2904,352,1452,,,,,44,,,,44,44,44,,44,2904,1452,1452,1452,,1452,44,44,1452,,44,2904,44,88,1452,1452,2904,5852,2904,5852,352,2904,22000,88,352,17600,352,44,1452,13200,44
,Thalassiosira bioculata,,,,,,,,,,,,,,,,,,,,,,,,,,,,,,,,,,,,,,,,,,,,,,,,,,,,,,,,,,,,,,,,,,,,,,,,,,,,,,,,,,,,,,,,,,,,,,,,,,,,,,,,,,,,,,,,,,,,,,,,,,,,,,,,,,,,,,,,,,,,,,,,,,,,,,,,,,,,,,,,,,,,,,,,,,,,,,,,,,,,,,,,,,,,,,,,,,,,,,,,
,Thalassiosira eccentrica,,,,,,,,,,,,,,,,,,,,,,,,,,,,,,,,,,,,,,,,,,,,,,,,,,,,,,,,,,,,,,,,,,,,,,,,,,,,,,,,,,,,,,,,,,,,,,,,,,,,,,,,,,,,,,,,,,,,,,,,,,,,,,,,,,,,,,,,,,,,,,,,,,,,,,,,,,,,,,,,,,,,,,,,,,,,,,,,,,,,,,,,,,,,,,,,,,,,,,,,
,Thalassiosira hyalina,,,,,,,,,,,,,,,,,,,,,,,,,,,,,,,,,,,,,,,,,,,,,,,,,,,,,,,,,,,,,,,,,,,,,,,,,,,,,,,,,,,,,,,,,,,,,,,,,,,,,,,,,,,,,,,,,,,,,,,,,,,,,,,,,,,,,,,,,,,,,,,,,,,,,,,,,,,,,,,,,,,,,,,,,,,,,,,,,,,,,,,,,,,,,,,,,,,,,,,,
,Thalassiosira nordenskioldii,2904,1452,2904,,,,,,,,,,,,,,,,,,2904,,,,,,,,,,,,,,,,,,,,,,,,,,,,,,,,,,,,,,,,,,,,,,,,,,,,,,,,,,,,,,,,,,,,,,,,,,,,,,,,,,,,,,,,,,,,,,,,,,,,,,,,,,,,,,,,,,,,,,,,,,,,,,,,,,,,,,,,,,,,,,,,,,,,,,,,,,,,,,,,,,,,,,,,,,,,,,,,,,,
,Thalassiosira rotula,,,,,,,,,,,,,,,,,,,,,,,,,,,,,,,,,,,,,,,,,,,,,,,,,,,,,,,,,,,,,,,,,,,,,,,,,,,,,,,,,,,,,,,,,,,,,,,,,,,,,,,,,,,,,,,,,,,,,,,,,,,,,,,,,,,,,,,,,,,,,,,,,,,,,,,,,,,,,,,,,,,,,,,,,,,,,,,,,,,,,,,,,,,,,,,,,,,,,,,,
,Thalassiosira weissflogii,,,,,,,,,,,,,,,,,,,,,1452,,,,,,,,,,,,,,,,,,,,,,,,,,,,,,,,,,,,,,,,,,,,,,,,,,,,,,,,,,,,,,,,,,,,,,,,,,,,,,,,,,,,,,,,,,,,,,,,,,,,,,,,,,,,,,,,,,,,,,,,,,,,,,,,,,,,,,,,,,,,,,,,,,,,,,,,,,,,,,,,,2904,2904,1452,,,,,,,,2904,,,,,,,,
,auxospore of Thalassiosira,,,,,,,,,,,,,,,,,,,,,,39600,,,,,,,,,,,,,,,,1452,,,,,,,,,,,,,,,,,,,,,,,,,,,,,,,,,,,,,,,,,,,,,,,,,,,,,,,,,,,,,,,,,,,,,,,,,,,,,,,,,,,,,,,,,,,,,,,,,,,,,,,,,,,,1452,,,,,,,,,,,,,,,,,,,,,,,,,,,,,,,,,,,,,,,,,,,,,,,,,,,,,,
,"Thalassiosira spp.1 (medium-large, 15-20µm",8800,8800,22000,13200,1452,13200,17600,13200,30800,13200,8800,26400,35200,17600,70400,52800,44000,154000,79200,1452,127600,52800,1452,,,,88,,2904,,2904,,1452,5852,,1452,,,352,352,,,,,,,1452,,,1452,1452,,704,,88,,,8800,17600,,5852,66000,22000,35200,22000,26400,,704,8800,,17600,13200,22000,8800,2904,1452,8800,17600,17600,352,8800,1452,,2904,,4400,2904,17600,2904,26400,1452,352,2904,66000,13200,17600,13200,17600,1452,8800,17600,17600,,8800,1452,17600,704,704,8800,1452,1452,1452,2904,704,,1452,1452,2904,8800,8800,52800,140800,2904,,88,1452,,,,1452,17600,2904,2904,2904,5852,352,352,704,8800,352,17600,17600,1452,8800,1452,17600,8800,13200,2904,2904,26400,17600,17600,8800,8800,8800,704,13200,1452,2904,2904,13200,1452,1452,,,1452,1452,2904,352,1452,,13200,1452,352,352,,,1452,,30800,57200,30800,2904,1452,1452,2904,1452,26400,22000,57200,118800,22000,22000,26400,8800,1452,17600,8800,2904
,"Thalassiosira spp.2 (medium-small, 10-15µm)",35200,44000,35200,8800,35200,17600,22000,17600,8800,,57200,44000,48400,35200,110000,92400,198000,35200,39600,1452,88000,17600,22000,,,1452,88,,,352,2904,,8800,,1452,17600,17600,13200,13200,2904,,,,,,1452,13200,8800,,17600,1452,352,,2904,,,,13200,39600,30800,22000,35200,22000,132000,17600,13200,22000,8800,30800,,26400,13200,96800,35200,8800,88000,52800,39600,30800,13200,431200,149600,26400,22000,35200,17600,2904,,17600,8800,26400,22000,39600,110000,39600,35200,35200,39600,8800,17600,26400,22000,8800,8800,1452,17600,70400,704,26400,1452,26400,30800,22000,1452,26400,8800,2904,704,22000,8800,105600,88000,1452,1452,,39600,17600,1452,8800,,22000,13200,2904,2904,7304,13200,17600,17600,22000,352,70400,17600,8800,1452,1452,,1452,13200,13200,1452,39600,26400,,4400,8800,8800,2904,22000,8800,1452,8800,4400,2904,2904,,1452,1452,8800,1452,1452,22000,22000,13200,17600,352,,2904,145200,26400,,105600,136400,79200,48400,30800,22000,13200,8800,26400,22000,193600,198000,66000,39600,44000,44000,22000,35200,13200,8800
,"Thalassiosira spp.3 (small, <10µm)",61600,22000,8800,1452,22000,13200,4400,13200,22000,,48400,39600,35200,39600,92400,39600,88000,57200,17600,,44000,,,1452,1452,26400,352,1452,2904,5852,30800,8800,30800,13200,17600,35200,22000,26400,13200,,17600,1452,1452,1452,8800,1452,30800,17600,22000,13200,8800,,5852,2904,,2904,,8800,22000,35200,83600,246400,13200,66000,8800,13200,8800,8800,35200,8800,26400,8800,52800,48400,22000,48400,105600,44000,13200,8800,875600,435600,96800,5742000,6952000,48400,5504400,5557200,242000,30800,52800,79200,48400,286000,123200,70400,39600,48400,74800,22000,114400,70400,13200,8800,13200,13200,35200,1452,52800,1452,26400,35200,17600,17600,13200,22000,1452,,13200,13200,325600,3405600,2838000,2618000,154000,193600,35200,13200,8800,,44000,13200,17600,5852,2904,22000,17600,17600,22000,2904,35200,8800,13200,1452,8800,,,8800,1452,,,13200,,13200,,8800,,8800,,,8800,22000,1452,1452,1452,2904,1452,,1452,13200,22000,13200,8800,13200,8800,2904,2904,8800,17600,1452,118800,88000,35200,35200,35200,8800,5852,1452,17600,17600,66000,48400,39600,30800,8800,26400,26400,13200,17600,8800
Thalassiothrix,Thalassiothrix longissima,,,,,,,,,,,,,,,,,,,,,,,,,,,,,,,,,,,,,,,,,,,,,,,,,,,,,,,,,,,,,,,,,,,,,,,,,,,,,,,,,,,,,,,,,,,,,,,,,,,,,,,,,,,,,,,,,,,,,,,,,,,,,,,,,,,,,,,,,,,,,,,,,,,,,,,,,,,,,,,,,,,,,,,,,,,,,,,,,,,,,,,,,,,,,,,,,,,,,,,,
Trachyneis,Trachyneis aspera,,,,,,,,,,,,,,,,,,,,,,,,,,,,,,,,,,,,,,,,,,,,,,,,,,,,,,,,,,,,,,,,,,,,,,,,,,,,,,,,,,,,,,,,,,,,,,,,,,,,,,,,,,,,,,,,,,,,,,,,,,,,,,,,,,,,,,,,,,,,,,,,,,,,,,,,,,,,,,,,,,,,,,,,,,,,,,,,,,,,,,,,,,,,,,,,,,,,,,,,
Triceratium,Triceratium spp.,,,,,,,,,,,,,,,,,,,,,,,,,,,,,,,,,,,,,,,,,,,,,,,,,,,,,,,,,,,,,,,,,,,,,,,,,,,,,,,,,,,,,,,,,,,,,,,,,,,,,,,,,,,,,,,,,,,,,,,,,,,,,,,,,,,,,,,,,,,,,,,,,,,,,,,,,,,,,,,,,,,,,,,,,,,,,,,,,,,,,,,,,,,,,,,,,,,,,,44,,
Trigonium,Trigonium spp.,,,,,,,,,,,,,,,,,,,,,,,,,,,,,,,,,,,,,,,,,,,,,,,,,,,,,,,,,,,,,,,,,,,,,,,,,,,,,,,,,,,,,,,,,,,,,,,,,,,,,,,,,,,,,,,,,,,,,,,,,,,,,,,,,,,,,,,,,,,,,,,,,,,,,,,,,,,,,,,,,,,,,,,,,,,,,,,,,,,,,,,,,,,,,,,,,,,,,,,,
Toxarium ,Toxarium spp.,,,,,,,,,,,,,,,,,,,,,,,,,,,,,,,,,,,,,,,,,,,,,,,,,,,,,,,,,,,,,,,,,,,,,,,,,,,,,,,,,,,,,,,,,,,,,,,,,,,,,,,,,,,,,,,,,,,,,,,,,,,,,,,,,,,,,,,,,,,,,,,,,,,,,,,,,,,,,,,,,,,,,,,,,,,,,,,,,,,,,,,,,,,,,,,,,,,,,,,,
diatom1,"unknown diatom, six-horn star shape, ~10um)",,,,,,,,,,,,,,,,,,,,,,,,,,,,,,,,,,,,,,,,,,,,,,,,,,,,,,,,,,,,,,,,,,,,,,,,,,,,,,,,,,,,,,,,,,,,,,,,,,,,,,,,,,,,,,,,,,,,,,,,,,,,,,,,,,,,,,,,,,,,,,,,,,,,,,,,,,,,,,,,,,,,,,,,,,,,,,,,,,,,,,,,,,,,,,,,,,,,,,,,
Other diatoms,Other diatoms,,,,,,,,,,,,,,,,,,,,,,,,,,,,,,,,,,,,,,,,,,,,,,,,,,,,,,,,,,,,,,,,,,,,,,,,,,,,,,,,,,,,,,,,,,,,,,,,,,,,,,,,,,,,,,,,,,,,,,,,,,,,,,,,,,,,,,,,,,,,,,,,,,,,,,,,,,,,,,,,,,,,,,,,,,,,,,,,,,,,,,,,,,,,,,,,,,,,,,,,
TOTAL DIATOMS,,3839572,1426304,1450460,681912,839696,1454904,1139864,1736768,1045660,327712,3888764,2827704,2895156,2554860,5690608,4729956,5796032,7027416,1676708,480216,2502368,2141304,2021052,156860,187704,430012,148632,131912,89364,79860,689216,470316,450604,262504,170104,353848,325732,273108,167948,92488,74756,91608,57112,20504,83556,153208,653312,225368,107492,186252,99704,89364,139920,211068,300740,96756,61644,361152,349096,344652,189156,483208,251152,534160,255948,321948,210496,97812,234212,129008,148456,85140,210012,173360,115764,261008,277288,207064,190036,93104,1839200,614460,152592,5881216,7068160,236060,5587428,5593720,391908,214148,109868,111760,96712,497112,218152,177012,167816,139172,136268,127556,7051704,1883552,324104,131516,29700,431156,134112,201960,269412,117260,98208,170456,102960,25256,59048,49808,8492,27808,48664,41492,750508,3977512,3043964,2631156,166144,370260,222860,80916,294008,129140,139216,45320,35464,29964,50644,56012,39512,74448,253836,57068,241604,155848,442156,481844,1125168,921668,1479852,1001264,1399772,1587124,142604,203500,163196,548900,799612,1528956,1391940,1209604,1053140,1138324,86108,95304,57112,44308,36652,24904,57904,23056,16544,34056,71764,69080,90904,48840,44044,30052,9152,171556,81092,67540,749848,1734304,706904,334356,299156,73392,43472,39512,102916,69520,869880,1505064,563904,237908,159148,220044,73656,88836,67804,62612
,,,,,,,,,,,,,,,,,,,,,,,,,,,,,,,,,,,,,,,,,,,,,,,,,,,,,,,,,,,,,,,,,,,,,,,,,,,,,,,,,,,,,,,,,,,,,,,,,,,,,,,,,,,,,,,,,,,,,,,,,,,,,,,,,,,,,,,,,,,,,,,,,,,,,,,,,,,,,,,,,,,,,,,,,,,,,,,,,,,,,,,,,,,,,,,,,,,,,,,,,
Dinoflagellate,,,,,,,,,,,,,,,,,,,,,,,,,,,,,,,,,,,,,,,,,,,,,,,,,,,,,,,,,,,,,,,,,,,,,,,,,,,,,,,,,,,,,,,,,,,,,,,,,,,,,,,,,,,,,,,,,,,,,,,,,,,,,,,,,,,,,,,,,,,,,,,,,,,,,,,,,,,,,,,,,,,,,,,,,,,,,,,,,,,,,,,,,,,,,,,,,,,,,,,,,
Akashiwo,Akashiwo sanguinea,,,,,,,,,,,,,,,,,,,,,,,,,,,,,,,,,,,,,,,,,88,,,,,,,,,,,,,,,,,,,,,88,,,,,,,,,,,,,,,,,,,,,,,,,,,,,,,,,,,,,,,,,,,,44,,,,,,,,,,,,,,,,,,,,,,,,,,,,,,,,,,,,44,,88,,,44,,,,,,,,,,,,,,,,,,,,,,,,,,,,,,,,,,,,,,,,,,,,,,,,,,,,,
Alexandrium,Alexandrium spp.,,,,,,,,44,,,,44,44,2904,44,,,792,44,,352,,,,,,,,44,,,,,,,,,,,,,,,,,,,,,,,,,,,,,,,,,,,,,,44,,,,,,,,,,,,,,,1452,,4400,,,,,,,,,,,,,,,,,,,,,,44,,,,,,,,,,,,,,,44,,,,,44,88,,88,,,,,,,,,,,,,,,,,,,352,,,,,,,,,,352,,,,,,,44,,,,,,44,,,,,,,44,,,,,,,,,,,,,,,,,,,,,,
,Alexandrium tamarense,,,,,,,,,,,,,,,,,,,,,,,,,,,,,,,,,,,,,,,,,,,,,,,,,,,,,,,,,,,,,,,,,,,,,,,,,,,,,,,,,,,,,,,,,,,,,,,,,,,,,,,,,,,,,,,,,,,,,,,,,,,,,,,,,,,,,,,,,,,,,,,,,,,,,,,,,,,,,,,,,,,,,,,,,,,,,,,,,,,,,,,,,,,,,,,,,,,,,,,,
Amphidinium,Amphidinium crassum,,,,,,,,,,,,,,,,,,,,,,,,,,,,,,,,,,,,,,,,,,,,,,,,,,,,,,,,,,,,,,88,352,2904,,,,,,,,,,,,,,,,,,,,,,,,,,,,,,,,,,,,,,,,,,,,,,,,,,,,,,,,,,,,,,,,,,,,,,,,,,,,,,,,,,,,,,,,,,,,,,,,,,,,,,,,,,,,,,,,,,,,,,,,44,,,,,,,44,,,,,,,,,
,Amphidinium carterae,,,,,,,,,,,,,,,,,,,,,,,,,,,,,,,,,,,,,,,,,,,,,,,,,,,,,,,,,,,,,,88,352,,,,,,,,,,,,,,,,,,,,,,,,,,,,,,,,,,,,,,,,,,,,,,,,,,,,,,,,,,,,,,,,,,,,,,,,,,,,,,,,,,,,,,,,,,,,,,,,,,,,,,,,,,,,,,,,,,,,,,,,,,,,,,,,,,,,,,,,,
Ceratium,Ceratium fusus,,,,,,,,,,,,,,,,,,,,,,,,,,,,,,,,,,,,,,,,,,,,,,,,,,,,,,,,,,,,,,,,,,,,,,,,,,,,,,,,,,,,,,,,,,,,,,,,,,,,,,,,,,,,,,,,,,,,,,,,,,,,,,,,,,,,,,,,,,,,,,,,,,,,,,,,,,,,,,,,,,,,,,,,,,,,,,,,,,,,,,,,,,,,,,,,,,,,,,,,
,Ceratium spp.,,,,,,,,,,,,,,,,,,,,,,,,,,,,,,,,,,,,,,,,,,,,,,,,,,,,,,,,,,,,,,,,,,,,,,,,,,,,,,,,,,,,,,,,,,,,,,,,,,,,,,,,,,,44,44,,,,,,,,,,,,,,,,,,,,,,,,,,,,,,,,,44,,,,,,,,,,,,,,,,,,,88,,,,,,,,,,,,,,,,,,,,,,,,,,,,,,,,,,,,,,,,
Cochlodinium,Cochlodinium spp.,,,,,,,,,,,,,,,,,,,,,,,,,,,,,,,,,,,,,,,,,,,,,,,,,,,,,,,,,,,,,,,,,,,,,,,,,,,,,,,,,,,,,,,,,,,,,,,,,,,,,,,,,,2904,,88,,,,352,2904,,44,,,,44,,,,,,88,,88,,,,,,,,,,,,,,,,,,,,,,,,,,,,,,,,,,,,,,,,,,,,,,,,,,,,,,,,,,,,,,,,,,,,,,,,,
Coolia,Coolia spp.,,,,,,,,,,,,,,,,,,,,,,,,,,,,,,,,,,,,,,,,,,,,,,,,,,,,,,,,,,,,,,,,,,,,,,,,,,,,,,,,,,,,,,,,,,,,,,,,,,,,,,,,,,,,,,,,,,,,,,,,,,,,,,,,,,,,,,,,,,,,,,,,,,,,,,,,,,,,,,,,,,,,,,,,,,,,,,,,,,,,,,,,,,,,,,,,,,,,,,,,
Dinophysis,Dinophysis acuminata,,,,,,,,,,,,,,,,,,,,,,,,,,,,,,,,,,,,,,,,,,,,,,,,,,,,,,,,,,,,,88,,,,,,,,,,,,,,,,,,,,704,1452,2904,352,,,,,,,,352,,,,,,,,,,352,,704,,352,,,,,,,,,,,,,,,,,,,,,,,88,88,,,,,,,,,,,,,,,,,,,,,,,,,,,,,,,,,,,,,,,,,,,,,,,,,,,,,,,,,,,,,,,,,,,,,,
,Dinophysis miles,,,,,,,,,,,,,,,,,,,,,,,,,,,,,,,,,,,,,,,,,,,,,,,,,,,,,,,,,,,,,,,,,,,,,,,,,,,,,,,,,,,,,,,,,,,,,,,,,,,,,,,,,,,,,,,,,,,,,,,,,,,,,,,,,,,,,,,,,,,,,,,,,,,,,,,,,,,,,,,,,,,,,,,,,,,,,,,,,,,,,,,,,,,,,,,,,,,,,,,,
,Dinophysis norvegica,,,,,,,,,,,,,,,,,,,,,,,,,,,,,,,,,,,,,,,,,,,,,,,,,,,,,,,,,,,,,,,,,,,,,,,,,,,,,,,,,,,,,,,,,,,,,,,,,,,,,,,,,,,,,,,,,,,,,,,,,,,,,,,,,,,,,,,,,,,,,,,,,,,,,,,,,,,,,,,,,,,,,,,,,,,,,,,,,,,,,,,,,,,,,,,,,,,,,,,,
Diplopsalis,Diplopsalis lenticula,,,,,,,,,,,,,,,,,,,,,,,,,,,,,,,,,,,,,,,,,,,,,,,,,,,,,,,,,,,,,,,,,,,,,,,,,,,,,,,,,,,,,,,,,,,,,,,,,,,,,,,,,,,,,,,,,,,,,,,,,,,,,,,,,,,,,,,,,,,,,,,,,,,,,,,,,,,,,,,,,,,,,,,,,,,,,,,,,,,,,,,,,,,,,,,,,,,,,,,,
Gambierdiscus,Gambierdiscus toxicus,,,,,,,,,,44,,,,,,,,,,,,,,,,,,,,,,,,,,,,,,,,,,,,,,,,,,,,,,,,,,,,,,,,,,,,,,,,,,,,,,,,,,,,,,,,,,,,,,,,,,,352,7304,,,,,,,,,,,,,,,,,,,,,,,,,,,,,,,,,,,,,,,,,,,,,,,,,,,,,,,,,,,,,,,,,,,,,,,,,,,,,,,,,,,,,,,,,,,,,,,,,,
Gonyaulax,Gonyaulax spp.,,,,2904,,,,352,,,88,88,,,,,,,,44,,,,,,,,,,,44,,,,,,,,,,,,,,,,,,,,,,,,,,,,,,,,,,,,,,,,,,,,,,,,,,,,,,44,,,,,,,,,,,,,,,,,,,,,,,,88,,,,,,,,,,,,,88,88,,,,,,,,,,,,,,,,,,,,,,,,,,,,,,,,,,,,,,,,,,,,,,44,,,,,,,,,,,,,,,44,,,,,,,,352,,,,,,,,
,Gonyaulax polygramma,,,,,,,,,,,,,,,,,,,,,,,,,,,,,,,,,,,,,,,,,,,,,,,,,,,,,,,,,,,,,,,,,,,,,,,,,,,,,,,,,,,,,,,,,,,,,,,,,,,,,,,,,,,,,,,,,,,,,,,,,,,,,,,,,,,,,,,,,,,,,,,,,,,,,,,,,,,,,,,,,,,,,,,,,,,,,,,,,,,,,,,,,,,,,,,,,,,,,,,,
,Gonyaulax verior,,,,,,,,,,,,,,,,,,,,,,,,,,,,,,,,,,,,,,,,,,,,,,,88,,,,,,,,44,,,,,,,,,,,,,,,,,,,,,,,,,,,,,,,352,,,,,,,,,,,,,,,,,,,,,,,,,,,,,,,,,,,,,,,,,,,,,,,,,,,,,,,,,,,,,,,,,176,,,,,,,,,,,,,,,,,,,,,,,,,,,,,,,,,,,,,,,,,,,,,,,,,
Gymnodinium,Gymnodinium spp.,2904,,,,,704,88,352,2904,,1452,352,2904,,,2904,,1452,1452,176,17600,,352,,,,,,,,44,,352,,,,,,88,88,5852,2904,17600,88,704,,,5852,352,2904,,,1452,,,,352,,,,17600,26400,83600,22000,26400,79200,2904,2904,8800,13200,17600,17600,4400,4400,2904,8800,1452,88,,,136400,132000,26400,8800,4400,13200,,13200,,4400,1452,4400,,,1452,,1452,1452,,1452,110000,202400,48400,,,13200,2904,704,4400,,13200,17600,1452,,,352,4400,,,2904,8800,83600,39600,44000,,48400,4400,52800,13200,,,2904,,2904,,2904,,1452,1452,,1452,352,35200,,,,2904,1452,1452,2904,,,1452,,,,,2904,,1452,88,2904,,352,2904,2904,,22000,352,2904,88,352,2904,,,,88,,352,,2904,2904,5852,352,352,,2904,10252,88,,,1452,1452,,13200,,2904,,,
Gyrodinium,Gyrodinium instriatum,,,44,,,,,,,2904,,,,,,,,,,,,,,,,,,,,,,,,,,,,,,,,,,,,,,,,,,,,,,,,,,,,,,,2904,,,,,,,,,,,,,,,,,,,,,,,,,,,,,,,,,,,,,352,,,,,,,,,,,,,,,,,,,,,,,,,,,,,,,,,,,,,,,,,,,,,,,,,,,,,,,,,,,,,44,,,,,,,,,,,,,,,,,,,,,,,,,,,,,,,,,,,,,
,Gyrodinium spirale,,,,,,,,,,,,,,,,,,,,,,,,,,,,,,,,,,,,,,,,,,,88,,,,,44,,,,,,44,,,,,44,,,,44,2904,,88,,,,,,,,,,,,,,,,,,,,88,,,,,,,,,,,,,,,,,,,,,,,,,,,,,,,,,2904,,,,,,,,,,,,,,,,,,,,,,44,,,,,,,,,,,,44,,,,,,,,,,,,,,,,,,,,,,,,,,,,,,,,,,,,,,,,,,,,,,,
Heterocapsa,Heterocapsa triquetra,2904,,,,,,,,,,,,,,,,,,,,1452,,,,,,,,,1452,,,,,,,,,,,,,,,,,,,,,,,,,,,,,,,1452,1452,1452,,1452,8800,,,,,,,,352,,,,,,,224400,110000,8800,,,,,,,,,,,,,,,,,,26400,74800,2904,22000,,1452,704,,,,4400,,,,,,,,,,13200,,8800,,,44000,704,136400,35200,,,,,,,,,2904,,,2904,,,,,,,,,,,,,,,,,,,,,352,,,352,352,352,,352,,,352,,,,,,,,,,,,,352,,,,,,,352,,352,,,352,,,
,Heterocapsa circularisquama,39600,,13200,1452,1452,8800,,1452,704,,17600,8800,17600,,,2904,,1452,704,1452,,13200,,17600,352,,2904,2904,352,,,,,1452,,,1452,,,,,,,,,,704,,1452,352,,,,,,,704,,,,30800,22000,2904,8800,8800,,,,,,,,,,,,,,,,22000,123200,35200,,,,,,1452,,,,,,,,,,,,30800,83600,,17600,17600,136400,171600,,17600,,,,,,1452,2904,,,,,17600,30800,35200,35200,,123200,17600,70400,35200,8800,,,1452,,352,5852,2904,2904,,,,,352,,,,,8800,,,704,,352,,,,,8800,,,13200,8800,13200,2904,13200,,35200,52800,,,8800,8800,,2904,,2904,4400,4400,2904,5852,8800,17600,2904,4400,,,1452,352,1452,,,,,2904,,,,352,352,
Karenia,Karenia brevis-like,,,,,,,,,,,,,,,,,,,,,,,1452,,,,,,,,,,,,,,,,,,,,,,,,,,,,,,,,,,,,,,,,,,,,,,,,,,,,,,,,,,,,,,,,,,,,,,,,,,,,,,,704,352,,,,,,,,,,,,,,,,,,,,,,,,,,,,,,,,,,,,,,,,,,,,,,,,,,,,,,,,,,,,,,,,,,,,,,,,,,,,,,,,,,,,,,,,,,,,,,,,,
Katodinium,Katodinium glaucum,,,,,,,,,,,,,,,,,,,,,,,,,,,,,,,,,,,,,,,,,,,,,,,,,,,,,,,,,,,,,,13200,,,13200,2904,,,,,,,,,,,,,,,14652,17600,2904,4400,2904,,,,,,4400,,,,,,,,,,,4400,352,,352,,,,,,,,,,,,,,,,,,,88,,,352,,,,,,,,,,,,,,,,,,,,,,,,,,,,,,,,,,,,,,,,,,,,,,,,,,,,,,,,,,,,,,,,,,,,,,,,,
Noctiluca,Noctiluca scintillans,,,,,,,,,,,,,,,,,,,,,,,,,,,,,,,,,,,,,,,,,,,,,,,,,,,,,,,,,,,,,,,,,,,,,,,,,,,,,,,,,,,,,,,,,,,,,,,,,,,,,,,,,,,,,,,,,,,,,,,,,,,,,,,,,,,,,,,,,,,,,,,,,,,,,,,,,,,,,,,,,,,,,,,,,,,,,,,,,,,,,,,,,,,,,,,,,,,,,,,,
Oblea ,Oblea rotunda,,,,,,,,,,,,,,,,,,,,,,,,,,,,,,,,,,,,,,,,,,,,,,,,,,,,,,,,,,,,,,,,,,,,,,,,,,,,,,,,,,2904,,,,352,,,352,,,,,,,,,,,,,,352,,,,,,,,352,2904,,88,,,,,,,,,,2904,,,88,2904,,,,,,,,,,88,,,,,,,,,,,,,,,,,,,,44,,,,,,,,,,,,,,,,,,,,,,,,,,,,,,,,,,,,,,,,,,
Oxyrrhis,Oxyrrhis marina,,,,,,,,,,,,,,,,,,,,,,,,,,,,,,,,,,,,,,,,,,,,,,,,,,,,,,,,,,,,,,,,,,,,,,,,,,,,,,,,,,,,,,,,,,,,,,,,,,,,,,,,,,,,,,,,,,,,,,,,,,,,,,,,,,,,,,,,,,,,,,,,,,,,,,,,,,,,,,,,,,,,,,,,,,,,,,,,,,,,,,,,,,,,,,,,,,,,,,,,
Oxytoxum,Oxytoxum spp.,,,,,,,,,,,,,,,,,,,,44,,,,,,,,,,,,,,,,,,,,,,,,,,,,,,,,,,,,,,,,,,,,,,,,,,,,,,,,,,,,,,,,,,,,,,,,,,,,,,,,,,,,,,,,,,,,,,,,,,,,,,,,,,,,,,,,,,,,,,,,,,,,,,,,,,,,,,,,,,,,,,,,,,44,,,,,,,,,,,,,,,,44,,,,,,,,,,,,,,,,,,
Peridiniella,Peridiniella spp.,,,,,,,,,,,,,,,,,,,,,,,,,,,,,,,,,,,,,,,,,88,,,,,,,,,,,,,,,,,,,,,,,,,,,,,,,,,,,,,,,,704,,,,,,,,,,,,,,,,,,,,,,,,,,,,,,,,,,,,,,,,,,,,,,,,,,,,,,,,,,,,,,,,,,,,,,,,,,,,,,,,,,,,,,,,,,,,,,,,,,,,,,,,,,,,,,,,,,,,,,,
Peridinium,Peridinium quinquecorne,,,,,,,,,,,,,,,,,,,,,,,,,,,,,,,,,,,,,,,,,,,,,,,,,,,,,,,,,,,,,,,,,,,,,,,,,,,,,,,,,,,,,,,,,,,,,,,,,,,,,,,352,352,,,,,,,,,,,,,,,,,,,,,,,,,,,,,,,,,,,,,,,,,,,,,,,,,,,,,,,,,,,,,,,,,,,,,,,,,,,,,,,,,,,,,,,,,,,,,,,,
,Pfiesteria-like,,176,,,,,,,,,,,,,,,,352,,,,,,,,,,,,,352,,,,,,,,88,,,,,,,,,,352,,,,,,704,,,,,,,,,,,,,,,,,,,,,,,,88,,22000,22000,,,,,,,,1452,,,,,,,,,,,,,,,,,,,,,,,,,,,,,,,,,10252,,,,2904,,,13200,4400,,,,,,,,,,,2904,,,,,1452,1452,,,,,,,,,,,,,,,,,,,,2904,,,88,,,,,,,,,,2904,,352,,,,2904,,,,,,,,352,,,,,
Pheopolykrikos ,Pheopolykrikos hartmannii,,,,,,,,,,,,,,,,,,,,,,,,,,,,,,,,,,,,,,,,,,,,,,,,,,,,,,,,,,,,,,,,,,,,,,,,,,,,,,,,,,,,,,,,,,,,,,,,,,,,,,,,,,,,,,,,,,,,,,,,,,,,,,,,,,,,,,,,,,,,,,,,,,,,,,,,,,,,,,,,,,,,,,,,,,,,,,,,,,,,,,,,,,,,,,,,,,,,,,,,
Polykrikos,Polykrikos spp.,,,,,,,,,,,,,,,,,,,,,,,,,,,,,,,,,,,,,,,,,,,,,,,,44,,,,,,,,,,,,,,,,,44,,,,,,,,,,,,,,,,88,,,,,,,,,,,44,,,,,,,,,176,10252,5852,,,2904,,,88,,,,,,,,,,,,,,,,,,,88,,,,,,,,,,,,,,,,,,,,,,,,,,,,,,,,,,,,,,,,,,,,,,,44,,,,,,,44,,,,,,,,,,,,,,,,,,
Polykrikos,Polykrikos schwarzii,,,,,,,,,,,,,,,,,,,,,,,,,,,,,,,,,,,,,,,,,,,,,,,,,,,,,,,,,,,,,,44,5852,,,,,,,,,,,,,,,,,,,,,,,,,,,,,,,,,,,,,,,,,,,,,,,,,,,,,,,,,,,,,,,,,,,,,,,,,,,,,,,,,,,,,,,,,,,,,,,,,,,,,,,,,,,,,,,,,,,,,,,,,,,,,,,,,,,,,,,,,
Prorocentrum,Prorocentrum balticum,,,,,,,,,,,,,,,,,,,,,,,,,,,,,,,,,,,,,,,,,,,,,,,,,,,,,,,,,,,,,,,,,,,44,,,,,,,,,,,,,,,,,,,,,,,,,,,,,,,,,,704,,,,,,,,,,,,,,,,,,,,,,,,,,,,,,,,,,,,,,,,,,,,,,,,,,,,,,,,,,,,,,,,,,,,,,,,,,,,,,,,,,,,,,,,,,,,,,,,,,,
,Prorocentrum concavum,,44,88,,,,,,,,,,,,,44,,,,,,,,,,,,,,,,,,,,,,,,,,,,,,,,,,,,,,,,,,,,,,,88,,,,,,,,,,,,,,,,,,,,,88,352,2904,2904,352,13200,704,,,,,,,,,176,,,2904,,,,1452,44,,704,,,,,,,,,,,,,88,,,,,,2904,,,,,,,,,,,,,,,,,,,,352,,,,,,,,,,,,,,,,,,,,,,,,,,,,,,,,,,,,,,,,,,,,,,,,,,,,
,Prorocentrum dentatum(=P. donghaiense),,,,,,,,,,,,,,,,,,,,,,,,,,,,,,,,,,,,,,,,,,,,,,,,,,,,,,,,,,,,,,,,,,,,,,,,,,,,,,,,,,,,,,,,,,,,,,,,,,,,,,,,,,,,,,,,,,,,,,,,,,,,,,,,,,,,,,,,,,,,,,,,,,,,,,,,,,,,,,,,,,,,,,,,,,,,,,,,,,,,,,,,,,,,,,,,,,,,,,,,
,Prorocentrum lima,,,,,,,,,,,,,,,,,,,,,,,,,,,,,,,,,,,,,,,,,,,,,,,,,,,,,,,,,,,,,,,,,,,,,,,,,,,,,,,,,,,,,,,,,,,,,,,,,,,,,,,,,,,,,,,,,,,,,,,,,,,,,,,,,,,,,,,,,,,,,,,,,,,,,,,,,,,,,,,,,,,,,,,,,,,,,,,,,,,,,,,,,,,,,,,,,,,,,,,,
,Prorocentrum mexicanum,,,,,,,,,,,,,,,,,,,,,,,,,,,,,,,,,,,,,,,,,,,,,,,,,,,,,,,,,,,,,,,,,44,,,,,,,,,,,,,,,,,,,2904,352,,,,,,,,,,,,,,,,,,2904,,44,17600,,704,,,,,,,,,,,,,,88,1452,13200,44,,,,,,,,,,,,,,,,,,,,,88,,,,,,,,,,,,,,,,,44,,,,,,,,,,,,,,,,,,,,,,,,,,,,,,,,,,,,,
,Prorocentrum micans,,,,,,,,,,,,,,,,,,,,,,,,,,,,,,,,,,,,,,,,,,,,,,,,,,,,,,,,,,,,,,,,,,,,,,,,,,,,,,,,,,,,,,,,,,,,,,,,,,,,,,,,,,,,,,,,,,,,,,,,,,,,,,,,,,,,,,,,,,,,,,,,,,,,,,,,,,,,,,,,,,,,,,,,,,,,,,,,,,,,,,,,,,,,,,,,,,,,,,,,
,Prorocentrum minimum,,,,,,,,,,,,,,,,,,,,,,,,,,,,,,,,,,,,,,,,,,,,,,,,,,,,,,,,,,,,,,,,,704,,,,,,,,,,,,,,,,8800,13200,17600,4400,13200,,,1452,13200,,1452,,,,,,,,,,13200,184800,26400,22000,19052,13200,22000,2904,2904,1452,,13200,,,,,,,,,,22000,1452,17600,13200,44000,17600,13200,,,,,,,,1452,,,,,1452,1452,35200,,,,,,,,4400,,,,,,,,,704,,176,,,,,,,,,,,,,,,,,,,2904,352,,,,,,,,,,,352,,,,,,,
,Prorocentrum sigmoides,,,,,,,,,,,,,,,,,,,,,,,,,,,,,,,,,,,,,,,,,,,,,,,,,,,,,,,,,,,,,,,,,,,,,,,,,,,,,,,,,,,,,,,,,,,,,,,,,,,,,,,,,,,,,,,,,,,,,,,,,,,,,,,,,,,,,,,,,,,,,,,,,,,,,,,,,,,,,,,,,,,,,,,,,,,,,,,,,,,,,,,,,,,,,,,,,,,,,,,,
,Prorocentrum triestinum,,,,,,,,,,,,,,,,,,,,,,,,,,,,,,,,,,,,,,,,,,,,,,,,,,,,,,,,,,,,,,,2904,,,,,,,,,,,,,,,,,,136400,83600,30800,96800,4400,2904,2904,8800,1452,4400,1452,,4400,,,,,1452,352,,17600,74800,8800,13200,2904,13200,8800,,8800,1452,8800,4400,,,,,,,,352,1452,70400,39600,30800,88,26400,17600,8800,,1452,2904,,352,,,5852,,,,,1452,,,,,,,17600,,704,,,,,,,,,,,176,352,,,,,,,,,,,,176,,,,,,,,,,,,,,,,44,,,,,,,,,,
,Prorocentrum spp.,,,,,,,,,,,,,,,,,,,,,,,,,,,,,,,,,,,,,,,,,,,,,,,,,,,,,,,,,,,,,,,,,,,,,,,,,,,,,,,,,,,,,,,,,,,,,,,,,,,,,,,,,,,,,,,,,,,,,,,,,,,,,,,,,,,,,,,,,,,,,352,,,,,,,,,,,,,,,,,,,,,,,,,,88,,,,,,,,,,,,,,,,,,,,,,,,,,,,,44,,,,
TOTAL PROROCENTRUM,,0,44,88,0,0,0,0,0,0,0,0,0,0,0,0,44,0,0,0,0,0,0,0,0,0,0,0,0,0,0,0,0,0,0,0,0,0,0,0,0,0,0,0,0,0,0,0,0,0,0,0,0,0,0,0,0,0,0,0,0,0,0,2992,0,748,0,44,0,0,0,0,0,0,0,0,0,0,0,0,0,145200,96800,48400,104192,18304,5808,5808,10604,27852,5104,2904,0,4400,0,0,0,0,1452,528,0,31504,262504,38104,35200,22000,45452,30844,3608,12408,2904,8800,17600,0,0,0,0,0,0,0,352,1452,92576,42504,61600,13332,70400,35200,24904,0,1452,2904,0,352,0,0,7304,0,0,0,0,3256,1452,35200,0,0,88,0,17952,0,704,4400,0,0,0,0,0,0,0,0,704,176,528,44,0,0,0,88,0,0,0,0,0,0,176,0,0,0,0,0,0,2904,352,0,0,0,0,0,0,0,44,0,0,352,0,0,44,0,0,0,0
Protoperidinium,Protoperidinium bipes,,,,,,,,,,,,,,,,,,,,,,,,,,,,,,,,,,,,,,,,,,,,,,,,,,,,,,,,,,,,,,,,,,,,,,,,,,,,,,,,,,,,,,,,,,,,,,,,,,,,,,,,,,,,,,,,,,,,,,,,,,,,,,,,,,,,,,,,,,,,,,,,,,,,,,,,,,,,,,,,,,,,,,,,,,,,,,,,,,,,,,,,,,,,,,,,,,,,,,,,
,Protoperidinium conicum,,,,,,,,,,,,,,,,,,,,,,,,,,,,,,,,,,,,,,,,,,,,,,,,,,,,,,,,,,,,,,,,,,,,,,,,,,,,,,,,,,,,,,,,,,,,,,,,,,,,,,,,,,,,,,,,,,,,,,,,,,,,,,,,,,,,,,,,,,,,,,,,,,,,,,,,,,,,,,,,,,,,,,,,,,,,,,,,,,,,,,,,,,,,,,,,,,,,,,,,
,Protoperidinium depressum,,,,,,,,,,,,,,,,,,,,,,,,,,,,,,,,,,,,,,,,,,,,,,,,,,,,,,,,,,,,,,,,,,,,,,,,,,,,,,,,,,,,,,,,,,,,,,,,,,,,,,,,,,,,,,,,,,,,,,,,,,,,,,,,,,,,,,,,,,,,,,,,,,,,,,,,,,,,,,,,,,,,,,,,,,,,,,,,,,,,,,,,,,,,,,,,,,,,,,,,
,Protoperidinium oblongum,,,,,,,,,,,,,,,,,,,,,,,,,,,,,,,,,,,,,,,,,,,,,,,,,,,,,,,,,,,,,,,,,,,,,,,,,,,,,,,,,,,,,,,,,,,,,,,,,,,,,,,,,,,,,,,,,,,,,,,,,,,,,,,,,,,,,,,,,,,,,,,,,,,,,,,,,,,,,,,,,,,,,,,,,,,,,,,,,,,,,,,,,,,,,,,,,,,,,,,,
,Protoperidinium oceanicum,,,,,,,,,,,,,,,,,,,,,,,,,,,,,,,,,,,,,,,,,,,,,,,,,,,,,,,,,,,,,,,,,,,,,,,,,,,,,,,,,,,,,,,,,,,,,,,,,,,,,,,,,,,,,,,,,,,,,,,,,,,,,,,,,,,,,,,,,,,,,,,,,,,,,,,,,,,,,,,,,,,,,,,,,,,,,,,,,,,,,,,,,,,,,,,,,,,,,,,,
,Protoperidinium spp.,,,,,,,,,,,,,,44,,,44,,,,,,,,,,,,,,,,,,,,,,,,,,,,,,,,,,,,,,,,,,,,,,,,,,,,,,,,,,,,,,,,,,,,,,,,,88,,,,,,,,,,,,,,,,44,,,,,,,,,,,,,44,,,,,,,44,1452,88,,,,,,,,,,88,,,,,,,,2904,,352,,,44,,,,,,,,,,,,,,,,44,,,,,,,,,,,,,,,,,,,,,,,,,,,,,,,,,
Scrippsiella,Scrippsiella sp.,,88,1452,,2904,,,,,,5852,88,,,,,352,,,,22000,352,1452,,,,,,,,2904,352,,,,,,,88,1452,,,,,2904,,2904,,,88,,,,,,,1452,,2904,,30800,198000,242000,39600,26400,22000,,,,,,8800,4400,4400,,,,,,,39600,30800,8800,8800,,2904,,,,1452,,,,,,,,,,,57200,57200,,1452,,35200,352,352,2904,,,,,,,,,,,,,2904,,,,352,352,26400,,2904,,,,,,,,,,,,,,,,,2904,22000,,,,,,,,,,,,,,176,,,,,88,44,44,44,88,,,,,,,,,,2904,352,352,352,,,352,,,,,,352,,,,,,,
Other dinoflagellates,other dinoflagellates,,,,,,,,,,,,,,,,,,,,,,,,,,,,,,,,,,,,,,,,,,,,,,,,,,,,,,,,,,,,,,,,,,,,,,,,,,,,,,,,,,,,,,,,,,,,,,,,,,,,,,,,,,,,,,,,,,,,,,,,,,,,,,,,,,,,,,,,,,,,,,,,,,,,,,,,,,,,,,,,,,,,,,,,,,,,,,,,,,,,,,,,,,,,,,,,,,,,,,,,
,cysts of Lingulodinium polyedra,,,,,,,,,,,,,,,,,,,,,,,,,,,,,,,,,,,,,,,,,,,,,,,,,,,,,,,,,,,,,,,,,,,,,,,,,,,,,,,,,,,,,,,,,,,,,,,,,,,,,,,,,,,,,,,,,,,,,,,,,,,,,,,,,,,,,,,,,,,,,,,,,,,,,,,,,,,,,,,,,,,,,,,,,,,,,,,,,,,,,,,,,,,,,,,,,,,,,,,,
,cysts,,,,,,,,,,,,,,,,,,,,,,,,,,,,,,,,,,,,,,,,,88,,,,,,,,,,,,,,,,,,,,,,,,,1452,,,,,,,,,,,,,,,,,,,,,,,,,,,,,,,,,,,,,,,,,,,,,,,,,,,,,,,,,,,,,,,,,,,,2904,,,,,,,,,,,,,,,,,,,,,,,,,,,,,,,,,,,,88,,,,,,,,,,,,,,,,,,,,,,,,,,,,,,
TOTAL DINOFLAGELLATES,,45408,308,14784,4356,4356,9504,88,2200,3608,2948,24992,9372,20548,2948,44,5852,396,4048,2200,1716,41404,13552,3256,17600,352,0,2904,2904,396,1452,3344,352,352,1452,0,0,1452,0,264,1540,6116,2904,17688,88,3608,0,3696,5940,2156,3344,0,0,1452,44,748,0,2508,0,2948,0,80740,261360,339548,76208,79948,114444,2992,2904,8800,13200,17600,26400,8800,9152,2904,8800,1452,88,88,0,605748,538208,133408,130944,25652,22704,5808,23804,29656,12496,8756,4796,4400,0,1452,0,1452,2904,528,1452,256432,703868,96668,77308,39952,237996,206448,4796,37488,2904,26752,38456,4356,88,1496,3256,4400,0,2992,3256,41096,209968,136444,143792,13420,286440,63228,313984,83776,26444,7304,2904,1804,5808,352,16060,2904,7436,1452,0,7700,4752,70752,88,0,2992,7304,52360,1452,3608,5324,0,1848,0,0,0,0,12100,0,2244,13464,12760,13288,3256,16500,3300,35772,77748,792,3036,9108,9504,2904,3080,44,2904,4488,4444,3256,5852,20416,21296,9460,5192,704,0,7612,10604,1540,44,44,2156,2156,3256,13552,44,3256,352,352,0
,,,,,,,,,,,,,,,,,,,,,,,,,,,,,,,,,,,,,,,,,,,,,,,,,,,,,,,,,,,,,,,,,,,,,,,,,,,,,,,,,,,,,,,,,,,,,,,,,,,,,,,,,,,,,,,,,,,,,,,,,,,,,,,,,,,,,,,,,,,,,,,,,,,,,,,,,,,,,,,,,,,,,,,,,,,,,,,,,,,,,,,,,,,,,,,,,,,,,,,,,
Chlorophyte,Scenedesmus spp.,,,,,,,,,,,,,,,,,,,,,,,,,,,,,,,,,,,,,,,,,,,,,,,,,,,,,,,,,,,,,,,,,,,,,,,,,,,,,,,,,,,,,,,,,,,,,,,,,,,,,,,,,,,,,,,,,,,,,,,,,,,,,,,,,,,,,,,,,,,,,,,,,,,,,,,,,,,,,,,,,,,,,,,,,,,,,,,,,,,,,,,,,,,,,,,,,,,,,,,,
,Scenedesmus dimorphus,,,,,,,,,,,,,,,,,,,,,,,,,,,,,,,,,,,,,,,,,,,,,,,,,,,,,,,,,,,,,,,,,,,,,,,,,,,,,,,,,,,,,,,,,,,,,,,,,,,,,,,,,,,,,,,,,,,,,,,,,,,,,,,,,,,,,,,,,,,,,,,,,,,,,,,,,,,,,,,,,,,,,,,,,,,,,,,,,,,,,,,,,,,,,,,,,,,,,,,,
,,,,,,,,,,,,,,,,,,,,,,,,,,,,,,,,,,,,,,,,,,,,,,,,,,,,,,,,,,,,,,,,,,,,,,,,,,,,,,,,,,,,,,,,,,,,,,,,,,,,,,,,,,,,,,,,,,,,,,,,,,,,,,,,,,,,,,,,,,,,,,,,,,,,,,,,,,,,,,,,,,,,,,,,,,,,,,,,,,,,,,,,,,,,,,,,,,,,,,,,,
Raphidophyte,Chattonella antiqua,,,,,,,,,,,,,,,,,,,,,,,,,,,,,,,,,,,,,,,,,,,,,,,,,,,,,,,,,,,,,,,,,,,,,,,,,,,,,,,,,,,,,,,,,,,,,,,,,,,,,,,,,,,,,,,,,,,,,,,,,,,,,88,,,,,,,,,,,,,,,,,,,,,,,,,,,,,,,,,88,,,,,,,,,,,,,,,,,,,,,,,,,,,,,,,,,,,,,,,,,,
,Chattonella marina,,,,,,,,,,,,,,,,,,,,,,,,,,,,,,,,,,,,,,,,,,,,,,,,,,,,,,,,,,,,,,,,,,,,,,,,,,,,,,,,,,,,,,,,,,,,,,,,,,,,,,,,,,,,,,,,,,,,,,,,,,,352,,,,,,,,,,,,,,,,,,,,,,,,,,,,,,,,,,,,,,,1452,,,,,,,,,,,,,,,,,,,,,,,,,,,,,,,,,,,,,,
,Chattonella spp.,,,,,,,,,704,,,352,,,,,,,,,,,,,,,,,,352,352,1452,,,,,,,,352,,,,,,,,,,,,,,,,,,,88,,,,,,352,,,,,,2904,,,,,,,,,,1452,,1452,,,,,,,,,,,,,,,,,,,,,,,,,,,,,,,,,,,,,,,,,,,,,,,,,,,,,,,,,,,,,,,,,,,,,,,,,,,,,,,,,,,,,,,,,,,,,,,,,,,,,,,,,,,,,,,,,,,,,
,Gonyostomum semen,,,,,,,,,,,,,,,,,,,,,,,,,,,,,,,,,,,,,,,,,,,,,,,,,,,,,,,,,,,,,,,,,,,,,,,,,,,,,,,,,,,,,,,,,,,,,,,,,,,,,,,,,,,,,,,,,,,,,,,,,,,,,,,,,,,,,,,,,,,,,,,,,,,,,,,,,,,,,,,,,,,,,,,,,,,,,,,,,,,,,,,,,,,,,,,,,,,,,,,,
,Heterosigma akashiwo,,,,,,,,,,,,,,,,,,,,,,,,,,,,,,,,,,,,,,,,,70400,338800,202400,127600,39600,26400,,2904,704,,,145200,30800,13200,,88000,114400,8800,2904,,206800,369600,35200,22000,,,,,,,8800,8800,,,,,,,,,2904,,,,,,,,2904,,,,,,,,,,,,,,,,,,,,1452,,,,,,,,,,,,,,,,,,,,,1452,1452,,,,,,,,,352,,,,,,,,,,,,,,,,,,,,,,,,,,,,,,88,,,,,,,,,,,,,,,,,,,,,,,,,,,,,,
,,,,,,,,,,,,,,,,,,,,,,,,,,,,,,,,,,,,,,,,,,,,,,,,,,,,,,,,,,,,,,,,,,,,,,,,,,,,,,,,,,,,,,,,,,,,,,,,,,,,,,,,,,,,,,,,,,,,,,,,,,,,,,,,,,,,,,,,,,,,,,,,,,,,,,,,,,,,,,,,,,,,,,,,,,,,,,,,,,,,,,,,,,,,,,,,,,,,,,,,,
Silicoflagellate,Dictyocha speculum,,,,,,,,,,,,,,,,,,,,,,,,,,,,,,88,,,,,,,,,,,10252,26400,22000,22000,13200,2904,,,352,,10252,13200,1452,1452,,17600,35200,,,,352,22000,4400,,1452,352,88,,,,352,1452,8800,352,2904,,,,,,,,,,,,,,,,704,,,,352,,,,,,,,,,,,,,,,,,,,,,,,,,,,,,,,,,,,,,,,,,,,,,,,,,,,,,,,,,,,,88,,,,,,,,,,,,,,,,,,,,,,,,,,,,,,,,,,,,,,,,,,,,
,Dictyocha fibula,,,,,,,,,,,,,,,,,,,,,,,,,,,,,,,,,,,,,,,,,,,,,,,,,,,,,,,,,352,,,,,,,,,,,,,,,,,,,,,,,,,,,,,,,,,,,,,,,,,,,,,,,,,,,,,,,,,,,,,,,,,,,,,,,,,,,,,,,,,,,,,,,,,,,,,,,,,,,,,,,,,,,,,,,,,,,,,,,,,,,,,,,,,,,,,,,,,,,,,,,
,Ebria tripartita,,,,,,,,,,,,,,,,,,,,,,,,,,,,,,,,,,,,,,,,,,,,,,,,,,,,,,,,,,,,,,,,,,,,,,,,,,,,,,,,,,,,,,,,,,,704,,,,,,,,,,,,,352,,,,,,,,,,,,,,,,,,,,88,,,,,,,88,,,88,,,,,,,352,,,,,,,,,,,,,,,,,,,,,,,,44,,,,,,,,,,,,,,,,,,,,,,88,,,,,,,,,,,,,
,,,,,,,,,,,,,,,,,,,,,,,,,,,,,,,,,,,,,,,,,,,,,,,,,,,,,,,,,,,,,,,,,,,,,,,,,,,,,,,,,,,,,,,,,,,,,,,,,,,,,,,,,,,,,,,,,,,,,,,,,,,,,,,,,,,,,,,,,,,,,,,,,,,,,,,,,,,,,,,,,,,,,,,,,,,,,,,,,,,,,,,,,,,,,,,,,,,,,,,,,
Prasinophyte,Pyramimonas spp.,,,,,,,,,,,,,352,,,,,,,,66000,110000,13200,,,,,2904,,,,,,,,,88,,,,,,,22000,,,,,,,,,,,,,,,,,704,22000,110000,259600,114400,30800,83600,22000,,,,,,,,,,,352,,8800,17600,13200,88000,35200,30800,,198000,17600,,,1452,,,,,,,,,242000,,,,,,35200,352,26400,,,,,,,,,,,,17600,22000,374000,1034000,70400,1452,13200,66000,26400,,,,,,,,,,1452,,,,,,704,,,8800,,,,704,,352,,,,,,,352,4400,704,,2904,352,13200,17600,,,352,,,,,,,,,,352,2904,13200,352,704,2904,352,1452,,44,4400,,1452,352,2904,1452,,,,
,Halosphaera spp.,,,,,,,,,,,,,,,,,,,,,,,,,,,,,,,,,,,,,,,,,,,,,,,,,,,,,,,,,,,,,,,,,,,,,,,,,,,,,,,,,,,,,,,,,,,,,,,,,,,,,,,,,,,,,,,,,,,,,,,,,,,,,,,,,,,,,,,,,,,,,,,,,,,,,,,,,,,,,,,,,,,,,,,,,,,,,,,,,,,,,,,,,,,,,,,,,,,,,,,,
,,,,,,,,,,,,,,,,,,,,,,,,,,,,,,,,,,,,,,,,,,,,,,,,,,,,,,,,,,,,,,,,,,,,,,,,,,,,,,,,,,,,,,,,,,,,,,,,,,,,,,,,,,,,,,,,,,,,,,,,,,,,,,,,,,,,,,,,,,,,,,,,,,,,,,,,,,,,,,,,,,,,,,,,,,,,,,,,,,,,,,,,,,,,,,,,,,,,,,,,,
Cryptophyte,Hemiselmis spp.,,,,,,,,,,,,,,,,,,,,,,,,,,,,,,,,,,,,,,,,,,,,,,,,,,,,,,,,,,,,,,,,,,,,,,,,,,,,,,,,,,,,,,,,,,,,,,,,,,,,,30800,,,,,,,,,,,,,,,,,,,,,,,,,,,,13200,,,,,,,,,,,,,,,,,,,,,,,,,,,,,,,,,22000,,,,,,,,,,,,,,,,,,,,,,,,,,,,,,,,,,,,,,
,Rhodomonas spp.,,,,,,,,,,,,,,,,,,,,,,,,,,,,,,,1452,,,,,,,,,,,,,,,,,,,,,,,,,,,,,,,22000,,,22000,,96800,,352,352,,,,,,,,,2904,,1452,,,,,,,,,,,,,,,,,,,,,,,,,,,,8800,,2904,,,,,,,,,,,,,,,,,,,,,,,,,,,,,,,,,,,,,,,,,,,,,,,,,,,,,,,,,,,,2904,,,,,,,,,,,,,,,,,,,,,,1452,,,1452,,88,,
,Teleaulax spp.,26400,26400,17600,1452,26400,8800,17600,1452,1452,17600,39600,26400,13200,8800,13200,8800,8800,13200,,17600,17600,114400,44000,8800,17600,5852,22000,17600,1452,,17600,8800,26400,1452,1452,13200,,17600,2904,,704,,,,1452,13200,17600,8800,8800,,,,,,13200,39600,39600,,,,57200,26400,,13200,13200,92400,,70400,17600,22000,,,8800,,,,1452,,26400,1452,70400,22000,17600,66000,17600,48400,17600,264000,44000,17600,22000,8800,2904,154000,,2904,8800,17600,,2904,550000,506000,30800,39600,96800,123200,105600,44000,114400,13200,30800,22000,8800,2904,,17600,8800,2904,,1452,39600,242000,66000,330000,17600,22000,4400,110000,17600,1452,17600,22000,2904,1452,,1452,,1452,,,8800,1452,70400,2904,,,1452,13200,1452,,8800,,8800,,,704,,,,,13200,26400,4400,,13200,22000,66000,22000,8800,22000,26400,8800,,2904,1452,1452,,2904,8800,8800,26400,22000,26400,13200,13200,,,1452,,352,22000,198000,17600,13200,1452,,26400,1452,1452,352
TOTAL CRYPTOPHYTE,,26400,26400,17600,1452,26400,8800,17600,1452,1452,17600,39600,26400,13200,8800,13200,8800,8800,13200,0,17600,17600,114400,44000,8800,17600,5852,22000,17600,1452,0,19052,8800,26400,1452,1452,13200,0,17600,2904,0,704,0,0,0,1452,13200,17600,8800,8800,0,0,0,0,0,13200,39600,39600,0,0,0,57200,48400,0,13200,35200,92400,96800,70400,17952,22352,0,0,8800,0,0,0,1452,0,29304,1452,71852,22000,17600,66000,17600,48400,17600,264000,44000,17600,22000,8800,2904,154000,0,2904,8800,17600,0,2904,580800,506000,30800,39600,96800,123200,105600,44000,123200,13200,33704,22000,8800,2904,0,17600,8800,2904,0,1452,39600,242000,66000,330000,17600,22000,4400,110000,30800,1452,17600,22000,2904,1452,0,1452,0,1452,0,0,8800,1452,70400,2904,0,0,1452,13200,1452,0,8800,0,8800,0,0,704,0,0,0,0,13200,48400,4400,0,13200,22000,66000,22000,8800,22000,29304,8800,0,2904,1452,1452,0,2904,8800,8800,26400,22000,26400,13200,13200,0,0,1452,0,352,22000,198000,19052,13200,1452,1452,26400,1540,1452,352
,,,,,,,,,,,,,,,,,,,,,,,,,,,,,,,,,,,,,,,,,,,,,,,,,,,,,,,,,,,,,,,,,,,,,,,,,,,,,,,,,,,,,,,,,,,,,,,,,,,,,,,,,,,,,,,,,,,,,,,,,,,,,,,,,,,,,,,,,,,,,,,,,,,,,,,,,,,,,,,,,,,,,,,,,,,,,,,,,,,,,,,,,,,,,,,,,,,,,,,,,
Ochrophyte (diatoms excluded),Ochromonas spp.,17600,8800,105600,105600,13200,149600,105600,61600,8800,61600,149600,110000,105600,105600,105600,17600,286000,136400,8800,105600,286000,154000,154000,154000,17600,110000,66000,22000,154000,61600,110000,242000,66000,22000,242000,110000,154000,286000,154000,61600,61600,61600,70400,22000,110000,17600,17600,66000,8800,,61600,105600,105600,8800,61600,105600,61600,61600,17600,8800,,61600,61600,17600,17600,17600,237600,8800,17600,8800,,61600,,61600,,61600,61600,61600,17600,,1029600,550000,550000,154000,35200,70400,8800,176000,594000,,462000,35200,154000,374000,154000,66000,,44000,13200,,,374000,154000,,26400,237600,17600,17600,105600,8800,2904,369600,22000,17600,374000,110000,22000,17600,8800,,,66000,198000,110000,,22000,,17600,,17600,13200,66000,,110000,2904,17600,,17600,,,66000,,,,,,,17600,,,22000,61600,,,,,61600,,,,1452,22000,110000,1452,1452,26400,17600,17600,13200,,,61600,,7304,13200,2904,13200,,,,,8800,2904,2904,2904,2904,1452,,,,8800,8800,8800,,,2904,,,,
,Ochromonas danica,,,,,,,,,,,,,,,,,,,,,,,,,,,,,,,,,,,,,,,,,,,,,,,,,,,,,,,,,,,,,,,,,,,,,,,,,,,,,,,,,,,,,,,,,,,,,,,,,,,,,,,,,,,,,,,,,,,,,,,,,,,,,,,,,,,,,,,,,,,,,,,,,,,,,,,,,,,,,,,,,,,,,,,,,,,,,,,,,,,,,,,,,,,,,,,,,,,,,,,,
,,,,,,,,,,,,,,,,,,,,,,,,,,,,,,,,,,,,,,,,,,,,,,,,,,,,,,,,,,,,,,,,,,,,,,,,,,,,,,,,,,,,,,,,,,,,,,,,,,,,,,,,,,,,,,,,,,,,,,,,,,,,,,,,,,,,,,,,,,,,,,,,,,,,,,,,,,,,,,,,,,,,,,,,,,,,,,,,,,,,,,,,,,,,,,,,,,,,,,,,,
Haptophyte,Chrysochromulina polylepis,,,,,,,,,,,,,,,,,,,,,,,,,,,,,,,,,,,,,,,,,,,,,,,,,,,,,,,,,,,,,,,,,,,,,,,,,,,,,,,,,,,,,,,,,,,,,,,,,,,,,,,,,,,,,,,,,,,,,,,,,,,,,,,,,,,,,,,,,,,,,,,,,,,,,,,,,,,,,,,,,,,,,,,,,,,,,,,,,,,,,,,,,,,,,,,,,,,,,,,,
,Chrysochromulina sp.,,,,,,,,,,,,,,,,,,,,,,,,,,,,,,,,,,,,,,,,,,,,,,,,,,,,,,,,,,,,,,,,,,,,,,,,,,,,,,,,,,,,,,,,,,,,,,,,,,,,,,,,,,,,,,,,,,,,,,,,,,,,,,,,,,,,,,,,,,,,,,,,,,,,,,,,,,,,,,,,,,,,,,,,,,,,,,,,,,,,,,,,,,,,,,,,,,,,,,,,
,Phaeocystis globosa,,,,,,,,,,,,,,,,,,,,,,,,,,,,,,,,,,,,,,,,,,,,,,,,,,,,,,,,,,,,,,,,,,,,,,,,,,,,,,,,,,,,,,,,,,,,,,,,,,,,,,,,,,,,,,,,,,,,,,,,,,,,,,,,,,,,,,,,,,,,,,,,,,,,,,,,,,,,,,,,,,,,,,,,,,,,,,,,,,,,,,,,,,,,,,,,,,,,,,,,
,Phaeocystis sp.,,,,,,,,,,,,,,,,,,,,,,,,,,,,,,,,,,,,,,,,,,,,,,,,,,,,,,,,,,,,,,,,,,,,,,,,,,,,,,,,,,,,,,,,,,,,,,,,,,,,,,,,,,,,,,,,,,,,,,,,,,,,,,,,,,,,,,,,,,,,,,,,,,,,,,,,,,,,,,,,,,,,,,,,,,,,,,,,,,,,,,,,,,,,,,,,,,,,,,,,
,,,,,,,,,,,,,,,,,,,,,,,,,,,,,,,,,,,,,,,,,,,,,,,,,,,,,,,,,,,,,,,,,,,,,,,,,,,,,,,,,,,,,,,,,,,,,,,,,,,,,,,,,,,,,,,,,,,,,,,,,,,,,,,,,,,,,,,,,,,,,,,,,,,,,,,,,,,,,,,,,,,,,,,,,,,,,,,,,,,,,,,,,,,,,,,,,,,,,,,,,
Euglenozoa,Eutreptiella spp. ,,,,,,,,,,,,,,,,,,,,,,,,,,,,,,,,,,,,,,,,,,,,,,,,,,,,,,,,,,,,,704,8800,13200,704,352,,352,,,,,,,,,,,,,,,,,,,2904,,2904,1452,,,352,,1452,352,,,,,,343200,594000,48400,2904,,17600,352,,2904,,35200,48400,,352,,,,,,,352,26400,,2904,,704,352,352,2904,,,,,,,,,,,,,,,,,,,2904,,,,,,,,,,,,,,,,,,,352,44,2904,,,,,,,,,,,,352,2904,,,,,,,,,,,,,,,,,,
,,,,,,,,,,,,,,,,,,,,,,,,,,,,,,,,,,,,,,,,,,,,,,,,,,,,,,,,,,,,,,,,,,,,,,,,,,,,,,,,,,,,,,,,,,,,,,,,,,,,,,,,,,,,,,,,,,,,,,,,,,,,,,,,,,,,,,,,,,,,,,,,,,,,,,,,,,,,,,,,,,,,,,,,,,,,,,,,,,,,,,,,,,,,,,,,,,,,,,,,,
Unknown flagellates,Small flagellates,,,,,,,,,,,,,,,,,,,,,,,,,,,,,,,,,,,,,,,,,,,,,,,,,,,704,,,,,,,,,,,22000,17600,17600,,,,,,,,,,,,,,,,,,,,,,,,,,,,,,,,,,,,,,154000,,,,,,,,,,,,,,,,,,,,,,,,,,,,,17600,,,,,,,,,,,,,17600,,,,,,,,,,,,,,,,,,,,,,,,,,,,352,,,,,,,,,,704,,,,2904,1452,352,,,,,,1452,,,,352,,
,,,,,,,,,,,,,,,,,,,,,,,,,,,,,,,,,,,,,,,,,,,,,,,,,,,,,,,,,,,,,,,,,,,,,,,,,,,,,,,,,,,,,,,,,,,,,,,,,,,,,,,,,,,,,,,,,,,,,,,,,,,,,,,,,,,,,,,,,,,,,,,,,,,,,,,,,,,,,,,,,,,,,,,,,,,,,,,,,,,,,,,,,,,,,,,,,,,,,,,,,
unknown1,tear drop (Ochromonas?Tetraselmis?)(4x8 um),,,,,,,,,,,,,,,,,,,,,,,,,,,,,,,,,,,,,,,,,,,,,,,,,,,,,,,,,,,,,,,,,,,,,,,,,,,,,,,,,,,,,,,,,,,,,,,,,,,,,,,,,,,,,,,,,,,,,,,,,,,,,,,,,,,,,,,,,,,,,,,,,,,,,,,,,,,,,,,,,,,,,,,,,,,,,,,,,,,,,,,,,,,,,,,,,,,,,,,,
unknown2,Pear shaped,,,,,,,,,,,,,,,,,,,,,,,,,,,,,,,,,,,,,,,,,,,,,,,,,,,,,,,,,,,,,,,,,,,,,,,,,,,,,,,,,,,,,,,,,,,,,,,,,,,,,,,,,,,,,,,,,,,,,,,,,,,,,,,,,,,,,,,,,,,,,,,,,,,,,,,,,,,,,,,,,,,,,,,,,,,,,,,,,,,,,,,,,,,,,,,,,,,,,,,,
nanoplankton,"small  cells (2-4um), often stained brown",105600,17600,52800,17600,105600,17600,8800,17600,13200,8800,17600,8800,105600,61600,149600,17600,198000,88000,61600,8800,286000,594000,330000,66000,61600,286000,110000,110000,66000,52800,154000,330000,198000,66000,110000,110000,66000,154000,154000,35200,66000,110000,110000,70400,110000,22000,66000,114400,105600,61600,110000,105600,57200,61600,105600,22000,105600,61600,61600,22000,281600,765600,374000,198000,61600,149600,281600,22000,110000,52800,237600,26400,149600,61600,149600,61600,149600,61600,61600,61600,1826000,897600,682000,572000,682000,79200,374000,242000,484000,154000,154000,198000,110000,594000,198000,286000,110000,154000,22000,110000,2398000,418000,110000,286000,374000,374000,237600,105600,193600,105600,594000,422400,242000,198000,242000,154000,110000,22000,8800,13200,242000,1474000,6622000,2002000,330000,858000,286000,506000,110000,110000,154000,198000,66000,330000,110000,110000,22000,110000,17600,17600,330000,105600,198000,110000,22000,13200,105600,110000,154000,17600,154000,70400,66000,61600,17600,17600,66000,66000,61600,61600,52800,154000,66000,17600,2904,8800,22000,61600,8800,52800,57200,198000,61600,,8800,8800,52800,48400,8800,,105600,61600,22000,17600,17600,13200,17600,8800,13200,8800,52800,105600,105600,22000,8800,22000,52800,22000,26400,13200
unknown3,"irregular small dark strain cells (close to a triangle, 2-4um)",,,,,,,,,,,,,,,,,,,,,,,,,,,,,,,,,,,,,,,,,,,,,,,,,,,,,,,,,,,,,,,,,,,,,,,,,,,,,,,,,,,,,,,,,,,,,,,,,,,,,,,,,,,,,,,,,,,,,,,,,,,,,,,,,,,,,,,,,,,,,,,,,,,,,,,,,,,,,,,,,,,,,,,,,,,,,,,,,,,,,,,,,,,,,,,,,,,,,,,,
,Total cell abundance,4034580,1479412,1641244,810920,989252,1640408,1271952,1819620,1073424,418660,4120556,2982628,3140456,2733808,5959052,4779808,6289228,7269064,1749308,613932,3199372,3127256,2565508,403260,284856,831864,349536,287320,311212,196152,975964,1052920,741356,353408,523556,587048,547272,730708,479116,191180,289828,631312,479600,284592,361416,235312,758208,423412,233904,251196,282260,458964,336424,296164,481888,369556,420904,493152,434236,375452,817256,2064568,1206700,1139072,566852,727144,913528,223916,388564,226160,415712,209792,386012,306064,271172,393008,491392,330352,298980,156156,8047556,3911336,1902252,13074512,14993528,803440,11610280,12392556,2058936,647592,901560,485716,476432,2271676,791912,711832,466136,518804,309320,373824,18792576,7989344,1253648,821304,755304,2259356,1213916,628672,1202564,384032,958232,1319824,496232,272448,737088,405328,175384,101024,120912,105952,1923812,10539936,13729672,9420488,808148,2309956,915728,1624656,956472,444576,517484,404448,146696,514536,214896,281952,106832,294272,529628,132088,654456,267652,781308,612436,1147872,937860,1594208,1206128,1556676,1608332,332728,336204,239844,610852,817212,1529748,1519540,1287792,1114740,1202168,167376,338316,251504,66616,73656,85756,212828,219648,51040,111980,167728,347336,155408,62128,67540,46112,79640,227304,101948,82192,902968,1854512,780868,373604,334268,95304,72028,62172,117656,78760,957924,1819620,700964,278168,185856,247896,156112,113080,96008,76164
,,,,,,,,,,,,,,,,,,,,,,,,,,,,,,,,,,,,,,,,,,,,,,,,,,,,,,,,,,,,,,,,,,,,,,,,,,,,,,,,,,,,,,,,,,,,,,,,,,,,,,,,,,,,,,,,,,,,,,,,,,,,,,,,,,,,,,,,,,,,,,,,,,,,,,,,,,,,,,,,,,,,,,,,,,,,,,,,,,,,,,,,,,,,,,,,,,,,,,,,,
,Species #,29,26,25,24,28,26,21,25,27,21,28,30,29,23,21,22,25,27,25,27,31,23,20,15,13,16,16,15,16,17,26,19,16,13,12,16,16,16,24,18,18,16,17,13,17,15,20,23,19,18,14,17,18,17,15,15,16,17,21,13,23,31,28,26,29,24,21,18,24,18,19,19,18,19,17,21,19,17,25,16,29,26,23,29,24,25,20,21,26,22,22,20,13,14,17,17,16,16,18,15,28,29,25,27,18,33,24,23,29,14,20,22,20,18,14,15,15,13,17,16,23,26,24,22,17,28,28,26,21,17,24,19,14,15,15,19,12,23,25,20,26,22,19,20,20,18,25,26,21,22,20,20,17,21,18,24,23,24,19,19,25,28,24,18,22,19,25,21,23,17,26,24,18,18,18,17,14,15,16,11,27,28,25,22,19,20,23,17,17,18,18,21,25,19,20,21,17,21,14,17
SMALL ROUND PARTICLES,,4210580,1558612,1834844,937024,1160852,1825208,1421552,1901724,1099032,524260,4366956,3154580,3378408,2918608,6240652,4832608,6790828,7519864,1819708,763532,3872572,4214056,3150708,640860,399256,1239568,569536,457424,534116,310992,1278420,1643972,1058156,444312,878460,833448,767360,1205908,792924,288332,499488,1168112,884400,548592,637120,330616,877008,624316,366960,312796,464816,828564,531476,381216,675488,681956,817256,625152,516428,406252,1421816,3432968,1822700,1680976,833008,1110296,1710368,417516,552068,332464,665368,308044,562012,429616,423676,516208,705496,453552,437140,220660,11060016,5420536,3184104,14020512,15781128,1083544,12028280,13539460,3246892,836792,1562968,738320,746240,3549128,1144616,1069640,593736,752004,344520,489632,22937376,10541344,1627648,1189760,1349304,3134956,1715868,840224,1778920,524832,1657744,2204224,777832,494208,1353088,704528,324984,146432,138512,122056,2262964,12612336,21056024,13229480,1243836,3236112,1224080,2434608,1157376,576532,739024,712448,218504,957528,327800,412456,128832,424776,548680,150040,1068408,376156,1120108,745844,1170576,951060,1702712,1371832,1713580,1625932,526328,468908,323444,672804,834812,1548844,1647140,1353880,1176340,1263768,248380,616968,437008,85668,107360,165308,397980,360492,93544,208868,283888,624888,217008,75240,92444,60720,145640,281512,128348,99792,1062072,1975424,871772,420860,381876,117216,92972,75680,130856,88308,1067924,2330020,854920,328372,200464,277156,261712,138512,125312,90068